{
    "PSNR": [
        21.39484167098999,
        17.294691801071167,
        15.130888223648071,
        17.59368896484375,
        18.138872385025024,
        18.522833585739136,
        17.77456760406494,
        15.513725280761719,
        14.477872848510742,
        14.391425848007202,
        15.124684572219849,
        17.105472087860107,
        17.358137369155884,
        16.5126371383667,
        17.341036796569824,
        18.278708457946777,
        14.628797769546509,
        14.25571084022522,
        14.584187269210815,
        15.275605916976929,
        15.966722965240479,
        16.37433409690857,
        17.441563606262207,
        16.49673819541931,
        15.021697282791138,
        14.628313779830933,
        15.027135610580444,
        15.819193124771118,
        16.399554014205933,
        15.98750114440918,
        16.557304859161377,
        18.53577494621277,
        16.448934078216553,
        15.048233270645142,
        15.027450323104858,
        15.282641649246216,
        16.222299337387085,
        16.287139654159546,
        17.069830894470215,
        17.579509019851685,
        17.171539068222046,
        16.880720853805542,
        15.879923105239868,
        15.881999731063843,
        16.337990760803223,
        17.19605803489685,
        18.94217014312744,
        16.926212310791016
    ],
    "SSIM": [
        0.8790437579154968,
        0.7340773344039917,
        0.6435091495513916,
        0.7228425741195679,
        0.7355470657348633,
        0.7312002182006836,
        0.725082516670227,
        0.68144291639328,
        0.6061812043190002,
        0.5575469732284546,
        0.5998398661613464,
        0.6910260915756226,
        0.7049578428268433,
        0.6270906925201416,
        0.6606563925743103,
        0.7331787347793579,
        0.6320587396621704,
        0.5603325366973877,
        0.5584172010421753,
        0.5866896510124207,
        0.5983289480209351,
        0.5991947054862976,
        0.6544047594070435,
        0.7141525149345398,
        0.6102349758148193,
        0.5661987066268921,
        0.5658413171768188,
        0.6352710723876953,
        0.6449004411697388,
        0.5957323908805847,
        0.604640007019043,
        0.7276711463928223,
        0.7190107703208923,
        0.5963817834854126,
        0.5889453887939453,
        0.6005551815032959,
        0.6060129404067993,
        0.6040993332862854,
        0.6696788668632507,
        0.7536485195159912,
        0.7141716480255127,
        0.7045568227767944,
        0.6536235809326172,
        0.6874008178710938,
        0.633368968963623,
        0.7189196944236755,
        0.804746150970459,
        0.7278649210929871
    ],
    "MSE": [
        0.007252968847751617,
        0.01864364556968212,
        0.03068394586443901,
        0.01740328222513199,
        0.015350159257650375,
        0.014051306992769241,
        0.016693342477083206,
        0.028094900771975517,
        0.035662584006786346,
        0.03637956082820892,
        0.0307278074324131,
        0.01947389543056488,
        0.018373262137174606,
        0.022322168573737144,
        0.018445754423737526,
        0.014863776974380016,
        0.03444453328847885,
        0.03753435239195824,
        0.034800171852111816,
        0.029678329825401306,
        0.02531208097934723,
        0.023044465109705925,
        0.01802368462085724,
        0.022404029965400696,
        0.031465187668800354,
        0.03444837033748627,
        0.03142581135034561,
        0.02618669532239437,
        0.022911032661795616,
        0.02519126795232296,
        0.0220937579870224,
        0.014009496197104454,
        0.022652000188827515,
        0.03127351403236389,
        0.03142353519797325,
        0.029630281031131744,
        0.0238654725253582,
        0.02351180836558342,
        0.019634369760751724,
        0.01746019348502159,
        0.019179891794919968,
        0.02050822228193283,
        0.025823062285780907,
        0.025810718536376953,
        0.02323811873793602,
        0.01907191053032875,
        0.012758016586303711,
        0.020294522866606712
    ],
    "LPIPS": [
        0.1522272676229477,
        0.2126113623380661,
        0.31748896837234497,
        0.2874360978603363,
        0.23903191089630127,
        0.24095048010349274,
        0.23984432220458984,
        0.28810322284698486,
        0.313749223947525,
        0.32641178369522095,
        0.35996729135513306,
        0.3265703320503235,
        0.3076491951942444,
        0.3031948506832123,
        0.306751012802124,
        0.2445090413093567,
        0.309140145778656,
        0.347857803106308,
        0.3779359459877014,
        0.4416212737560272,
        0.32270944118499756,
        0.33359092473983765,
        0.3413243293762207,
        0.278327077627182,
        0.327389121055603,
        0.3564392328262329,
        0.4167446792125702,
        0.40790826082229614,
        0.3000171482563019,
        0.31933170557022095,
        0.3557003140449524,
        0.29393327236175537,
        0.259868860244751,
        0.3503519296646118,
        0.3559642732143402,
        0.3567507863044739,
        0.2808043956756592,
        0.3474229574203491,
        0.3024413585662842,
        0.2762033939361572,
        0.27390867471694946,
        0.28217872977256775,
        0.30945098400115967,
        0.29281139373779297,
        0.3289189338684082,
        0.31961849331855774,
        0.23434503376483917,
        0.25787192583084106
    ],
    "complexity": {
        "normal_roughness": [
            0.04306495934724808,
            0.04102727770805359,
            0.03590967506170273,
            0.03174232691526413,
            0.04703967645764351,
            0.05293194204568863,
            0.045823924243450165,
            0.03561684116721153,
            0.038908831775188446,
            0.04987829551100731,
            0.04364778846502304,
            0.03489937260746956,
            0.04130222275853157,
            0.05417373403906822,
            0.05158881098031998,
            0.0385034903883934,
            0.033088065683841705,
            0.05041653290390968,
            0.053306639194488525,
            0.04034047573804855,
            0.048289377242326736,
            0.05462187901139259,
            0.04240462929010391,
            0.027775300666689873,
            0.040753480046987534,
            0.05561494454741478,
            0.04987351968884468,
            0.03468097001314163,
            0.036872539669275284,
            0.04998296499252319,
            0.04765407741069794,
            0.029605669900774956,
            0.029564429074525833,
            0.049225203692913055,
            0.056064706295728683,
            0.04238659888505936,
            0.04102271795272827,
            0.04717245697975159,
            0.0380941778421402,
            0.02961646020412445,
            0.0410308837890625,
            0.051825784146785736,
            0.05080617219209671,
            0.03581390529870987,
            0.039721887558698654,
            0.03777743875980377,
            0.0433797612786293,
            0.04058805853128433
        ],