{
    "PSNR": [
        21.260271072387695,
        15.577378273010254,
        17.896728515625,
        17.351495027542114,
        16.461029052734375,
        16.9525408744812,
        14.036397933959961,
        13.939191102981567,
        14.80614423751831,
        15.560963153839111,
        14.84397292137146,
        14.90311861038208,
        14.61435317993164,
        15.433757305145264,
        14.22271728515625,
        13.773880004882812,
        14.525588750839233,
        15.990175008773804,
        14.31422472000122,
        13.861232995986938,
        15.351924896240234,
        15.124965906143188,
        14.149805307388306,
        14.180413484573364,
        16.20183825492859,
        15.416581630706787,
        13.64707350730896,
        13.726060390472412,
        14.565074443817139,
        14.770582914352417,
        14.958935976028442,
        14.192724227905273,
        15.370547771453857,
        17.634501457214355,
        14.365792274475098,
        13.41006875038147,
        14.790651798248291,
        15.090112686157227,
        14.921238422393799,
        15.175085067749023,
        17.471811771392822,
        17.312804460525513,
        14.10294771194458,
        14.706493616104126,
        16.53615117073059,
        16.101409196853638,
        18.91014575958252,
        16.255804300308228
    ],
    "SSIM": [
        0.8915700912475586,
        0.6963738203048706,
        0.7650647163391113,
        0.7379448413848877,
        0.679229736328125,
        0.723584771156311,
        0.6463853716850281,
        0.6169706583023071,
        0.6786381602287292,
        0.6999711990356445,
        0.6299519538879395,
        0.5793973803520203,
        0.5641171932220459,
        0.6187679171562195,
        0.6371837258338928,
        0.572882890701294,
        0.5982542634010315,
        0.7127711176872253,
        0.6322402954101562,
        0.5455554723739624,
        0.6147968769073486,
        0.6598721742630005,
        0.5753838419914246,
        0.5442415475845337,
        0.663568913936615,
        0.7171649932861328,
        0.5851150751113892,
        0.5194117426872253,
        0.5856008529663086,
        0.5866609215736389,
        0.663861870765686,
        0.5322409868240356,
        0.5806584358215332,
        0.7186378836631775,
        0.6430226564407349,
        0.5536243915557861,
        0.6361424326896667,
        0.6464555263519287,
        0.6113235950469971,
        0.5744367837905884,
        0.6784738302230835,
        0.7207142114639282,
        0.6271871328353882,
        0.6290282011032104,
        0.706281840801239,
        0.686900794506073,
        0.7882121801376343,
        0.7239946126937866
    ],
    "MSE": [
        0.007481228560209274,
        0.02768613025546074,
        0.016230326145887375,
        0.018401386216282845,
        0.02258901298046112,
        0.020171858370304108,
        0.03947846591472626,
        0.040372058749198914,
        0.03306630253791809,
        0.027790971100330353,
        0.03277953714132309,
        0.03233613818883896,
        0.034559283405542374,
        0.028617016971111298,
        0.037820588797330856,
        0.0419384241104126,
        0.035272903740406036,
        0.025175755843520164,
        0.03703203424811363,
        0.0411033034324646,
        0.02916134148836136,
        0.030725818127393723,
        0.03846091032028198,
        0.03819079324603081,
        0.023978181183338165,
        0.02873041294515133,
        0.043181002140045166,
        0.04240274429321289,
        0.03495365381240845,
        0.03333817049860954,
        0.03192319720983505,
        0.03808269277215004,
        0.029036564752459526,
        0.0172404982149601,
        0.03659491986036301,
        0.04560297355055809,
        0.0331844687461853,
        0.030973389744758606,
        0.03220151364803314,
        0.03037327155470848,
        0.017898593097925186,
        0.018566053360700607,
        0.038878124207258224,
        0.033833786845207214,
        0.02220163494348526,
        0.024539127945899963,
        0.012852436862885952,
        0.023682065308094025
    ],
    "LPIPS": [
        0.11883842200040817,
        0.28242433071136475,
        0.22662591934204102,
        0.2732517719268799,
        0.29372265934944153,
        0.22785410284996033,
        0.31940245628356934,
        0.3619159162044525,
        0.32157570123672485,
        0.31484684348106384,
        0.3560425043106079,
        0.3732941746711731,
        0.4104979932308197,
        0.3705058693885803,
        0.369751513004303,
        0.3959940969944,
        0.3569948971271515,
        0.29730820655822754,
        0.39194655418395996,
        0.4137667417526245,
        0.40473654866218567,
        0.37288492918014526,
        0.3645179271697998,
        0.3943239450454712,
        0.34276729822158813,
        0.32122743129730225,
        0.4137280583381653,
        0.43168044090270996,
        0.3659343123435974,
        0.44714879989624023,
        0.3696233928203583,
        0.41478395462036133,
        0.3831637501716614,
        0.3168073892593384,
        0.36725345253944397,
        0.3798883259296417,
        0.3601222634315491,
        0.3676442801952362,
        0.3881298899650574,
        0.3678388297557831,
        0.2920956313610077,
        0.27481576800346375,
        0.3502596318721771,
        0.36137330532073975,
        0.29627561569213867,
        0.2980382442474365,
        0.22260355949401855,
        0.25404006242752075
    ],
    "complexity": {
        "normal_roughness": [
            0.054715074598789215,
            0.03728817403316498,
            0.03149447590112686,
            0.04699544981122017,
            0.05298112332820892,
            0.04559818655252457,
            0.03799443319439888,
            0.038441356271505356,
            0.027206413447856903,
            0.026810068637132645,
            0.04332594573497772,
            0.05444394052028656,
            0.05523327738046646,
            0.047851577401161194,
            0.02981708198785782,
            0.045437976717948914,
            0.03850645571947098,
            0.02641564980149269,
            0.032539963722229004,
            0.050566621124744415,
            0.047967761754989624,
            0.03264441713690758,
            0.04264093562960625,
            0.049723729491233826,
            0.04159856587648392,
            0.03207862004637718,
            0.042395882308483124,
            0.0538768507540226,
            0.0473800003528595,
            0.04456869512796402,
            0.0382532998919487,
            0.052537109702825546,
            0.05108492076396942,
            0.042554259300231934,
            0.03943459689617157,
            0.04633608087897301,
            0.033345647156238556,
            0.039213526993989944,
            0.0511888787150383,
            0.0550420917570591,
            0.0504826158285141,
            0.044856421649456024,
            0.03587283566594124,
            0.040121495723724365,
            0.03817466273903847,
            0.05155576765537262,
            0.04808789864182472,
            0.03757021576166153
        ],