{
    "PSNR": [
        22.935521602630615,
        20.76838254928589,
        15.868829488754272,
        16.370103359222412,
        22.70777940750122,
        18.48739504814148,
        18.386002779006958,
        20.552327632904053,
        15.546424388885498,
        13.725142478942871,
        14.009813070297241,
        17.11202383041382,
        22.35079288482666,
        17.776955366134644,
        16.667169332504272,
        17.341880798339844,
        20.350043773651123,
        13.97351861000061,
        12.655682563781738,
        14.642232656478882,
        17.590941190719604,
        16.14488124847412,
        15.881801843643188,
        18.30841064453125,
        16.59749746322632,
        13.095834255218506,
        13.227883577346802,
        17.725117206573486,
        18.940541744232178,
        15.910224914550781,
        15.216492414474487,
        15.895802974700928,
        20.395712852478027,
        15.506335496902466,
        13.312921524047852,
        15.365359783172607,
        16.05481743812561,
        15.00644564628601,
        14.877176284790039,
        16.762723922729492,
        20.3312087059021,
        15.212029218673706,
        15.079814195632935,
        18.66827368736267,
        15.224206447601318,
        15.539112091064453,
        19.410916566848755,
        19.22567844390869
    ],
    "SSIM": [
        0.9109355807304382,
        0.867530345916748,
        0.7231011390686035,
        0.7334262728691101,
        0.8819012641906738,
        0.7497595548629761,
        0.7588650584220886,
        0.865694522857666,
        0.6960952281951904,
        0.5997180342674255,
        0.6264776587486267,
        0.7658383846282959,
        0.8995612859725952,
        0.7192140817642212,
        0.6531053185462952,
        0.7129687666893005,
        0.8492708206176758,
        0.6003531217575073,
        0.5563604831695557,
        0.6675859689712524,
        0.7328483462333679,
        0.6287081241607666,
        0.6252067685127258,
        0.7647010684013367,
        0.6968320608139038,
        0.5748538970947266,
        0.601460337638855,
        0.810854434967041,
        0.8339370489120483,
        0.6392799615859985,
        0.585570216178894,
        0.6558899283409119,
        0.8177520632743835,
        0.674210250377655,
        0.5915600657463074,
        0.7378522157669067,
        0.7014330625534058,
        0.6058298945426941,
        0.6108205914497375,
        0.7342342138290405,
        0.8336722254753113,
        0.6868142485618591,
        0.7054657936096191,
        0.8666595220565796,
        0.6719223856925964,
        0.6930670142173767,
        0.8491374850273132,
        0.8706859350204468
    ],
    "MSE": [
        0.0050868382677435875,
        0.008378412574529648,
        0.025889111682772636,
        0.0230669267475605,
        0.005360708571970463,
        0.014166435226798058,
        0.014501065015792847,
        0.008805769495666027,
        0.027884161099791527,
        0.04241171479225159,
        0.039720866829156876,
        0.01944453828036785,
        0.005819971673190594,
        0.016684167087078094,
        0.021541859954595566,
        0.018442168831825256,
        0.009225621819496155,
        0.040054213255643845,
        0.05425400659441948,
        0.03433814272284508,
        0.01741429790854454,
        0.024294722825288773,
        0.02581189200282097,
        0.014762467704713345,
        0.021890228614211082,
        0.04902489110827446,
        0.04755669832229614,
        0.016884509474039078,
        0.012762795202434063,
        0.02564351260662079,
        0.030085057020187378,
        0.02572881244122982,
        0.00912911631166935,
        0.02814275026321411,
        0.046634551137685776,
        0.029071271419525146,
        0.024803802371025085,
        0.03157587721943855,
        0.03252987563610077,
        0.021073058247566223,
        0.00926571898162365,
        0.030115988105535507,
        0.031046926975250244,
        0.01358853466808796,
        0.030031666159629822,
        0.027931150048971176,
        0.011452712118625641,
        0.011951769702136517
    ],
    "LPIPS": [
        0.14488446712493896,
        0.1901877522468567,
        0.31178542971611023,
        0.29541128873825073,
        0.1900234818458557,
        0.3002846837043762,
        0.28363966941833496,
        0.20075161755084991,
        0.3139117360115051,
        0.41147810220718384,
        0.4022144079208374,
        0.3040812015533447,
        0.19014042615890503,
        0.365500271320343,
        0.38539260625839233,
        0.321419358253479,
        0.23987917602062225,
        0.42989036440849304,
        0.44151097536087036,
        0.35568639636039734,
        0.32424622774124146,
        0.41847503185272217,
        0.39907342195510864,
        0.2654531002044678,
        0.3603377640247345,
        0.45719248056411743,
        0.4159454107284546,
        0.270535409450531,
        0.2510020434856415,
        0.3784676790237427,
        0.4337153434753418,
        0.3737757205963135,
        0.2432490736246109,
        0.4118143916130066,
        0.4229677617549896,
        0.33017054200172424,
        0.32534700632095337,
        0.407309889793396,
        0.40594738721847534,
        0.33494704961776733,
        0.25695064663887024,
        0.36241263151168823,
        0.305844247341156,
        0.22727558016777039,
        0.3378140926361084,
        0.30366507172584534,
        0.22817394137382507,
        0.19406142830848694
    ],
    "complexity": {
        "normal_roughness": [
            0.023928210139274597,
            0.03846446052193642,
            0.043819136917591095,
            0.0353277325630188,
            0.02722933143377304,
            0.04015949368476868,
            0.044141098856925964,
            0.03603960573673248,
            0.0485890656709671,
            0.05140446498990059,
            0.045331645756959915,
            0.028937961906194687,
            0.027384409680962563,
            0.04059499874711037,
            0.049283310770988464,
            0.044048260897397995,
            0.03778982535004616,
            0.05185016617178917,
            0.05486089736223221,
            0.04002971947193146,
            0.03946329653263092,
            0.05063493922352791,
            0.052302710711956024,
            0.03729698434472084,
            0.04422920569777489,
            0.05624355375766754,
            0.0507224015891552,
            0.035818394273519516,
            0.03885176032781601,
            0.04888216406106949,
            0.05523383244872093,
            0.046219807118177414,
            0.03526253253221512,
            0.04677482694387436,
            0.052872613072395325,
            0.043859146535396576,
            0.0464424192905426,
            0.05206408351659775,
            0.05287497490644455,
            0.04062674194574356,
            0.04230044037103653,
            0.044897064566612244,
            0.04388931766152382,
            0.03819460794329643,
            0.04265355318784714,
            0.040183693170547485,
            0.031975168734788895,
            0.02937520295381546
        ],