{"PSNR": [23.73649835586548, 19.69618797302246, 17.75171995162964, 17.836681604385376, 20.849647521972656, 18.289748430252075, 17.257834672927856, 18.31205725669861, 17.68684148788452, 15.742839574813843, 15.398958921432495, 17.47076153755188, 18.60291838645935, 18.549336194992065, 16.15911841392517, 16.06035351753235, 18.624321222305298, 15.253956317901611, 14.72925066947937, 15.640300512313843, 20.739684104919434, 16.736531257629395, 15.530848503112793, 16.13949179649353, 16.863033771514893, 14.7993803024292, 14.865717887878418, 16.90643310546875, 19.385310411453247, 17.633529901504517, 15.887645483016968, 15.477380752563477, 17.663520574569702, 15.948206186294556, 14.918934106826782, 15.944479703903198, 19.001880884170532, 16.927725076675415, 15.756926536560059, 16.21259093284607, 19.438705444335938, 17.408071756362915, 16.54426097869873, 18.81992816925049, 17.815113067626953, 16.50429368019104, 20.160081386566162, 19.318454265594482], "SSIM": [0.8911266326904297, 0.7915390729904175, 0.7123293876647949, 0.707981288433075, 0.8240108489990234, 0.7400870323181152, 0.6882785558700562, 0.7351893782615662, 0.7255606651306152, 0.6443790793418884, 0.5909589529037476, 0.7136000990867615, 0.7590818405151367, 0.7583240270614624, 0.6327950358390808, 0.6305320262908936, 0.7457777857780457, 0.6189202070236206, 0.5873285531997681, 0.6287821531295776, 0.8305391073226929, 0.6719390749931335, 0.5956127643585205, 0.6687493324279785, 0.708733081817627, 0.6150630116462708, 0.5884616374969482, 0.6809509992599487, 0.7911672592163086, 0.7271265983581543, 0.6211541891098022, 0.6255638599395752, 0.758764922618866, 0.6730364561080933, 0.6146092414855957, 0.6405138969421387, 0.8023564219474792, 0.7085059881210327, 0.6463982462882996, 0.682386040687561, 0.8184484243392944, 0.7480754852294922, 0.6881739497184753, 0.7752768397331238, 0.7871514558792114, 0.7231523394584656, 0.8560325503349304, 0.8135968446731567], "MSE": [0.004230095073580742, 0.01072460412979126, 0.0167813953012228, 0.01645628735423088, 0.008223092183470726, 0.014826039783656597, 0.018802542239427567, 0.014750078320503235, 0.017033975571393967, 0.026651158928871155, 0.02884722873568535, 0.017902923747897148, 0.013794569298624992, 0.013965820893645287, 0.024215206503868103, 0.02477220445871353, 0.013726758770644665, 0.02982664667069912, 0.03365696221590042, 0.027287891134619713, 0.008433958515524864, 0.021200543269515038, 0.02798435091972351, 0.024324890226125717, 0.020591914653778076, 0.03311784192919731, 0.032615821808576584, 0.020387161523103714, 0.011520436964929104, 0.017244357615709305, 0.025777190923690796, 0.028331009671092033, 0.0171256884932518, 0.025420229882001877, 0.03221860155463219, 0.02544204518198967, 0.012583806179463863, 0.02028745412826538, 0.02656484767794609, 0.023918887600302696, 0.0113796666264534, 0.018163219094276428, 0.022160213440656662, 0.01312222145497799, 0.016538221389055252, 0.022365091368556023, 0.009638109244406223, 0.011699157766997814], "LPIPS": [0.1349414587020874, 0.2518041729927063, 0.3327362537384033, 0.2649442255496979, 0.2184624969959259, 0.2548225522041321, 0.2943880558013916, 0.2999265491962433, 0.3321608603000641, 0.34348034858703613, 0.37173694372177124, 0.28792592883110046, 0.23812425136566162, 0.25916165113449097, 0.3160884380340576, 0.3343065083026886, 0.2859099507331848, 0.3953406810760498, 0.4204091429710388, 0.2933657765388489, 0.2391366958618164, 0.33203113079071045, 0.3513389527797699, 0.31451383233070374, 0.3093601167201996, 0.39966464042663574, 0.36906537413597107, 0.31400248408317566, 0.24143169820308685, 0.294031023979187, 0.3400229811668396, 0.32384297251701355, 0.24761968851089478, 0.32945114374160767, 0.3453253209590912, 0.34846335649490356, 0.2652495503425598, 0.2894108295440674, 0.34244364500045776, 0.29324689507484436, 0.18853308260440826, 0.25885164737701416, 0.3102021813392639, 0.26172035932540894, 0.24360506236553192, 0.2557476758956909, 0.20232006907463074, 0.22378768026828766]}