{"PSNR": [21.827054023742676, 15.834062099456787, 14.127113819122314, 14.586223363876343, 15.626575946807861, 14.930213689804077, 14.765013456344604, 14.643745422363281, 12.835458517074585, 12.595800161361694, 13.455477952957153, 15.448931455612183, 14.448697566986084, 14.6510910987854, 13.724563121795654, 14.239436388015747, 12.535098791122437, 11.934620141983032, 12.51451849937439, 14.99314546585083, 14.314281940460205, 13.865112066268921, 13.611313104629517, 14.160459041595459, 12.299414873123169, 12.428138256072998, 13.7176513671875, 14.315762519836426, 13.663384914398193, 13.91006588935852, 13.353383541107178, 14.366450309753418, 14.80649709701538, 12.702555656433105, 13.510348796844482, 14.91911768913269, 14.084070920944214, 13.777967691421509, 13.569375276565552, 15.962672233581543, 16.090725660324097, 14.748332500457764, 15.172944068908691, 14.373377561569214, 15.079609155654907, 15.029357671737671, 18.488214015960693, 15.357366800308228], "SSIM": [0.8798078298568726, 0.662236213684082, 0.6069246530532837, 0.6097623705863953, 0.6585143208503723, 0.6379352807998657, 0.6054946780204773, 0.6467968225479126, 0.5673890113830566, 0.5338001251220703, 0.5514209270477295, 0.6845502853393555, 0.6425542831420898, 0.6586625576019287, 0.5432051420211792, 0.5712750554084778, 0.5789229869842529, 0.5322892665863037, 0.5258901119232178, 0.6562827825546265, 0.6222890615463257, 0.5607895851135254, 0.5512597560882568, 0.6088185906410217, 0.5905630588531494, 0.5670393705368042, 0.5890598297119141, 0.6530641317367554, 0.5939521193504333, 0.560421347618103, 0.4992777109146118, 0.5905503034591675, 0.6978856921195984, 0.6128959655761719, 0.6158309578895569, 0.6794403791427612, 0.5750166773796082, 0.535315990447998, 0.5173718333244324, 0.6622607707977295, 0.7025647163391113, 0.7044110298156738, 0.7163569331169128, 0.641152024269104, 0.6438195705413818, 0.600631594657898, 0.7763124704360962, 0.6568485498428345], "MSE": [0.0065659042447805405, 0.026097193360328674, 0.0386623814702034, 0.034783851355314255, 0.02737426571547985, 0.032135024666786194, 0.03338095545768738, 0.034326180815696716, 0.05205401033163071, 0.055007271468639374, 0.04512864351272583, 0.02851719781756401, 0.0359029620885849, 0.03426817059516907, 0.04241737350821495, 0.037675268948078156, 0.05578150600194931, 0.0640527755022049, 0.05604644864797592, 0.031672727316617966, 0.037031546235084534, 0.04106660559773445, 0.04353802651166916, 0.03836667537689209, 0.058892302215099335, 0.057172369211912155, 0.04248493164777756, 0.03701891750097275, 0.0430191271007061, 0.04064372181892395, 0.04620209336280823, 0.0365893691778183, 0.0330636203289032, 0.053671594709157944, 0.04456204175949097, 0.03221723809838295, 0.039047468453645706, 0.04189896583557129, 0.04396049305796623, 0.02533569559454918, 0.02459956705570221, 0.03350941091775894, 0.030388250946998596, 0.036531057208776474, 0.031048394739627838, 0.03140974044799805, 0.01416376419365406, 0.029124826192855835], "LPIPS": [0.1160399541258812, 0.3131573498249054, 0.3747965097427368, 0.30317220091819763, 0.2671523690223694, 0.3171526789665222, 0.4303475618362427, 0.32105356454849243, 0.38178643584251404, 0.41657212376594543, 0.37230563163757324, 0.2763458490371704, 0.32825860381126404, 0.320720374584198, 0.4107440114021301, 0.3963346481323242, 0.3987507224082947, 0.4273276627063751, 0.42587390542030334, 0.3106713891029358, 0.3345039188861847, 0.3916529715061188, 0.40314632654190063, 0.3132711350917816, 0.380692720413208, 0.4143303632736206, 0.3725201487541199, 0.31595486402511597, 0.35481899976730347, 0.3900889754295349, 0.41876959800720215, 0.3490747809410095, 0.3030169606208801, 0.3462768793106079, 0.37578874826431274, 0.3269999921321869, 0.37370824813842773, 0.39787110686302185, 0.3682229816913605, 0.2834451496601105, 0.2608984708786011, 0.30371588468551636, 0.33944588899612427, 0.3430389165878296, 0.3547424077987671, 0.2910442054271698, 0.20359456539154053, 0.29301828145980835]}