{
    "PSNR": [
        21.00475549697876,
        18.63715171813965,
        14.221862554550171,
        14.890249967575073,
        20.38508892059326,
        17.129796743392944,
        16.158775091171265,
        17.78982162475586,
        14.8306405544281,
        13.45234990119934,
        13.363063335418701,
        14.912008047103882,
        18.72695565223694,
        16.801717281341553,
        15.061283111572266,
        15.31361699104309,
        17.302250862121582,
        14.387071132659912,
        13.355101346969604,
        13.90798568725586,
        17.87779211997986,
        15.247468948364258,
        14.92537260055542,
        15.948134660720825,
        17.212562561035156,
        14.330657720565796,
        14.016145467758179,
        15.86145281791687,
        19.340606927871704,
        16.15943193435669,
        15.016965866088867,
        15.352823734283447,
        17.400810718536377,
        16.487022638320923,
        15.136524438858032,
        15.945621728897095,
        17.415238618850708,
        15.923060178756714,
        15.670335292816162,
        16.37568235397339,
        19.40648317337036,
        17.743475437164307,
        17.226366996765137,
        19.618128538131714,
        17.070595026016235,
        17.130210399627686,
        21.006855964660645,
        20.65716028213501
    ],
    "SSIM": [
        0.8513869643211365,
        0.8379091024398804,
        0.6608411073684692,
        0.6924537420272827,
        0.8322499990463257,
        0.7604443430900574,
        0.7331286668777466,
        0.813135027885437,
        0.701026201248169,
        0.6225504279136658,
        0.6218766570091248,
        0.6703751087188721,
        0.8134190440177917,
        0.744964599609375,
        0.6486917734146118,
        0.6857435703277588,
        0.8289026021957397,
        0.6879289150238037,
        0.6111565828323364,
        0.6180360317230225,
        0.7618462443351746,
        0.6448670625686646,
        0.6338452100753784,
        0.7318592071533203,
        0.8141877055168152,
        0.6696855425834656,
        0.6330551505088806,
        0.7302743792533875,
        0.8271843791007996,
        0.688850998878479,
        0.6172921657562256,
        0.6653659343719482,
        0.8046995997428894,
        0.7753238081932068,
        0.6932823657989502,
        0.7310293912887573,
        0.7494372725486755,
        0.6723846197128296,
        0.6664586067199707,
        0.7327257394790649,
        0.8660599589347839,
        0.8055137991905212,
        0.7737981081008911,
        0.8410525321960449,
        0.7415527105331421,
        0.7516988515853882,
        0.8727530241012573,
        0.8697433471679688
    ],
    "MSE": [
        0.007934590801596642,
        0.01368626393377781,
        0.03782803565263748,
        0.03243209421634674,
        0.009151477366685867,
        0.019365128129720688,
        0.024217117577791214,
        0.016634808853268623,
        0.03288031741976738,
        0.04516115039587021,
        0.046099238097667694,
        0.03227002173662186,
        0.013406164944171906,
        0.02088470757007599,
        0.03117968700826168,
        0.029419705271720886,
        0.018611224368214607,
        0.036416053771972656,
        0.04618382453918457,
        0.04066319763660431,
        0.016301246359944344,
        0.029871230944991112,
        0.032170869410037994,
        0.025420650839805603,
        0.018999572843313217,
        0.03689217567443848,
        0.03966299816966057,
        0.025933122262358665,
        0.011639637872576714,
        0.024213461205363274,
        0.031499478965997696,
        0.029155313968658447,
        0.01819360814988613,
        0.022454209625720978,
        0.03064415603876114,
        0.02543535642325878,
        0.018133267760276794,
        0.02556784078478813,
        0.02709982916712761,
        0.023037312552332878,
        0.011464412324130535,
        0.016813285648822784,
        0.018939275294542313,
        0.010919108986854553,
        0.01963091269135475,
        0.0193632822483778,
        0.007930753752589226,
        0.008595756255090237
    ],
    "LPIPS": [
        0.1475047618150711,
        0.24066421389579773,
        0.3480144739151001,
        0.3432042896747589,
        0.21887411177158356,
        0.27302366495132446,
        0.2737542986869812,
        0.2690591812133789,
        0.2924309968948364,
        0.3455199599266052,
        0.3698440194129944,
        0.3333006799221039,
        0.2959279716014862,
        0.31112849712371826,
        0.34290793538093567,
        0.29283687472343445,
        0.28330808877944946,
        0.3112449049949646,
        0.3889048397541046,
        0.33486974239349365,
        0.2884121239185333,
        0.34580785036087036,
        0.3416518568992615,
        0.2943200469017029,
        0.2515016794204712,
        0.3479606807231903,
        0.3739023804664612,
        0.31870269775390625,
        0.279061883687973,
        0.3185831904411316,
        0.36487889289855957,
        0.3349652886390686,
        0.27880316972732544,
        0.2588026821613312,
        0.3444344103336334,
        0.3044760525226593,
        0.27458494901657104,
        0.3136245012283325,
        0.35304439067840576,
        0.29209011793136597,
        0.22375597059726715,
        0.27714645862579346,
        0.2468886375427246,
        0.2405214011669159,
        0.2956451177597046,
        0.33463630080223083,
        0.23640191555023193,
        0.20876137912273407
    ],
    "complexity": {
        "normal_roughness": [
            0.034633129835128784,
            0.031975168734788895,
            0.0478515550494194,
            0.04760643094778061,
            0.034258730709552765,
            0.039733417332172394,
            0.03904763609170914,
            0.030600273981690407,
            0.04523901268839836,
            0.053455304354429245,
            0.05608852207660675,
            0.04666050150990486,
            0.039260927587747574,
            0.03937394171953201,
            0.05222390592098236,
            0.04306495934724808,
            0.03746761754155159,
            0.04772619158029556,
            0.054715074598789215,
            0.05408240482211113,
            0.038408368825912476,
            0.05311969295144081,
            0.052761901170015335,
            0.043728701770305634,
            0.03741338104009628,
            0.04801357537508011,
            0.05284583568572998,
            0.04375847429037094,
            0.03751535341143608,
            0.04808703064918518,
            0.054800957441329956,
            0.049999069422483444,
            0.037791501730680466,
            0.035432275384664536,
            0.042108990252017975,
            0.0433797612786293,
            0.045033153146505356,
            0.0506262481212616,
            0.049071624875068665,
            0.040727853775024414,
            0.02807547152042389,
            0.028696708381175995,
            0.033310264348983765,
            0.038449183106422424,
            0.04255419969558716,
            0.04071003943681717,
            0.023928210139274597,
            0.031606122851371765
        ],