{"PSNR": [24.240305423736572, 19.518918991088867, 15.544987916946411, 16.343355178833008, 20.553903579711914, 18.59749436378479, 18.14502239227295, 18.60249161720276, 15.288108587265015, 14.727401733398438, 15.727800130844116, 17.940902709960938, 20.710151195526123, 17.75572896003723, 17.079750299453735, 17.877053022384644, 17.231780290603638, 15.288602113723755, 15.25334119796753, 17.089701890945435, 17.626553773880005, 16.289385557174683, 16.672290563583374, 19.20762062072754, 17.664225101470947, 15.60800552368164, 16.356782913208008, 20.092926025390625, 18.41402769088745, 16.113548278808594, 16.014270782470703, 17.40977644920349, 19.2608380317688, 16.991467475891113, 16.538738012313843, 18.635023832321167, 16.730153560638428, 15.925837755203247, 16.402130126953125, 17.641124725341797, 20.83392858505249, 17.939945459365845, 18.56163740158081, 19.78677272796631, 16.73436403274536, 16.987018585205078, 20.012197494506836, 19.062756299972534], "SSIM": [0.917269229888916, 0.7851756811141968, 0.6672838926315308, 0.7039336562156677, 0.8503310084342957, 0.7355350255966187, 0.7343689799308777, 0.786034107208252, 0.6489362120628357, 0.6265422105789185, 0.6811854839324951, 0.7877056002616882, 0.8777289390563965, 0.7167698740959167, 0.6847836971282959, 0.7313051223754883, 0.7671329379081726, 0.633595883846283, 0.6383764743804932, 0.7446042895317078, 0.7456636428833008, 0.6591655611991882, 0.6812067031860352, 0.78593510389328, 0.7411010265350342, 0.650215744972229, 0.6891199946403503, 0.8441420793533325, 0.799461841583252, 0.6695501208305359, 0.6433788537979126, 0.7246378660202026, 0.8287433981895447, 0.7288362383842468, 0.6944612860679626, 0.7916092872619629, 0.721396803855896, 0.6643085479736328, 0.6885354518890381, 0.7612127065658569, 0.8853599429130554, 0.771922767162323, 0.7894753217697144, 0.8504489660263062, 0.7290159463882446, 0.7476201057434082, 0.8593074083328247, 0.8238577842712402], "MSE": [0.0037667741999030113, 0.011171414516866207, 0.027893386781215668, 0.023209434002637863, 0.008802574127912521, 0.013811808079481125, 0.01532843615859747, 0.013795925304293633, 0.02959301695227623, 0.0336712971329689, 0.026743611320853233, 0.01606607809662819, 0.008491510525345802, 0.016765914857387543, 0.01958957128226757, 0.016304023563861847, 0.018915683031082153, 0.02958964928984642, 0.029830869287252426, 0.01954474300146103, 0.017272084951400757, 0.02349965274333954, 0.021516472101211548, 0.012001569382846355, 0.017122913151979446, 0.02749156951904297, 0.023137783631682396, 0.009788306429982185, 0.014407787472009659, 0.024470632895827293, 0.025036461651325226, 0.01815609075129032, 0.01185539923608303, 0.019991867244243622, 0.02218841016292572, 0.013692970387637615, 0.021231694146990776, 0.025551488623023033, 0.022897448390722275, 0.017214229330420494, 0.008252913132309914, 0.01606961339712143, 0.013926315121352673, 0.010503227822482586, 0.02121112495660782, 0.020012354478240013, 0.009971952997148037, 0.012408646754920483], "LPIPS": [0.1380099654197693, 0.27648839354515076, 0.37060534954071045, 0.3475828170776367, 0.15108883380889893, 0.2178724706172943, 0.2894689738750458, 0.30341923236846924, 0.3629879951477051, 0.41376417875289917, 0.36286771297454834, 0.24901026487350464, 0.19026562571525574, 0.28392651677131653, 0.286382257938385, 0.28971508145332336, 0.2729860842227936, 0.3795850872993469, 0.3761444687843323, 0.30219364166259766, 0.2630177140235901, 0.3159201741218567, 0.3346826136112213, 0.2595820426940918, 0.275817334651947, 0.3724123239517212, 0.3499802350997925, 0.23450274765491486, 0.24499598145484924, 0.3199227750301361, 0.3400956988334656, 0.2903982400894165, 0.1971571445465088, 0.2759636342525482, 0.3104434013366699, 0.23890605568885803, 0.27818506956100464, 0.3070457875728607, 0.30578020215034485, 0.24819037318229675, 0.16319718956947327, 0.25200966000556946, 0.21413999795913696, 0.23155704140663147, 0.27037620544433594, 0.2479836642742157, 0.17749208211898804, 0.18528839945793152]}