{"PSNR": [22.02726125717163, 21.06886863708496, 15.934003591537476, 16.530839204788208, 18.228673934936523, 16.52185559272766, 17.485371828079224, 21.54433012008667, 16.077018976211548, 14.057703018188477, 14.13949728012085, 17.457170486450195, 18.353073596954346, 15.48344373703003, 15.606262683868408, 17.294247150421143, 19.307422637939453, 14.243117570877075, 13.229962587356567, 14.503551721572876, 15.727598667144775, 14.949755668640137, 15.616861581802368, 19.306644201278687, 16.152944564819336, 13.334646224975586, 13.571568727493286, 17.403650283813477, 17.747795581817627, 14.931336641311646, 14.947333335876465, 16.57866597175598, 20.046119689941406, 14.56602692604065, 13.553677797317505, 15.497229099273682, 16.104425191879272, 15.087177753448486, 15.700163841247559, 18.43819499015808, 19.000627994537354, 15.00611662864685, 16.169559955596924, 19.92080807685852, 16.515419483184814, 17.29546308517456, 20.674214363098145, 22.059907913208008], "SSIM": [0.9130071997642517, 0.862837016582489, 0.6600595712661743, 0.7179659605026245, 0.809714674949646, 0.669170618057251, 0.696168839931488, 0.8562412261962891, 0.6728819608688354, 0.553348958492279, 0.5839450359344482, 0.7657224535942078, 0.8212960958480835, 0.6260241270065308, 0.5868681073188782, 0.6976579427719116, 0.8158192038536072, 0.5629598498344421, 0.5002797842025757, 0.589999794960022, 0.6623780727386475, 0.5416857004165649, 0.580450713634491, 0.7834218740463257, 0.7071456909179688, 0.5033533573150635, 0.5254524946212769, 0.7713708281517029, 0.745261549949646, 0.5647791624069214, 0.5315310955047607, 0.6530759334564209, 0.8634089827537537, 0.6212878227233887, 0.5302667617797852, 0.6337758302688599, 0.6527287364006042, 0.5653938055038452, 0.6062471866607666, 0.7536980509757996, 0.8618016242980957, 0.6301597356796265, 0.6534050107002258, 0.790094256401062, 0.6588475704193115, 0.6935297846794128, 0.8509599566459656, 0.8465800285339355], "MSE": [0.006270093377679586, 0.007818317040801048, 0.02550349198281765, 0.02222880721092224, 0.015036012046039104, 0.022274835035204887, 0.017842797562479973, 0.007007562555372715, 0.024677332490682602, 0.039285268634557724, 0.03855230659246445, 0.017959032207727432, 0.014611433260142803, 0.028291478753089905, 0.027502601966261864, 0.018645556643605232, 0.011728912591934204, 0.037643350660800934, 0.04753394052386284, 0.035452332347631454, 0.026744848117232323, 0.03199075162410736, 0.027435559779405594, 0.011731017380952835, 0.02424965612590313, 0.04640185832977295, 0.043938301503658295, 0.01818172261118889, 0.016796566545963287, 0.03212672099471092, 0.03200860321521759, 0.021985355764627457, 0.009894371032714844, 0.03494598716497421, 0.04411966726183891, 0.028201816603541374, 0.0245220884680748, 0.030994325876235962, 0.026914333924651146, 0.01432783529162407, 0.01258743554353714, 0.031578272581100464, 0.02415705844759941, 0.010184019804000854, 0.0223078690469265, 0.018640337511897087, 0.008562065660953522, 0.0062231337651610374], "LPIPS": [0.14390453696250916, 0.17575863003730774, 0.3397960662841797, 0.29836785793304443, 0.18175597488880157, 0.3021053075790405, 0.2970765233039856, 0.16659700870513916, 0.36273878812789917, 0.44227051734924316, 0.4207339882850647, 0.25514084100723267, 0.20812278985977173, 0.3563958704471588, 0.39975547790527344, 0.34682804346084595, 0.2129344791173935, 0.4327903985977173, 0.4983915686607361, 0.4238750636577606, 0.33555522561073303, 0.4258907437324524, 0.41325050592422485, 0.2544224262237549, 0.34063851833343506, 0.4807013273239136, 0.49385756254196167, 0.28082552552223206, 0.26720720529556274, 0.4103944003582001, 0.44816383719444275, 0.35882025957107544, 0.2248833030462265, 0.35737910866737366, 0.4706459045410156, 0.3786930441856384, 0.3625885844230652, 0.4166580140590668, 0.39221134781837463, 0.27978020906448364, 0.22374969720840454, 0.35060980916023254, 0.33220911026000977, 0.2645578682422638, 0.3559570908546448, 0.3113431930541992, 0.21530336141586304, 0.22730158269405365]}