{
    "PSNR": [
        20.808746814727783,
        14.986308813095093,
        15.02064824104309,
        14.476920366287231,
        16.900182962417603,
        14.51472282409668,
        14.824888706207275,
        14.257984161376953,
        15.43753981590271,
        13.580855131149292,
        13.007972240447998,
        14.826401472091675,
        15.061631202697754,
        13.765702247619629,
        13.59071135520935,
        14.45041298866272,
        14.374432563781738,
        14.8319411277771,
        12.357378005981445,
        12.736542224884033,
        14.635423421859741,
        13.224471807479858,
        13.887606859207153,
        14.764978885650635,
        15.23000717163086,
        13.13331127166748,
        11.942096948623657,
        13.084429502487183,
        14.164950847625732,
        13.469784259796143,
        13.082888126373291,
        14.313658475875854,
        15.225430727005005,
        14.918333292007446,
        12.387250661849976,
        12.240376472473145,
        15.087734460830688,
        13.6797034740448,
        13.63479733467102,
        15.897870063781738,
        17.42267608642578,
        14.845178127288818,
        13.110246658325195,
        14.05511736869812,
        15.92144250869751,
        15.573562383651733,
        19.605382680892944,
        17.007853984832764
    ],
    "SSIM": [
        0.8803647756576538,
        0.6640559434890747,
        0.6782721281051636,
        0.6167037487030029,
        0.6836602091789246,
        0.6197876334190369,
        0.6469696164131165,
        0.6347746849060059,
        0.6935707926750183,
        0.5849229097366333,
        0.5368727445602417,
        0.6306682825088501,
        0.6171189546585083,
        0.5708598494529724,
        0.5727579593658447,
        0.592121422290802,
        0.6224351525306702,
        0.659906268119812,
        0.5351485013961792,
        0.5494820475578308,
        0.6233637928962708,
        0.5429103374481201,
        0.554557204246521,
        0.5976316928863525,
        0.6645092368125916,
        0.5974177122116089,
        0.5461155772209167,
        0.5659527778625488,
        0.6291712522506714,
        0.5580384135246277,
        0.49587583541870117,
        0.5830753445625305,
        0.6007537245750427,
        0.6994711756706238,
        0.6028314828872681,
        0.5525205135345459,
        0.6367742419242859,
        0.5510506629943848,
        0.5218248963356018,
        0.6443418264389038,
        0.6971494555473328,
        0.7027363181114197,
        0.6232770085334778,
        0.648987889289856,
        0.6454859972000122,
        0.6051583290100098,
        0.7873057723045349,
        0.7017062902450562
    ],
    "MSE": [
        0.00830090418457985,
        0.03172262758016586,
        0.031472790986299515,
        0.03567039966583252,
        0.020416520535945892,
        0.03536126762628555,
        0.032923899590969086,
        0.037514712661504745,
        0.028592102229595184,
        0.04384443908929825,
        0.05002681538462639,
        0.03291242569684982,
        0.031177189201116562,
        0.04201745241880417,
        0.04374505206942558,
        0.03588877618312836,
        0.03652217984199524,
        0.03287046402692795,
        0.0581115260720253,
        0.05325321853160858,
        0.03439202159643173,
        0.04759407043457031,
        0.040854450315237045,
        0.03338121995329857,
        0.029991572722792625,
        0.04860364645719528,
        0.06394259631633759,
        0.049153801053762436,
        0.03832701966166496,
        0.04498022422194481,
        0.04917125031352043,
        0.03703686594963074,
        0.03002319484949112,
        0.03222305327653885,
        0.05771317332983017,
        0.05969836562871933,
        0.0309903584420681,
        0.04285778850317001,
        0.043303232640028,
        0.025716572999954224,
        0.018102247267961502,
        0.03277043253183365,
        0.048862457275390625,
        0.039308663457632065,
        0.02557736448943615,
        0.02771046757698059,
        0.010951204225420952,
        0.01991657353937626
    ],
    "LPIPS": [
        0.13947927951812744,
        0.2593690752983093,
        0.25324541330337524,
        0.3187803626060486,
        0.26323646306991577,
        0.3197334408760071,
        0.3325061798095703,
        0.3406977653503418,
        0.3066657483577728,
        0.35091784596443176,
        0.38568270206451416,
        0.34352806210517883,
        0.2926073670387268,
        0.38409483432769775,
        0.38957616686820984,
        0.36905670166015625,
        0.37501582503318787,
        0.3631345331668854,
        0.4152032732963562,
        0.4187747538089752,
        0.3588164150714874,
        0.4280114769935608,
        0.402873694896698,
        0.34938478469848633,
        0.3549838066101074,
        0.3700047731399536,
        0.39677780866622925,
        0.3897012174129486,
        0.3617475926876068,
        0.4114590287208557,
        0.4375808835029602,
        0.3664965033531189,
        0.3177504539489746,
        0.31308671832084656,
        0.3762601912021637,
        0.38563042879104614,
        0.35292860865592957,
        0.3917425870895386,
        0.4038824737071991,
        0.2796854078769684,
        0.2714918255805969,
        0.31348490715026855,
        0.35780060291290283,
        0.3293413519859314,
        0.3086423873901367,
        0.29158440232276917,
        0.2128288745880127,
        0.2649899423122406
    ],
    "complexity": {
        "normal_roughness": [
            0.04785160347819328,
            0.040587835013866425,
            0.04779034107923508,
            0.05565258488059044,
            0.04630018025636673,
            0.0365249365568161,
            0.0304165780544281,
            0.037581849843263626,
            0.037998199462890625,
            0.04623531550168991,
            0.05387556552886963,
            0.056306466460227966,
            0.04748326167464256,
            0.03486223518848419,
            0.037635788321495056,
            0.04220769926905632,
            0.03859368711709976,
            0.03149399161338806,
            0.04460921883583069,
            0.052459388971328735,
            0.03440050035715103,
            0.04157187417149544,
            0.047432444989681244,
            0.04574902355670929,
            0.029686924070119858,
            0.02940821275115013,
            0.04433627426624298,
            0.05007278174161911,
            0.03548339009284973,
            0.03817577660083771,
            0.053247176110744476,
            0.05215524509549141,
            0.039854370057582855,
            0.02490752562880516,
            0.03371007367968559,
            0.04336485266685486,
            0.03964575380086899,
            0.05064406991004944,
            0.05464271456003189,
            0.04952242225408554,
            0.038664810359478,
            0.030575621873140335,
            0.03862180933356285,
            0.03559849038720131,
            0.04776990786194801,
            0.053108878433704376,
            0.04255637526512146,
            0.042060092091560364
        ],