{"PSNR": [21.268177032470703, 16.32351040840149, 16.54515504837036, 18.21942687034607, 18.092552423477173, 18.859117031097412, 16.068166494369507, 15.087414979934692, 15.661097764968872, 16.48996114730835, 17.133013010025024, 16.644649505615234, 15.502989292144775, 17.249995470046997, 16.09614849090576, 14.440512657165527, 14.746898412704468, 15.211546421051025, 15.893429517745972, 15.156615972518921, 15.143049955368042, 15.986523628234863, 14.585373401641846, 14.13869023323059, 14.45882797241211, 15.172957181930542, 15.708577632904053, 14.721407890319824, 14.690431356430054, 15.841220617294312, 15.46883225440979, 14.039942026138306, 14.145911931991577, 14.743739366531372, 15.385775566101074, 14.371519088745117, 15.93059778213501, 17.05054759979248, 15.395711660385132, 14.625061750411987, 15.158008337020874, 15.759540796279907, 15.015455484390259, 14.78356122970581, 17.307337522506714, 16.303597688674927, 16.491315364837646, 15.216666460037231], "SSIM": [0.8466355204582214, 0.6185680627822876, 0.6282726526260376, 0.7287164926528931, 0.7107439041137695, 0.7585790157318115, 0.6272470355033875, 0.5748304128646851, 0.6046059727668762, 0.6261305212974548, 0.6967540979385376, 0.6624101996421814, 0.6285992860794067, 0.6768234968185425, 0.6541153192520142, 0.5888636112213135, 0.5904450416564941, 0.6051780581474304, 0.6410949230194092, 0.6316495537757874, 0.615195095539093, 0.6858006715774536, 0.6201761960983276, 0.5922948718070984, 0.6215499639511108, 0.5934000015258789, 0.6475135087966919, 0.6024962067604065, 0.5815076231956482, 0.6484344005584717, 0.6853864192962646, 0.6201825141906738, 0.6258751153945923, 0.6002820730209351, 0.6292278170585632, 0.5451650619506836, 0.6447160243988037, 0.708289623260498, 0.686083197593689, 0.6250518560409546, 0.6312316656112671, 0.6792086362838745, 0.5946074724197388, 0.5648871660232544, 0.7224926948547363, 0.6957578659057617, 0.7217626571655273, 0.6161066889762878], "MSE": [0.007467623800039291, 0.023315727710723877, 0.022155655547976494, 0.015068057924509048, 0.01551474817097187, 0.013004343025386333, 0.024727683514356613, 0.03099263273179531, 0.027157530188560486, 0.022439025342464447, 0.019350795075297356, 0.02165384404361248, 0.028164437040686607, 0.01883651316165924, 0.024568870663642883, 0.03597068786621094, 0.033520471304655075, 0.030119340866804123, 0.025742877274751663, 0.030502712354063988, 0.030598144978284836, 0.02519693598151207, 0.03479066118597984, 0.03855946660041809, 0.035819318145513535, 0.030388152226805687, 0.0268622487783432, 0.0337178036570549, 0.03395915776491165, 0.02605421468615532, 0.02838682197034359, 0.039446260780096054, 0.03849540650844574, 0.033544864505529404, 0.028934938833117485, 0.036546699702739716, 0.02552349865436554, 0.01972174644470215, 0.028868814930319786, 0.034474171698093414, 0.030492931604385376, 0.02654886804521084, 0.03151044249534607, 0.03323869779706001, 0.0185894425958395, 0.023422881960868835, 0.022432029247283936, 0.030083853751420975], "LPIPS": [0.14511588215827942, 0.31934282183647156, 0.33175766468048096, 0.23258018493652344, 0.26023924350738525, 0.2247418910264969, 0.30638277530670166, 0.3537871837615967, 0.3382765054702759, 0.35545116662979126, 0.270984411239624, 0.3063458800315857, 0.3383866250514984, 0.30334141850471497, 0.351022869348526, 0.37132832407951355, 0.34339553117752075, 0.353130578994751, 0.3483651280403137, 0.3085413873195648, 0.35915040969848633, 0.2957111597061157, 0.37752315402030945, 0.38714104890823364, 0.34350764751434326, 0.38940122723579407, 0.30923858284950256, 0.37873291969299316, 0.3936121463775635, 0.3141118884086609, 0.345308393239975, 0.36379677057266235, 0.3843373656272888, 0.37918585538864136, 0.3308963477611542, 0.41074642539024353, 0.32363277673721313, 0.27887552976608276, 0.3287789225578308, 0.3266548812389374, 0.32018715143203735, 0.3011370897293091, 0.384410560131073, 0.3944261074066162, 0.2936030626296997, 0.2809407413005829, 0.23761793971061707, 0.3433012366294861]}