{"PSNR": [21.63330316543579, 17.751396894454956, 17.855764627456665, 19.549471139907837, 16.890153884887695, 15.501775741577148, 15.316106081008911, 16.160136461257935, 16.337424516677856, 16.694432497024536, 17.841190099716187, 17.862976789474487, 16.766395568847656, 14.195220470428467, 13.704158067703247, 14.809200763702393, 15.148763656616211, 15.37574291229248, 16.204063892364502, 17.423064708709717, 14.497811794281006, 13.272546529769897, 13.72498631477356, 16.17247462272644, 14.315494298934937, 14.95589017868042, 16.103070974349976, 17.250704765319824, 15.991506576538086, 13.955470323562622, 13.473625183105469, 15.148015022277832, 15.546869039535522, 14.425640106201172, 15.07265567779541, 15.915689468383789, 16.165465116500854, 14.565514326095581, 15.285111665725708, 16.750986576080322, 15.478670597076416, 15.286945104598999, 15.694577693939209, 17.73241877555847, 16.456092596054077, 17.36304759979248, 17.954126596450806, 18.096468448638916], "SSIM": [0.8849427103996277, 0.7913681268692017, 0.7627201080322266, 0.7889915704727173, 0.7576109766960144, 0.7037382125854492, 0.7123703360557556, 0.7496737241744995, 0.725374698638916, 0.6882510185241699, 0.7318109273910522, 0.767826497554779, 0.7643853425979614, 0.6604564189910889, 0.6336771249771118, 0.7181107401847839, 0.708871603012085, 0.6581182479858398, 0.6602587103843689, 0.7378895282745361, 0.6883763670921326, 0.5949420928955078, 0.6285806894302368, 0.7713209390640259, 0.6411535143852234, 0.6190523505210876, 0.6758197546005249, 0.7487059831619263, 0.7368227243423462, 0.6251335144042969, 0.5888707637786865, 0.6936535239219666, 0.7132285833358765, 0.6366243362426758, 0.6406440734863281, 0.6841208934783936, 0.7129341959953308, 0.6209597587585449, 0.6547976732254028, 0.7530221939086914, 0.7101046442985535, 0.6804827451705933, 0.6819130778312683, 0.7447883486747742, 0.6701082587242126, 0.7009963989257812, 0.8020421266555786, 0.7602473497390747], "MSE": [0.006865459494292736, 0.016782641410827637, 0.01638413593173027, 0.01109310146421194, 0.020463725551962852, 0.028172310441732407, 0.029402848333120346, 0.024209532886743546, 0.02324114553630352, 0.021407049149274826, 0.016439218074083328, 0.016356950625777245, 0.021055255085229874, 0.038060806691646576, 0.042617134749889374, 0.033043041825294495, 0.030557915568351746, 0.029001854360103607, 0.023965895175933838, 0.018100623041391373, 0.03549922630190849, 0.04707012325525284, 0.04241323471069336, 0.02414085529744625, 0.0370212122797966, 0.031945597380399704, 0.02452974021434784, 0.01883343607187271, 0.02516803704202175, 0.04022100940346718, 0.044940464198589325, 0.03056318312883377, 0.027881309390068054, 0.03609409183263779, 0.0310981422662735, 0.025611266493797302, 0.02417985163629055, 0.03495011478662491, 0.029613442718982697, 0.021130090579390526, 0.02832259237766266, 0.02960094064474106, 0.026948977261781693, 0.01685614325106144, 0.022614698857069016, 0.018352502956986427, 0.01601722650229931, 0.015500763431191444], "LPIPS": [0.13729804754257202, 0.24047566950321198, 0.2402234822511673, 0.2092428207397461, 0.22545519471168518, 0.279019832611084, 0.27824825048446655, 0.2832285463809967, 0.27353358268737793, 0.2985204756259918, 0.27178066968917847, 0.2989080548286438, 0.30058789253234863, 0.337282657623291, 0.3616400361061096, 0.2919720411300659, 0.3339586853981018, 0.3189069628715515, 0.34573274850845337, 0.26671648025512695, 0.3247978091239929, 0.38541117310523987, 0.3750336766242981, 0.294818639755249, 0.3502333164215088, 0.3583107888698578, 0.3491207957267761, 0.3113800585269928, 0.29306501150131226, 0.3513006269931793, 0.39831840991973877, 0.313345730304718, 0.2990856468677521, 0.32280462980270386, 0.33052486181259155, 0.3379456698894501, 0.26418718695640564, 0.3472372889518738, 0.3370637595653534, 0.27550560235977173, 0.27922776341438293, 0.2889906167984009, 0.3103300929069519, 0.2808019518852234, 0.31100040674209595, 0.3159946799278259, 0.23101256787776947, 0.2492590844631195]}