{"PSNR": [21.391546726226807, 15.029296875, 13.600366115570068, 17.66700029373169, 16.199604272842407, 18.676140308380127, 16.63326144218445, 12.797133922576904, 12.140599489212036, 13.238992691040039, 16.85954451560974, 15.868821144104004, 14.601943492889404, 15.772064924240112, 17.136268615722656, 14.26040768623352, 12.311837673187256, 12.488306760787964, 15.425093173980713, 15.34630537033081, 14.656237363815308, 15.940455198287964, 15.948983430862427, 13.80941390991211, 12.636698484420776, 14.065903425216675, 14.655565023422241, 14.542317390441895, 14.907821416854858, 15.366802215576172, 16.39513373374939, 16.723365783691406, 14.100165367126465, 13.731820583343506, 15.704680681228638, 14.67594861984253, 15.446561574935913, 16.138157844543457, 16.883341073989868, 16.577705144882202, 15.434045791625977, 16.397724151611328, 15.535582304000854, 15.472511053085327, 15.663942098617554, 17.117531299591064, 17.03537106513977, 16.378544569015503], "SSIM": [0.8732330799102783, 0.6724257469177246, 0.6250848174095154, 0.7423549890518188, 0.6291569471359253, 0.7276479601860046, 0.7279478311538696, 0.5945103168487549, 0.5487890243530273, 0.5954620838165283, 0.6698093414306641, 0.6282808780670166, 0.5667561292648315, 0.5805562734603882, 0.6616414785385132, 0.6566964387893677, 0.5409470796585083, 0.5104231238365173, 0.6487886905670166, 0.6101104617118835, 0.5308914184570312, 0.5881814360618591, 0.6529617309570312, 0.6089403629302979, 0.5049755573272705, 0.5495893955230713, 0.5684051513671875, 0.5900753736495972, 0.5892448425292969, 0.5624005794525146, 0.6356178522109985, 0.6927055716514587, 0.5922192335128784, 0.5176183581352234, 0.633316695690155, 0.5999449491500854, 0.5863221883773804, 0.634465217590332, 0.7142605781555176, 0.7111110687255859, 0.6357833743095398, 0.7013143301010132, 0.6487516164779663, 0.654786229133606, 0.6406792402267456, 0.7218983173370361, 0.7639440298080444, 0.6801408529281616], "MSE": [0.007258472498506308, 0.03141017258167267, 0.04364790767431259, 0.017111973837018013, 0.023990517482161522, 0.013563944958150387, 0.021710705012083054, 0.05251539871096611, 0.0610857829451561, 0.047435205429792404, 0.020608460530638695, 0.025889158248901367, 0.034658171236515045, 0.026472412049770355, 0.019336294382810593, 0.037493787705898285, 0.05872408673167229, 0.05638575553894043, 0.028674161061644554, 0.029199104756116867, 0.03422759100794792, 0.02546563558280468, 0.025415679439902306, 0.0415966771543026, 0.05449168011546135, 0.03921116515994072, 0.03423289209604263, 0.035137295722961426, 0.03230114281177521, 0.02906162291765213, 0.022934358566999435, 0.021264903247356415, 0.03890303894877434, 0.0423465371131897, 0.026886355131864548, 0.03407259285449982, 0.02853276953101158, 0.024332359433174133, 0.02049584686756134, 0.02199021726846695, 0.028615107759833336, 0.02292068861424923, 0.0279538594186306, 0.028362786397337914, 0.02713974379003048, 0.019419897347688675, 0.019790781661868095, 0.023022137582302094], "LPIPS": [0.1502106487751007, 0.2983028292655945, 0.3544888496398926, 0.23506087064743042, 0.299581378698349, 0.2823620140552521, 0.2859717011451721, 0.3987838327884674, 0.4016241729259491, 0.3858201801776886, 0.2933899164199829, 0.3295913338661194, 0.36737897992134094, 0.3822566270828247, 0.3321538269519806, 0.36588361859321594, 0.41783368587493896, 0.40907391905784607, 0.33859509229660034, 0.36666139960289, 0.4198041260242462, 0.4021177291870117, 0.3754577040672302, 0.3469632565975189, 0.44999563694000244, 0.41709446907043457, 0.4290056824684143, 0.3921146094799042, 0.3740072548389435, 0.40148961544036865, 0.3552931547164917, 0.3107801079750061, 0.3571946620941162, 0.4633272886276245, 0.3931037187576294, 0.3865480422973633, 0.38774430751800537, 0.36130502820014954, 0.3044930696487427, 0.30165576934814453, 0.3351229429244995, 0.29226550459861755, 0.3615061044692993, 0.3263894319534302, 0.34637194871902466, 0.29256671667099, 0.20809327065944672, 0.24875086545944214]}