{"PSNR": [22.278780937194824, 17.692742347717285, 18.455506563186646, 18.335514068603516, 16.957712173461914, 18.28080177307129, 15.956499576568604, 16.419161558151245, 17.625492811203003, 18.51638674736023, 15.458987951278687, 15.116584300994873, 14.942106008529663, 17.035114765167236, 15.114972591400146, 14.714312553405762, 16.128411293029785, 17.719465494155884, 15.414586067199707, 14.238145351409912, 16.060487031936646, 15.464046001434326, 13.728758096694946, 14.549198150634766, 15.965710878372192, 16.222164630889893, 13.931156396865845, 14.638891220092773, 15.795395374298096, 17.367007732391357, 13.781428337097168, 13.306301832199097, 14.467872381210327, 15.534884929656982, 14.827687740325928, 14.183106422424316, 17.089067697525024, 16.44811511039734, 13.264641761779785, 13.61283540725708, 14.40203309059143, 16.09157919883728, 14.452104568481445, 15.999283790588379, 16.614410877227783, 14.220657348632812, 15.810260772705078, 15.30781626701355], "SSIM": [0.8817840814590454, 0.6946050524711609, 0.7087540626525879, 0.7469696402549744, 0.7503255605697632, 0.7844406962394714, 0.6434720158576965, 0.6188046336174011, 0.6736212968826294, 0.740006148815155, 0.6895462274551392, 0.6825448870658875, 0.6497029066085815, 0.756478488445282, 0.658099353313446, 0.5821807384490967, 0.635246753692627, 0.7175689935684204, 0.6883201599121094, 0.6148041486740112, 0.6975030303001404, 0.7106156349182129, 0.6113262176513672, 0.6054980754852295, 0.664327085018158, 0.7000280618667603, 0.537781834602356, 0.5917149782180786, 0.627554178237915, 0.7556825876235962, 0.6619811058044434, 0.6192611455917358, 0.659514307975769, 0.6776832342147827, 0.607029914855957, 0.5254868268966675, 0.7123326063156128, 0.7626628875732422, 0.6639816164970398, 0.6730573177337646, 0.6897716522216797, 0.7236000299453735, 0.5804336071014404, 0.6292359232902527, 0.741767406463623, 0.6760648488998413, 0.7204455137252808, 0.6552550792694092], "MSE": [0.005917276255786419, 0.017010841518640518, 0.01427082996815443, 0.01467062532901764, 0.020147858187556267, 0.014856617897748947, 0.0253717303276062, 0.022807827219367027, 0.017276300117373466, 0.014072178862988949, 0.028451241552829742, 0.030785180628299713, 0.032047152519226074, 0.019791949540376663, 0.030796600505709648, 0.03377293050289154, 0.024387028068304062, 0.016906488686800003, 0.028743620961904526, 0.03768647089600563, 0.024771448224782944, 0.028418129310011864, 0.04237641021609306, 0.035081665962934494, 0.025317974388599396, 0.023866211995482445, 0.04044681787490845, 0.03436456620693207, 0.026330582797527313, 0.018335778266191483, 0.04186559468507767, 0.0467056930065155, 0.0357447974383831, 0.027958348393440247, 0.03290267661213875, 0.03816711902618408, 0.019547592848539352, 0.022656274959445, 0.04715588688850403, 0.04352276772260666, 0.036290816962718964, 0.024594727903604507, 0.035874806344509125, 0.02512301132082939, 0.021805142983794212, 0.03783852979540825, 0.02624061331152916, 0.029459021985530853], "LPIPS": [0.1191025972366333, 0.2695874869823456, 0.27251842617988586, 0.23458528518676758, 0.28695541620254517, 0.24543344974517822, 0.32282471656799316, 0.36661842465400696, 0.34801891446113586, 0.2736208438873291, 0.28716373443603516, 0.3322673439979553, 0.37802010774612427, 0.26013338565826416, 0.3654923439025879, 0.3879009187221527, 0.37552785873413086, 0.34400972723960876, 0.3553236126899719, 0.35942763090133667, 0.3329890966415405, 0.32369112968444824, 0.39537715911865234, 0.38989290595054626, 0.36549124121665955, 0.3213958144187927, 0.4276316165924072, 0.3909330666065216, 0.4079177677631378, 0.2902178466320038, 0.34938931465148926, 0.37643736600875854, 0.35197973251342773, 0.34843528270721436, 0.3822251260280609, 0.43609413504600525, 0.3128029406070709, 0.273678183555603, 0.34093624353408813, 0.3163706660270691, 0.357846200466156, 0.2762380838394165, 0.3994377851486206, 0.38312828540802, 0.2538892924785614, 0.2991192936897278, 0.2400888204574585, 0.3231218457221985]}