{"PSNR": [22.15397834777832, 15.35402536392212, 15.667986869812012, 17.03178882598877, 17.061885595321655, 15.970561504364014, 14.039660692214966, 13.940919637680054, 14.509438276290894, 14.74850058555603, 15.139813423156738, 14.54055905342102, 14.077260494232178, 15.845814943313599, 13.64365816116333, 13.577728271484375, 14.015557765960693, 14.829978942871094, 15.968648195266724, 14.426064491271973, 15.038561820983887, 14.711378812789917, 13.517950773239136, 13.998557329177856, 14.604299068450928, 15.487545728683472, 15.084911584854126, 13.414545059204102, 13.5922110080719, 15.5636727809906, 14.219541549682617, 13.931199312210083, 15.46912670135498, 15.617574453353882, 15.797574520111084, 14.076701402664185, 15.058218240737915, 15.190098285675049, 14.600619077682495, 15.389987230300903, 16.288524866104126, 16.66285991668701, 15.249906778335571, 14.04910683631897, 17.130305767059326, 16.757832765579224, 17.608033418655396, 15.098342895507812], "SSIM": [0.8906949758529663, 0.6606262922286987, 0.6546386480331421, 0.7242106199264526, 0.7134829759597778, 0.660995364189148, 0.6037811636924744, 0.6060065031051636, 0.6436879634857178, 0.637319028377533, 0.6650424599647522, 0.6436089873313904, 0.6225926876068115, 0.6609728336334229, 0.5500948429107666, 0.5823712348937988, 0.6460294723510742, 0.623482346534729, 0.6611785888671875, 0.6412571668624878, 0.6669420599937439, 0.6001861095428467, 0.5709301233291626, 0.6212207674980164, 0.6302775144577026, 0.6360037326812744, 0.6417226195335388, 0.582740068435669, 0.5913388729095459, 0.6460511684417725, 0.590965211391449, 0.5848214030265808, 0.6741765737533569, 0.6316832304000854, 0.649604320526123, 0.6022476553916931, 0.6308735609054565, 0.638346791267395, 0.6086275577545166, 0.6488911509513855, 0.6746468544006348, 0.6810020208358765, 0.6176773905754089, 0.5709165334701538, 0.7196747660636902, 0.7194948196411133, 0.7480778098106384, 0.6021270155906677], "MSE": [0.006089787930250168, 0.02914724126458168, 0.027114486321806908, 0.019807111471891403, 0.01967032253742218, 0.025289712473750114, 0.0394488200545311, 0.040355995297431946, 0.03540431335568428, 0.03350811079144478, 0.03062095306813717, 0.03515152260661125, 0.0391087606549263, 0.026026666164398193, 0.04321497678756714, 0.04387602210044861, 0.039668358862400055, 0.03288532793521881, 0.025300856679677963, 0.03609056398272514, 0.031343236565589905, 0.03379575163125992, 0.044484108686447144, 0.03982394561171532, 0.0346393808722496, 0.02826477400958538, 0.03101050853729248, 0.04555599018931389, 0.04372994229197502, 0.027773641049861908, 0.03784825652837753, 0.04044643044471741, 0.028384901583194733, 0.027431059628725052, 0.026317380368709564, 0.03911378234624863, 0.031201697885990143, 0.030268458649516106, 0.03466874361038208, 0.028906887397170067, 0.023504314944148064, 0.02156323753297329, 0.029854469001293182, 0.039363108575344086, 0.019362855702638626, 0.021096810698509216, 0.017345890402793884, 0.030914753675460815], "LPIPS": [0.15147748589515686, 0.29711103439331055, 0.3087628185749054, 0.2625376582145691, 0.2848750948905945, 0.3035001754760742, 0.35368335247039795, 0.35073548555374146, 0.35398733615875244, 0.35084232687950134, 0.31003957986831665, 0.3336487412452698, 0.4036557972431183, 0.34399014711380005, 0.4658687114715576, 0.3979499936103821, 0.35078006982803345, 0.38548603653907776, 0.3394027650356293, 0.3477261960506439, 0.36545318365097046, 0.43067705631256104, 0.44106194376945496, 0.3703964352607727, 0.40209096670150757, 0.3218285143375397, 0.355507493019104, 0.4013049900531769, 0.40001699328422546, 0.34897953271865845, 0.41214579343795776, 0.4044090509414673, 0.35196223855018616, 0.35548922419548035, 0.38678762316703796, 0.36847755312919617, 0.33546340465545654, 0.3280017077922821, 0.3985287547111511, 0.35574859380722046, 0.29829877614974976, 0.2959640920162201, 0.35792022943496704, 0.365720272064209, 0.29471516609191895, 0.2797498106956482, 0.23852109909057617, 0.3267490267753601]}