{
    "PSNR": [
        24.790489673614502,
        18.088703155517578,
        15.583140850067139,
        15.696349143981934,
        19.07540798187256,
        17.480945587158203,
        16.480284929275513,
        15.915589332580566,
        14.992403984069824,
        14.472510814666748,
        14.787559509277344,
        16.45943284034729,
        17.407634258270264,
        17.073997259140015,
        16.257439851760864,
        15.17317533493042,
        14.782007932662964,
        14.425742626190186,
        14.802240133285522,
        14.341269731521606,
        16.473100185394287,
        16.587659120559692,
        15.188901424407959,
        14.985147714614868,
        15.6373131275177,
        15.657204389572144,
        14.315757751464844,
        16.164422035217285,
        15.613837242126465,
        16.001371145248413,
        16.179897785186768,
        14.708648920059204,
        15.05197286605835,
        17.11375594139099,
        15.815672874450684,
        15.082486867904663,
        15.693893432617188,
        16.11169457435608,
        15.858204364776611,
        15.911478996276855,
        17.723432779312134,
        19.845869541168213,
        16.300013065338135,
        15.871104001998901,
        16.11077904701233,
        16.4441978931427,
        19.492430686950684,
        16.895475387573242
    ],
    "SSIM": [
        0.9313738346099854,
        0.7677887678146362,
        0.6317857503890991,
        0.6195887327194214,
        0.7880420684814453,
        0.7299469709396362,
        0.6785566210746765,
        0.6917942762374878,
        0.6528606414794922,
        0.545819878578186,
        0.5505010485649109,
        0.6790119409561157,
        0.7279599905014038,
        0.7050120830535889,
        0.6417859792709351,
        0.6297227740287781,
        0.697272002696991,
        0.5624313950538635,
        0.5762171149253845,
        0.5205786228179932,
        0.6846286654472351,
        0.6734863519668579,
        0.6108051538467407,
        0.6719643473625183,
        0.7290802001953125,
        0.628402829170227,
        0.5352303385734558,
        0.6946011781692505,
        0.6840590238571167,
        0.653843879699707,
        0.6560614109039307,
        0.61318039894104,
        0.7192219495773315,
        0.7230520248413086,
        0.6401453018188477,
        0.6411149501800537,
        0.6578433513641357,
        0.6635159254074097,
        0.6565134525299072,
        0.7384949922561646,
        0.7808899283409119,
        0.8033753633499146,
        0.7005753517150879,
        0.7055432796478271,
        0.6911656260490417,
        0.7134069800376892,
        0.8204519152641296,
        0.7389256358146667
    ],
    "MSE": [
        0.00331857125274837,
        0.01552850753068924,
        0.027649417519569397,
        0.026937980204820633,
        0.012372552417218685,
        0.017860988155007362,
        0.022489074617624283,
        0.025611858814954758,
        0.03167813643813133,
        0.03570663928985596,
        0.033208101987838745,
        0.022597312927246094,
        0.01816505193710327,
        0.019615545868873596,
        0.023673152551054955,
        0.030386624857783318,
        0.033250581473112106,
        0.03609323874115944,
        0.033096037805080414,
        0.03680213540792465,
        0.02252630516886711,
        0.021939869970083237,
        0.030276790261268616,
        0.03173111379146576,
        0.02730667218565941,
        0.02718188986182213,
        0.03701896592974663,
        0.024185657501220703,
        0.027454670518636703,
        0.025110933929681778,
        0.024099623784422874,
        0.03381700813770294,
        0.031246598809957504,
        0.0194367878139019,
        0.026207931339740753,
        0.03102782927453518,
        0.02695321850478649,
        0.02448108047246933,
        0.025952523574233055,
        0.025636112317442894,
        0.016891054809093475,
        0.010361271910369396,
        0.023442214354872704,
        0.025875553488731384,
        0.024486243724822998,
        0.022676721215248108,
        0.01123975869268179,
        0.02043865993618965
    ],
    "LPIPS": [
        0.11378391087055206,
        0.21700449287891388,
        0.3543674349784851,
        0.3682233393192291,
        0.21825601160526276,
        0.24140506982803345,
        0.25477713346481323,
        0.2653830051422119,
        0.32687896490097046,
        0.41963934898376465,
        0.4122617542743683,
        0.33344733715057373,
        0.28749024868011475,
        0.24401314556598663,
        0.30353832244873047,
        0.30317050218582153,
        0.30086013674736023,
        0.35407787561416626,
        0.3914596736431122,
        0.41039592027664185,
        0.30171018838882446,
        0.30091017484664917,
        0.3282858729362488,
        0.31303107738494873,
        0.2642638087272644,
        0.3469494879245758,
        0.3782467246055603,
        0.2747691869735718,
        0.3060392439365387,
        0.2966218888759613,
        0.32930344343185425,
        0.33699074387550354,
        0.27557095885276794,
        0.254902184009552,
        0.32053908705711365,
        0.3042154610157013,
        0.29853081703186035,
        0.3102463483810425,
        0.316723108291626,
        0.2934074103832245,
        0.18686872720718384,
        0.252195805311203,
        0.24255947768688202,
        0.26972994208335876,
        0.28949689865112305,
        0.3069825768470764,
        0.19773699343204498,
        0.22512270510196686
    ],
    "complexity": {
        "normal_roughness": [
            0.034258730709552765,
            0.03779201954603195,
            0.03970219939947128,
            0.04584406316280365,
            0.0384935662150383,
            0.05158151686191559,
            0.04890923947095871,
            0.03884274140000343,
            0.04065247252583504,
            0.04886686056852341,
            0.04678531736135483,
            0.039472050964832306,
            0.03307893127202988,
            0.048814885318279266,
            0.056294023990631104,
            0.047491349279880524,
            0.034390177577733994,
            0.051210638135671616,
            0.055281177163124084,
            0.048204757273197174,
            0.04225572571158409,
            0.05394019931554794,
            0.05155758932232857,
            0.04108748957514763,
            0.04246700555086136,
            0.053105518221855164,
            0.053767502307891846,
            0.04132046550512314,
            0.03688430041074753,
            0.04764809086918831,
            0.04976658150553703,
            0.044180020689964294,
            0.037283312529325485,
            0.04457792639732361,
            0.0535954050719738,
            0.050109632313251495,
            0.040609948337078094,
            0.04319974035024643,
            0.04031483829021454,
            0.032624535262584686,
            0.033330515027046204,
            0.04283178225159645,
            0.04400075972080231,
            0.039261557161808014,
            0.033176224678754807,
            0.026651594787836075,
            0.028696708381175995,
            0.033034101128578186
        ],