{
    "PSNR": [
        21.508848667144775,
        15.463995933532715,
        13.896130323410034,
        14.640172719955444,
        15.68806767463684,
        13.990130424499512,
        12.273882627487183,
        12.43493914604187,
        12.174668312072754,
        11.623207330703735,
        11.762595176696777,
        12.767693996429443,
        12.12409496307373,
        13.352435827255249,
        9.460059404373169,
        10.6416654586792,
        11.183229684829712,
        11.018656492233276,
        10.861918926239014,
        10.455867052078247,
        11.718029975891113,
        9.984914064407349,
        9.094599485397339,
        11.86025857925415,
        11.480627059936523,
        11.087708473205566,
        10.164494514465332,
        10.084794759750366,
        10.803186893463135,
        11.926227807998657,
        9.729397892951965,
        10.537912845611572,
        12.851085662841797,
        12.746171951293945,
        10.910178422927856,
        10.259572267532349,
        12.970495223999023,
        11.775816679000854,
        11.370702981948853,
        13.426347970962524,
        15.357959270477295,
        14.32346224784851,
        12.28658676147461,
        11.458230018615723,
        14.331245422363281,
        14.567129611968994,
        18.465691804885864,
        14.11432147026062
    ],
    "SSIM": [
        0.8798660039901733,
        0.6617240905761719,
        0.628592312335968,
        0.6472846865653992,
        0.6658545732498169,
        0.6049129962921143,
        0.5818997621536255,
        0.571996808052063,
        0.5600161552429199,
        0.5698632597923279,
        0.582098126411438,
        0.6171298027038574,
        0.5789957046508789,
        0.6109619736671448,
        0.48996132612228394,
        0.5941383242607117,
        0.5550682544708252,
        0.5591957569122314,
        0.5607783794403076,
        0.5423417687416077,
        0.5542516708374023,
        0.46707040071487427,
        0.4501757025718689,
        0.5885594487190247,
        0.5461164116859436,
        0.6049140095710754,
        0.5591855645179749,
        0.5354802012443542,
        0.5445356369018555,
        0.5555519461631775,
        0.4710187315940857,
        0.5012982487678528,
        0.5939475893974304,
        0.6145472526550293,
        0.611366868019104,
        0.5775562524795532,
        0.6024379730224609,
        0.5507158041000366,
        0.5165502429008484,
        0.616417407989502,
        0.686365008354187,
        0.6776401400566101,
        0.6374507546424866,
        0.5777685642242432,
        0.6589526534080505,
        0.639022171497345,
        0.7941594123840332,
        0.6564724445343018
    ],
    "MSE": [
        0.007065050303936005,
        0.02841845154762268,
        0.04077434539794922,
        0.03435442969202995,
        0.026989398524165154,
        0.03990130126476288,
        0.059239547699689865,
        0.05708290636539459,
        0.060608457773923874,
        0.06881439685821533,
        0.06664083898067474,
        0.052872590720653534,
        0.061318349093198776,
        0.046212177723646164,
        0.11323849856853485,
        0.08626475930213928,
        0.07615125179290771,
        0.07909232378005981,
        0.08199891448020935,
        0.09003540128469467,
        0.06732819974422455,
        0.10034798085689545,
        0.12317997217178345,
        0.06515896320343018,
        0.07111108303070068,
        0.07784473896026611,
        0.09628322720527649,
        0.09806647151708603,
        0.0831153616309166,
        0.06417667865753174,
        0.10642906278371811,
        0.08835043758153915,
        0.051867034286260605,
        0.053135260939598083,
        0.08109278976917267,
        0.09419824928045273,
        0.05046038329601288,
        0.06643828749656677,
        0.07293395698070526,
        0.045432351529598236,
        0.029120858758687973,
        0.03695334494113922,
        0.059066519141197205,
        0.07147876173257828,
        0.03688718006014824,
        0.034937117248773575,
        0.014237407594919205,
        0.03877643495798111
    ],
    "LPIPS": [
        0.15895190834999084,
        0.2806028127670288,
        0.35300642251968384,
        0.3230877220630646,
        0.28961247205734253,
        0.3631529211997986,
        0.39047515392303467,
        0.3522854447364807,
        0.3858817517757416,
        0.3958008587360382,
        0.36090973019599915,
        0.323358952999115,
        0.3433476984500885,
        0.3652398884296417,
        0.5044803619384766,
        0.38677656650543213,
        0.3894850015640259,
        0.40054386854171753,
        0.3780457675457001,
        0.38785773515701294,
        0.39736878871917725,
        0.47551393508911133,
        0.5077627897262573,
        0.35876232385635376,
        0.39636707305908203,
        0.3821106553077698,
        0.41066277027130127,
        0.4082395136356354,
        0.38461175560951233,
        0.3723944425582886,
        0.4549342095851898,
        0.4048177897930145,
        0.328927218914032,
        0.3647204637527466,
        0.40302151441574097,
        0.4149515926837921,
        0.3350255489349365,
        0.3741062581539154,
        0.40424129366874695,
        0.3200913667678833,
        0.25833430886268616,
        0.3024815320968628,
        0.33283305168151855,
        0.35944226384162903,
        0.29184475541114807,
        0.29157719016075134,
        0.21727663278579712,
        0.26423266530036926
    ],
    "complexity": {
        "normal_roughness": [
            0.046660296618938446,
            0.053428612649440765,
            0.052796583622694016,
            0.053629010915756226,
            0.05323265120387077,
            0.04648914933204651,
            0.04383713752031326,
            0.04528731480240822,
            0.045729562640190125,
            0.042544882744550705,
            0.04525789991021156,
            0.05240463837981224,
            0.04664256423711777,
            0.0426548607647419,
            0.042118676006793976,
            0.031725361943244934,
            0.034959010779857635,
            0.0364336259663105,
            0.03119676560163498,
            0.03990644961595535,
            0.03468308597803116,
            0.03433429077267647,
            0.03435373306274414,
            0.036509864032268524,
            0.03936323523521423,
            0.028261611238121986,
            0.027954071760177612,
            0.03867081552743912,
            0.03969692066311836,
            0.03725652024149895,
            0.04304802045226097,
            0.041837435215711594,
            0.04485619068145752,
            0.03906305879354477,
            0.026508774608373642,
            0.03347641974687576,
            0.044822752475738525,
            0.04743681848049164,
            0.05335753783583641,
            0.051676101982593536,
            0.04682772234082222,
            0.03978811949491501,
            0.037475135177373886,
            0.0431586354970932,
            0.05312958359718323,
            0.05469570308923721,
            0.049071624875068665,
            0.0478663444519043
        ],