{"PSNR": [22.42532730102539, 16.016045808792114, 13.794121742248535, 14.136821031570435, 18.484609127044678, 17.001776695251465, 14.397084712982178, 12.9481041431427, 12.357685565948486, 11.662030220031738, 10.834729671478271, 13.967477083206177, 14.99488115310669, 16.557587385177612, 13.853968381881714, 12.002708911895752, 11.455808877944946, 13.329752683639526, 11.176141500473022, 11.170450448989868, 14.996936321258545, 14.246683120727539, 11.968892812728882, 10.921669006347656, 13.417459726333618, 13.30132246017456, 11.263073682785034, 13.143951892852783, 13.294816017150879, 13.899592161178589, 13.015575408935547, 11.290819644927979, 12.429900169372559, 16.50069236755371, 13.210399150848389, 13.118935823440552, 13.055287599563599, 12.944430112838745, 12.155115604400635, 12.605262994766235, 16.72271728515625, 17.27012872695923, 14.644569158554077, 14.3900728225708, 13.702034950256348, 14.256080389022827, 19.232672452926636, 16.271737813949585], "SSIM": [0.8868122100830078, 0.6989704966545105, 0.6551545858383179, 0.6129298210144043, 0.7262510061264038, 0.716596782207489, 0.6819865107536316, 0.6119471788406372, 0.6149089336395264, 0.5013959407806396, 0.5182409286499023, 0.6490004062652588, 0.6589102149009705, 0.6799504160881042, 0.6638790369033813, 0.6182279586791992, 0.5996339917182922, 0.5865672826766968, 0.5167032480239868, 0.523704469203949, 0.6221060752868652, 0.639999270439148, 0.602741539478302, 0.6037048101425171, 0.6469637751579285, 0.5930771827697754, 0.5126132965087891, 0.6414446830749512, 0.6176126003265381, 0.6202768087387085, 0.6365044713020325, 0.6126893758773804, 0.6543895602226257, 0.7253738641738892, 0.6043050289154053, 0.5876275300979614, 0.617050290107727, 0.6040127277374268, 0.6352946758270264, 0.6746870875358582, 0.7547998428344727, 0.750319242477417, 0.6588868498802185, 0.6721987128257751, 0.6509973406791687, 0.6875878572463989, 0.8047831058502197, 0.7168760299682617], "MSE": [0.005720939487218857, 0.02502623200416565, 0.041743408888578415, 0.03857605904340744, 0.014175526797771454, 0.019944462925195694, 0.03633218631148338, 0.05072121322154999, 0.0581074133515358, 0.06820197403430939, 0.08251389861106873, 0.04010997712612152, 0.03166007250547409, 0.022092318162322044, 0.04117211326956749, 0.06305639445781708, 0.07151862233877182, 0.04645417258143425, 0.07627563178539276, 0.07637564837932587, 0.03164508938789368, 0.03761245310306549, 0.06354930996894836, 0.08087851107120514, 0.04552542790770531, 0.04675927758216858, 0.07476401329040527, 0.04848471283912659, 0.046829383820295334, 0.040741853415966034, 0.049939315766096115, 0.07428789138793945, 0.057149194180965424, 0.022383645176887512, 0.04774854704737663, 0.048764802515506744, 0.0494847297668457, 0.05076414346694946, 0.06088193878531456, 0.054887544363737106, 0.0212680846452713, 0.01874939352273941, 0.0343196764588356, 0.03639089688658714, 0.04263797402381897, 0.037531159818172455, 0.011932539753615856, 0.023595338687300682], "LPIPS": [0.14444303512573242, 0.2714988589286804, 0.3402691185474396, 0.36157965660095215, 0.23117750883102417, 0.2617952823638916, 0.2835804224014282, 0.33937495946884155, 0.3632350564002991, 0.4522794783115387, 0.48914045095443726, 0.34194648265838623, 0.29305803775787354, 0.2904818654060364, 0.3303433656692505, 0.3500497341156006, 0.35718682408332825, 0.358818382024765, 0.479503870010376, 0.46419423818588257, 0.3276764750480652, 0.3391953706741333, 0.3625473082065582, 0.3647037148475647, 0.30752032995224, 0.4107531011104584, 0.44053375720977783, 0.33636903762817383, 0.3336438834667206, 0.36646997928619385, 0.37363409996032715, 0.36558371782302856, 0.29037103056907654, 0.2482314109802246, 0.4146178364753723, 0.3537004292011261, 0.37854820489883423, 0.3885498344898224, 0.3862748146057129, 0.2951262593269348, 0.22419527173042297, 0.25195178389549255, 0.30673229694366455, 0.28300708532333374, 0.337210476398468, 0.29654330015182495, 0.21780942380428314, 0.23939941823482513]}