{"PSNR": [22.88381814956665, 20.577397346496582, 18.025002479553223, 16.533225774765015, 21.182405948638916, 18.884888887405396, 18.97177219390869, 20.03190279006958, 19.47587013244629, 16.377183198928833, 15.360655784606934, 16.358842849731445, 19.478992223739624, 18.775347471237183, 17.44128704071045, 18.590370416641235, 21.050314903259277, 17.532291412353516, 15.299886465072632, 15.647695064544678, 19.80665683746338, 16.75156593322754, 17.484506368637085, 18.830721378326416, 20.954315662384033, 16.5517520904541, 15.32425045967102, 16.786751747131348, 20.62220335006714, 17.43241548538208, 16.5506649017334, 17.96338438987732, 20.303950309753418, 19.00243878364563, 16.58249855041504, 16.307889223098755, 18.567800521850586, 16.35210394859314, 17.13543176651001, 18.715733289718628, 20.68687677383423, 19.64010715484619, 18.64612579345703, 22.14735746383667, 17.666165828704834, 18.111917972564697, 21.346712112426758, 22.26876974105835], "SSIM": [0.9178128242492676, 0.8736673593521118, 0.8172027468681335, 0.7331377267837524, 0.8610090613365173, 0.791301429271698, 0.8094553351402283, 0.8539354801177979, 0.843035101890564, 0.7288641929626465, 0.673041820526123, 0.7230267524719238, 0.8060339689254761, 0.7724370956420898, 0.7120712995529175, 0.7927683591842651, 0.8834773302078247, 0.7532579302787781, 0.6570484042167664, 0.6853558421134949, 0.812351405620575, 0.6878087520599365, 0.7089642286300659, 0.8038670420646667, 0.8609963655471802, 0.7104591131210327, 0.6614444255828857, 0.7145071029663086, 0.8394525051116943, 0.7328958511352539, 0.6688544750213623, 0.7453081011772156, 0.8621641993522644, 0.804011344909668, 0.7220487594604492, 0.7272107005119324, 0.7922369837760925, 0.6869540214538574, 0.7116355895996094, 0.7864004969596863, 0.8811988830566406, 0.8426367044448853, 0.8152066469192505, 0.8805766105651855, 0.7627205848693848, 0.7755088806152344, 0.8919990062713623, 0.9061528444290161], "MSE": [0.00514775887131691, 0.008755084127187729, 0.015757951885461807, 0.022216593846678734, 0.0076165697537362576, 0.012927396222949028, 0.012671349570155144, 0.00992681086063385, 0.011282701045274734, 0.023029353469610214, 0.029102785512804985, 0.023126807063817978, 0.011274589225649834, 0.013257610611617565, 0.018024835735559464, 0.013834480196237564, 0.007851788774132729, 0.017651066184043884, 0.029512863606214523, 0.02724146470427513, 0.01045524887740612, 0.02112726867198944, 0.017846349626779556, 0.013089649379253387, 0.008027281612157822, 0.02212202548980713, 0.02934776060283184, 0.020956797525286674, 0.008665221743285656, 0.018061701208353043, 0.022127559408545494, 0.01598312333226204, 0.009324061684310436, 0.012582186609506607, 0.021965956315398216, 0.023399746045470238, 0.0139065682888031, 0.023162728175520897, 0.019340019673109055, 0.013440846465528011, 0.008537140674889088, 0.01086399145424366, 0.013658012263476849, 0.006099077872931957, 0.017115257680416107, 0.015445724129676819, 0.0073337978683412075, 0.0059309350326657295], "LPIPS": [0.11134106665849686, 0.17097845673561096, 0.22373728454113007, 0.2363448292016983, 0.17707455158233643, 0.21497438848018646, 0.20670242607593536, 0.20472991466522217, 0.21486343443393707, 0.27573150396347046, 0.31943783164024353, 0.2810065746307373, 0.2704077363014221, 0.21355286240577698, 0.26406148076057434, 0.2358960509300232, 0.20101001858711243, 0.26973259449005127, 0.3226972818374634, 0.3462144136428833, 0.2591971457004547, 0.28898996114730835, 0.24711596965789795, 0.21689465641975403, 0.19578206539154053, 0.292768657207489, 0.36109912395477295, 0.2965257167816162, 0.23197972774505615, 0.2574318051338196, 0.27769985795021057, 0.2395024597644806, 0.1938045620918274, 0.22496990859508514, 0.27501505613327026, 0.3059904873371124, 0.20795133709907532, 0.2931358516216278, 0.2760494351387024, 0.20319926738739014, 0.15966719388961792, 0.19704344868659973, 0.203359454870224, 0.17627933621406555, 0.2190120965242386, 0.20180097222328186, 0.1712896227836609, 0.12452223896980286]}