{"PSNR": [23.50087881088257, 23.121371269226074, 15.030831098556519, 15.606169700622559, 22.95323371887207, 17.601701021194458, 16.632007360458374, 20.40980577468872, 15.466163158416748, 13.082668781280518, 13.391307592391968, 16.294769048690796, 20.855207443237305, 17.579587697982788, 15.326681137084961, 16.100192070007324, 19.773752689361572, 13.644311428070068, 12.589446306228638, 14.463121891021729, 19.192389249801636, 15.437536239624023, 14.622800350189209, 17.03658699989319, 16.288974285125732, 13.046952486038208, 13.444347381591797, 17.575780153274536, 22.24146604537964, 16.104109287261963, 14.584239721298218, 14.876906871795654, 18.897204399108887, 14.998202323913574, 13.757613897323608, 15.879144668579102, 17.317572832107544, 15.183539390563965, 14.583057165145874, 15.895867347717285, 20.82296371459961, 16.009047031402588, 16.5913724899292, 20.63981294631958, 16.443639993667603, 15.942370891571045, 20.184500217437744, 20.73173999786377], "SSIM": [0.91514652967453, 0.8780441284179688, 0.6472944021224976, 0.7053440809249878, 0.9018847942352295, 0.6962869167327881, 0.6470443606376648, 0.8066054582595825, 0.6621044874191284, 0.551501989364624, 0.578438401222229, 0.7295715808868408, 0.8782110214233398, 0.691246509552002, 0.5832856297492981, 0.6404066681861877, 0.821182906627655, 0.5825624465942383, 0.5298835039138794, 0.6251623630523682, 0.7737427949905396, 0.5774499773979187, 0.5671935081481934, 0.719645619392395, 0.7105948328971863, 0.5516167879104614, 0.5678820013999939, 0.7590221762657166, 0.8930241465568542, 0.6445710062980652, 0.5566521286964417, 0.6147689819335938, 0.828007698059082, 0.6565829515457153, 0.5989848971366882, 0.6870998740196228, 0.7405219078063965, 0.6149338483810425, 0.6094108819961548, 0.7152127623558044, 0.8871816992759705, 0.7271234393119812, 0.7353598475456238, 0.8696713447570801, 0.7227270007133484, 0.7157196998596191, 0.8922462463378906, 0.8979651927947998], "MSE": [0.004465932957828045, 0.004873746540397406, 0.03139908239245415, 0.027503184974193573, 0.005066134035587311, 0.01737120747566223, 0.021716972813010216, 0.009099539369344711, 0.028404276818037033, 0.049173735082149506, 0.045800402760505676, 0.023470541462302208, 0.008212575688958168, 0.017459876835346222, 0.02933134138584137, 0.024546008557081223, 0.010534761473536491, 0.04320846125483513, 0.05508778989315033, 0.03578391298651695, 0.012043732218444347, 0.028592120856046677, 0.034492127597332, 0.019785244017839432, 0.023501884192228317, 0.04957979544997215, 0.04524444788694382, 0.017475197091698647, 0.0059683374129235744, 0.02452387474477291, 0.03479974344372749, 0.032531894743442535, 0.01289079338312149, 0.03163587301969528, 0.042095791548490524, 0.025827690958976746, 0.01854568161070347, 0.03031419962644577, 0.03480921685695648, 0.025728430598974228, 0.00827377662062645, 0.025066595524549484, 0.021921124309301376, 0.008630156517028809, 0.022679632529616356, 0.025454405695199966, 0.00958407111465931, 0.008449404500424862], "LPIPS": [0.11978602409362793, 0.20485247671604156, 0.314321905374527, 0.25508588552474976, 0.12273535877466202, 0.2776118516921997, 0.28949007391929626, 0.22526897490024567, 0.3614674210548401, 0.43439406156539917, 0.3855283260345459, 0.2566075921058655, 0.1971454620361328, 0.2924657166004181, 0.3489980697631836, 0.33654940128326416, 0.2475878894329071, 0.42848819494247437, 0.43091604113578796, 0.3305051326751709, 0.23831482231616974, 0.34494346380233765, 0.36475682258605957, 0.31315213441848755, 0.3232281804084778, 0.3909479081630707, 0.3756071627140045, 0.2673957347869873, 0.2322429120540619, 0.32880738377571106, 0.3656698763370514, 0.35391104221343994, 0.26521384716033936, 0.344488263130188, 0.34695369005203247, 0.29695942997932434, 0.2845931649208069, 0.30802056193351746, 0.34725290536880493, 0.2654823064804077, 0.1901623159646988, 0.23133042454719543, 0.25075563788414, 0.216441348195076, 0.28743112087249756, 0.27388274669647217, 0.15037916600704193, 0.18143481016159058]}