{"PSNR": [20.953164100646973, 16.46775722503662, 15.03507375717163, 17.622615098953247, 17.555934190750122, 18.44019055366516, 17.064719200134277, 13.68539571762085, 12.836453914642334, 14.646025896072388, 15.642552375793457, 16.926140785217285, 15.828828811645508, 16.39756202697754, 17.82186985015869, 14.463510513305664, 12.924476861953735, 14.045392274856567, 14.54287052154541, 15.41231393814087, 15.16488790512085, 16.020848751068115, 17.311956882476807, 13.849434852600098, 13.505934476852417, 14.517229795455933, 14.848407506942749, 15.70315957069397, 15.126975774765015, 15.337711572647095, 16.143466234207153, 15.633679628372192, 14.573596715927124, 15.126500129699707, 15.723541975021362, 14.938936233520508, 15.120849609375, 15.613986253738403, 16.770100593566895, 17.115647792816162, 17.050912380218506, 15.865540504455566, 15.30478835105896, 15.364851951599121, 15.625474452972412, 16.856447458267212, 18.27404499053955, 16.076462268829346], "SSIM": [0.8479342460632324, 0.696938693523407, 0.6011713743209839, 0.704203724861145, 0.668920636177063, 0.7188258171081543, 0.7045280337333679, 0.5978895425796509, 0.5755930542945862, 0.6275887489318848, 0.5933319330215454, 0.6521061658859253, 0.6067957878112793, 0.6229591369628906, 0.6932036280632019, 0.6247200965881348, 0.5825129747390747, 0.5778707265853882, 0.5599744319915771, 0.5959945917129517, 0.5759586095809937, 0.6082532405853271, 0.7010960578918457, 0.6364020109176636, 0.563078761100769, 0.5808547139167786, 0.5840088725090027, 0.666414201259613, 0.6039392948150635, 0.5918793082237244, 0.644201934337616, 0.6900131106376648, 0.6132939457893372, 0.631875216960907, 0.6733786463737488, 0.6036800742149353, 0.605104923248291, 0.6372184753417969, 0.70428466796875, 0.7112298011779785, 0.7033079862594604, 0.6742370128631592, 0.6553105115890503, 0.6371921896934509, 0.6266438961029053, 0.6869308948516846, 0.7907339334487915, 0.6567813158035278], "MSE": [0.008029411546885967, 0.02255403809249401, 0.03136841952800751, 0.017287753522396088, 0.017555229365825653, 0.014321248978376389, 0.019657494500279427, 0.042801640927791595, 0.05204208940267563, 0.034308161586523056, 0.027273744344711304, 0.020294854417443275, 0.026128660887479782, 0.022921543568372726, 0.01651250571012497, 0.035780712962150574, 0.05099789798259735, 0.03939678519964218, 0.035132817924022675, 0.028758659958839417, 0.030444670468568802, 0.02499857172369957, 0.01856967620551586, 0.04121512174606323, 0.044607363641262054, 0.03534085303544998, 0.032746076583862305, 0.02689577452838421, 0.03071160614490509, 0.029256945475935936, 0.024302635341882706, 0.027329524978995323, 0.03488513454794884, 0.030714966356754303, 0.026769842952489853, 0.032070551067590714, 0.030754949897527695, 0.02745373174548149, 0.021037301048636436, 0.019428323954343796, 0.019720083102583885, 0.02590872347354889, 0.029479576274752617, 0.029074672609567642, 0.027381202206015587, 0.020623166114091873, 0.014879746362566948, 0.024680493399500847], "LPIPS": [0.14343370497226715, 0.2704648971557617, 0.32610103487968445, 0.24362120032310486, 0.27311697602272034, 0.2071663737297058, 0.23150856792926788, 0.34989410638809204, 0.3556528091430664, 0.38781973719596863, 0.3622509241104126, 0.3252555727958679, 0.35123300552368164, 0.3229581117630005, 0.23649558424949646, 0.33511582016944885, 0.3660801649093628, 0.364635169506073, 0.4179404377937317, 0.40369924902915955, 0.3337284028530121, 0.3561054468154907, 0.2743847072124481, 0.3185948133468628, 0.40520936250686646, 0.40030354261398315, 0.3642600476741791, 0.29903340339660645, 0.32621121406555176, 0.36530396342277527, 0.32912540435791016, 0.29025572538375854, 0.3405956029891968, 0.3387077748775482, 0.3392971158027649, 0.3383316695690155, 0.3514069616794586, 0.3687654137611389, 0.29803937673568726, 0.27704399824142456, 0.3022036552429199, 0.28607043623924255, 0.30578333139419556, 0.2700079083442688, 0.3405703902244568, 0.2898775339126587, 0.24531857669353485, 0.24995751678943634]}