{"PSNR": [21.59362554550171, 19.276622533798218, 18.471715450286865, 16.926406621932983, 19.069679975509644, 17.763339281082153, 16.949968338012695, 17.55988121032715, 19.33871626853943, 15.732516050338745, 14.57905650138855, 15.736408233642578, 16.435372829437256, 17.353878021240234, 15.924054384231567, 15.862754583358765, 17.39721417427063, 16.768327951431274, 13.784645795822144, 13.942084312438965, 17.66685724258423, 15.490866899490356, 15.086097717285156, 15.63328504562378, 19.719433784484863, 14.260202646255493, 13.158448934555054, 14.200104475021362, 15.765738487243652, 16.085848808288574, 14.816063642501831, 14.72984790802002, 16.656290292739868, 17.332558631896973, 13.631424903869629, 13.458657264709473, 17.69071102142334, 14.994010925292969, 14.621472358703613, 15.513604879379272, 19.169471263885498, 16.310936212539673, 14.141749143600464, 14.620307683944702, 16.973997354507446, 15.928417444229126, 20.009610652923584, 16.259658336639404], "SSIM": [0.8857197761535645, 0.8096418380737305, 0.8360423445701599, 0.7834986448287964, 0.8595334887504578, 0.7844961881637573, 0.7285935282707214, 0.7548505067825317, 0.8386456966400146, 0.7649997472763062, 0.6971020698547363, 0.7434553503990173, 0.7848450541496277, 0.8003842234611511, 0.6981555819511414, 0.6755318641662598, 0.76652592420578, 0.80223548412323, 0.6611359119415283, 0.6676226854324341, 0.8361594080924988, 0.7157406806945801, 0.6419488787651062, 0.6820165514945984, 0.8343102931976318, 0.6688013076782227, 0.6264439821243286, 0.6982361674308777, 0.787010669708252, 0.7787091135978699, 0.6642603874206543, 0.6443038582801819, 0.751311182975769, 0.7747402191162109, 0.6486343145370483, 0.6434332132339478, 0.8411623239517212, 0.7165428400039673, 0.6646373271942139, 0.7048029899597168, 0.804458498954773, 0.7217151522636414, 0.6697096228599548, 0.6928002834320068, 0.7973892688751221, 0.7460712790489197, 0.824898898601532, 0.7488052248954773], "MSE": [0.006928471382707357, 0.011812391690909863, 0.014217669144272804, 0.020293613895773888, 0.012388879433274269, 0.016736555844545364, 0.020183809101581573, 0.017539281398057938, 0.011644706130027771, 0.026714583858847618, 0.03484130650758743, 0.026690658181905746, 0.022722844034433365, 0.018391292542219162, 0.025561988353729248, 0.025925343856215477, 0.018208688125014305, 0.021045885980129242, 0.04183458536863327, 0.04034517705440521, 0.01711253449320793, 0.028243161737918854, 0.031002044677734375, 0.0273320060223341, 0.010667353868484497, 0.037495553493499756, 0.0483231358230114, 0.038018032908439636, 0.02651100419461727, 0.024627206847071648, 0.03299086168408394, 0.03365234285593033, 0.02159588411450386, 0.018481796607375145, 0.04333686828613281, 0.045095622539520264, 0.017018800601363182, 0.03166642412543297, 0.034502677619457245, 0.028095675632357597, 0.012107457034289837, 0.023383330553770065, 0.0385323166847229, 0.034511931240558624, 0.020072445273399353, 0.025536321103572845, 0.009977900423109531, 0.023661062121391296], "LPIPS": [0.16980886459350586, 0.20626820623874664, 0.2402416169643402, 0.25415462255477905, 0.16710616648197174, 0.2158140391111374, 0.30205291509628296, 0.2722838521003723, 0.26350364089012146, 0.29787108302116394, 0.34084969758987427, 0.29578983783721924, 0.2610730528831482, 0.22435303032398224, 0.3248409926891327, 0.34347426891326904, 0.2823031544685364, 0.30697548389434814, 0.3634965717792511, 0.36803412437438965, 0.2559250295162201, 0.3150150179862976, 0.3500509262084961, 0.33335962891578674, 0.27429938316345215, 0.34061098098754883, 0.3842475712299347, 0.3189812898635864, 0.29014766216278076, 0.3048243820667267, 0.33500146865844727, 0.35229137539863586, 0.3096303343772888, 0.2816978096961975, 0.3594810962677002, 0.35387682914733887, 0.259793758392334, 0.3114249110221863, 0.3385518789291382, 0.3387095034122467, 0.26435577869415283, 0.26518991589546204, 0.3372822403907776, 0.32613539695739746, 0.25372591614723206, 0.28129804134368896, 0.20273995399475098, 0.25713610649108887]}