{"PSNR": [23.499362468719482, 18.619534969329834, 15.578030347824097, 16.761401891708374, 18.99809718132019, 16.678863763809204, 15.59315800666809, 16.19910717010498, 15.49085259437561, 13.859530687332153, 14.259449243545532, 17.14739441871643, 17.020241022109985, 16.73069477081299, 14.461712837219238, 14.07219648361206, 15.287566184997559, 13.823161125183105, 13.059532642364502, 14.444708824157715, 17.243794202804565, 14.60745096206665, 13.247250318527222, 13.859543800354004, 15.679957866668701, 13.396400213241577, 13.403869867324829, 15.752465724945068, 15.707966089248657, 15.896621942520142, 13.375519514083862, 12.957087755203247, 14.713903665542603, 15.913785696029663, 13.710852861404419, 14.850965738296509, 16.69491410255432, 14.422730207443237, 13.554551601409912, 13.808815479278564, 19.282292127609253, 16.322453022003174, 15.3882896900177, 15.734702348709106, 15.53371787071228, 14.6690833568573, 19.23077940940857, 17.218098640441895], "SSIM": [0.9030513763427734, 0.7675198912620544, 0.622970700263977, 0.6777033805847168, 0.7751097679138184, 0.702303409576416, 0.6776572465896606, 0.7162057757377625, 0.6395763754844666, 0.545598030090332, 0.5850626230239868, 0.7120871543884277, 0.7270909547805786, 0.7123906016349792, 0.6128696203231812, 0.6391621828079224, 0.703579843044281, 0.5545432567596436, 0.52517169713974, 0.6156440377235413, 0.7235714793205261, 0.6210787296295166, 0.5894423127174377, 0.6567947268486023, 0.7050071954727173, 0.5515429377555847, 0.5680519342422485, 0.7107206583023071, 0.6871747970581055, 0.691190242767334, 0.5961835384368896, 0.6261609792709351, 0.7186200618743896, 0.6975557804107666, 0.5851604342460632, 0.6783673167228699, 0.7256213426589966, 0.6522938013076782, 0.6519039869308472, 0.694491982460022, 0.8248087167739868, 0.7015649676322937, 0.6869663000106812, 0.7019897699356079, 0.7389644384384155, 0.7231876850128174, 0.8192377090454102, 0.7366132736206055], "MSE": [0.004467491060495377, 0.013741893693804741, 0.027681974694132805, 0.021079478785395622, 0.01259477250277996, 0.021483927965164185, 0.02758571319282055, 0.023993266746401787, 0.028243258595466614, 0.04111941158771515, 0.03750205785036087, 0.01928682066500187, 0.01985984854400158, 0.021229049190878868, 0.03579552471637726, 0.039154380559921265, 0.029596706852316856, 0.041465215384960175, 0.04943639039993286, 0.03593594580888748, 0.018863428384065628, 0.03461425006389618, 0.047345101833343506, 0.041119299829006195, 0.027039851993322372, 0.04574672505259514, 0.045668117702007294, 0.026592154055833817, 0.026866024360060692, 0.025723962113261223, 0.04596720263361931, 0.050616394728422165, 0.03377611190080643, 0.025622500106692314, 0.04255148768424988, 0.03272679075598717, 0.021404674276709557, 0.0361182801425457, 0.044110797345638275, 0.04160241037607193, 0.011796976439654827, 0.02332141064107418, 0.02891818806529045, 0.02670114114880562, 0.02796586975455284, 0.034126490354537964, 0.011937739327549934, 0.01897536590695381], "LPIPS": [0.10536686331033707, 0.25889110565185547, 0.4130874276161194, 0.32690149545669556, 0.2301427125930786, 0.23795661330223083, 0.29636576771736145, 0.26298993825912476, 0.3703882098197937, 0.4474382996559143, 0.4026757478713989, 0.2909548282623291, 0.2596248388290405, 0.26288270950317383, 0.29076236486434937, 0.3383007347583771, 0.28113216161727905, 0.39526060223579407, 0.4589543342590332, 0.3732713460922241, 0.2661125361919403, 0.31598082184791565, 0.34612077474594116, 0.3675236105918884, 0.2849072217941284, 0.3762318789958954, 0.37714070081710815, 0.2954906225204468, 0.3241170644760132, 0.30578088760375977, 0.3590933084487915, 0.35604241490364075, 0.2884288728237152, 0.2826690375804901, 0.3495771288871765, 0.3346771001815796, 0.30523738265037537, 0.3513813018798828, 0.3391530513763428, 0.33109229803085327, 0.19233328104019165, 0.2744143307209015, 0.2962111532688141, 0.2809338867664337, 0.3257777988910675, 0.3148806095123291, 0.21414874494075775, 0.23418021202087402]}