{
    "PSNR": [
        21.500754356384277,
        14.178297519683838,
        13.926869630813599,
        15.569983720779419,
        14.194155931472778,
        15.929847955703735,
        12.734791040420532,
        12.277858257293701,
        12.262763977050781,
        13.026026487350464,
        13.462129831314087,
        14.27391529083252,
        11.729367971420288,
        12.528825998306274,
        12.349752187728882,
        10.959267616271973,
        11.577539443969727,
        12.104119062423706,
        12.68112301826477,
        12.916028499603271,
        11.539379358291626,
        13.741575479507446,
        11.1677086353302,
        10.703922510147095,
        11.2722647190094,
        11.891963481903076,
        12.262132167816162,
        11.348059177398682,
        11.434519290924072,
        13.016363382339478,
        12.929825782775879,
        11.097393035888672,
        12.06997275352478,
        12.007880210876465,
        12.83332347869873,
        11.994564533233643,
        11.92029356956482,
        13.30296277999878,
        12.392486333847046,
        12.661101818084717,
        13.756570816040039,
        15.081032514572144,
        13.895606994628906,
        12.210092544555664,
        12.762001752853394,
        14.007031917572021,
        17.003284692764282,
        13.495422601699829
    ],
    "SSIM": [
        0.8680958151817322,
        0.6032068133354187,
        0.5912801623344421,
        0.6583240032196045,
        0.6578816175460815,
        0.6747287511825562,
        0.5398083925247192,
        0.5511054992675781,
        0.5376376509666443,
        0.5900426506996155,
        0.5978891849517822,
        0.6665639281272888,
        0.5773401856422424,
        0.5849564671516418,
        0.5333259105682373,
        0.4895671308040619,
        0.5311229825019836,
        0.5702860355377197,
        0.5847177505493164,
        0.6020947694778442,
        0.5658773183822632,
        0.637177586555481,
        0.48221200704574585,
        0.5376678705215454,
        0.5758039951324463,
        0.6007663607597351,
        0.6014918684959412,
        0.5609170794487,
        0.5533353686332703,
        0.5935721397399902,
        0.566525399684906,
        0.515810489654541,
        0.6342012286186218,
        0.5884219408035278,
        0.6671133041381836,
        0.6211041212081909,
        0.5498552322387695,
        0.5979022979736328,
        0.5572656393051147,
        0.5846845507621765,
        0.6514186859130859,
        0.6851420402526855,
        0.6720930933952332,
        0.5907008647918701,
        0.573377251625061,
        0.6318619251251221,
        0.7342421412467957,
        0.61053067445755
    ],
    "MSE": [
        0.007078226655721664,
        0.038209397345781326,
        0.040486764162778854,
        0.02773330733180046,
        0.038070134818553925,
        0.02552790939807892,
        0.053274691104888916,
        0.05918534845113754,
        0.059391409158706665,
        0.04981927201151848,
        0.04505957290530205,
        0.03737735003232956,
        0.06715267151594162,
        0.055862121284008026,
        0.05821363627910614,
        0.08018134534358978,
        0.06954184174537659,
        0.06160106509923935,
        0.053937118500471115,
        0.05109721049666405,
        0.07015557587146759,
        0.042251527309417725,
        0.07642388343811035,
        0.08503696322441101,
        0.07460597157478333,
        0.06468501687049866,
        0.0594000518321991,
        0.07331521809101105,
        0.07187008857727051,
        0.049930255860090256,
        0.050935130566358566,
        0.0776713415980339,
        0.0620872899889946,
        0.06298136711120605,
        0.052079614251852036,
        0.06317474693059921,
        0.0642644464969635,
        0.04674161598086357,
        0.057643644511699677,
        0.054186344146728516,
        0.04210589826107025,
        0.03103822097182274,
        0.04077926278114319,
        0.06011609360575676,
        0.0529419481754303,
        0.03974630683660507,
        0.01993754133582115,
        0.04471546411514282
    ],
    "LPIPS": [
        0.17273564636707306,
        0.3592371940612793,
        0.34265413880348206,
        0.27543389797210693,
        0.26265737414360046,
        0.26361995935440063,
        0.3790264129638672,
        0.42281198501586914,
        0.3830583691596985,
        0.37744367122650146,
        0.3769000172615051,
        0.3194769024848938,
        0.37048566341400146,
        0.3762073814868927,
        0.4195363223552704,
        0.47080373764038086,
        0.3786756992340088,
        0.3606388568878174,
        0.3562190532684326,
        0.33714428544044495,
        0.3850265145301819,
        0.333293080329895,
        0.477042019367218,
        0.40837740898132324,
        0.3321172595024109,
        0.35786712169647217,
        0.3712156116962433,
        0.420043021440506,
        0.3677654266357422,
        0.3334406912326813,
        0.4056042730808258,
        0.4049587845802307,
        0.3033595383167267,
        0.33663180470466614,
        0.35174891352653503,
        0.37823647260665894,
        0.3633359372615814,
        0.3753594160079956,
        0.38966450095176697,
        0.3373519480228424,
        0.2803167700767517,
        0.3013527989387512,
        0.3282581567764282,
        0.3423580825328827,
        0.3385140299797058,
        0.27550816535949707,
        0.25286048650741577,
        0.3546370267868042
    ],
    "complexity": {
        "normal_roughness": [
            0.05408240482211113,
            0.055189959704875946,
            0.05443880334496498,
            0.05173968896269798,
            0.04547026753425598,
            0.04452384635806084,
            0.04370160400867462,
            0.048459939658641815,
            0.05170394480228424,
            0.048379234969615936,
            0.042926423251628876,
            0.04298646003007889,
            0.03927319496870041,
            0.034010715782642365,
            0.033485714346170425,
            0.04012922942638397,
            0.044144295156002045,
            0.046541791409254074,
            0.03536491096019745,
            0.0315815731883049,
            0.04037966579198837,
            0.036574915051460266,
            0.03550201654434204,
            0.030239799991250038,
            0.03585880994796753,
            0.034952376037836075,
            0.024904964491724968,
            0.03231051564216614,
            0.042086225003004074,
            0.044888272881507874,
            0.04374324530363083,
            0.03896653652191162,
            0.03640230372548103,
            0.03745109960436821,
            0.030083339661359787,
            0.029947100207209587,
            0.049903444945812225,
            0.05347998067736626,
            0.05170141160488129,
            0.04469940438866615,
            0.04470422863960266,
            0.043091125786304474,
            0.03770223259925842,
            0.04418834671378136,
            0.05432196706533432,
            0.05423380061984062,
            0.049999069422483444,
            0.04860842227935791
        ],