{
    "PSNR": [
        21.585383415222168,
        15.629611015319824,
        15.55240273475647,
        16.84440016746521,
        17.049087285995483,
        18.25662851333618,
        14.87763524055481,
        13.84569525718689,
        14.080432653427124,
        14.665354490280151,
        14.684066772460938,
        14.671759605407715,
        13.152745962142944,
        15.25053858757019,
        14.77810025215149,
        12.976526021957397,
        13.18541169166565,
        14.015260934829712,
        14.327244758605957,
        13.486877679824829,
        13.139415979385376,
        15.011454820632935,
        12.768453359603882,
        12.592337131500244,
        13.983447551727295,
        14.831467866897583,
        14.67537522315979,
        12.951807975769043,
        13.042823076248169,
        14.595311880111694,
        13.727437257766724,
        12.901933193206787,
        14.923113584518433,
        15.718764066696167,
        16.262640953063965,
        13.896528482437134,
        13.904647827148438,
        16.055052280426025,
        15.19546389579773,
        15.801019668579102,
        17.063854932785034,
        18.541651964187622,
        15.979769229888916,
        14.063751697540283,
        16.018354892730713,
        16.89220905303955,
        19.36468005180359,
        16.218751668930054
    ],
    "SSIM": [
        0.8812677264213562,
        0.6347533464431763,
        0.6085292100906372,
        0.711962878704071,
        0.7241543531417847,
        0.7581889033317566,
        0.6210665702819824,
        0.5728700160980225,
        0.5815441012382507,
        0.6014708280563354,
        0.6694828271865845,
        0.6674203276634216,
        0.622620701789856,
        0.6537640690803528,
        0.5936495661735535,
        0.5532098412513733,
        0.5508419871330261,
        0.6133403778076172,
        0.650231122970581,
        0.6483585834503174,
        0.6057106852531433,
        0.6686345934867859,
        0.5508322715759277,
        0.5699514150619507,
        0.6388851404190063,
        0.6579453349113464,
        0.654630184173584,
        0.5984121561050415,
        0.56927490234375,
        0.6192342638969421,
        0.5827088356018066,
        0.5719915628433228,
        0.6647466421127319,
        0.662702739238739,
        0.699600875377655,
        0.6054472327232361,
        0.5588540434837341,
        0.6595848798751831,
        0.6567544937133789,
        0.6957656741142273,
        0.6856824159622192,
        0.7574002146720886,
        0.672060489654541,
        0.5878655910491943,
        0.607280969619751,
        0.6870955228805542,
        0.7896737456321716,
        0.636540412902832
    ],
    "MSE": [
        0.006941632833331823,
        0.027355145663022995,
        0.027845799922943115,
        0.02068045362830162,
        0.019728373736143112,
        0.014939541928470135,
        0.03252643346786499,
        0.04125061631202698,
        0.03908020257949829,
        0.034155815839767456,
        0.03400896489620209,
        0.03410547226667404,
        0.04838663339614868,
        0.029850125312805176,
        0.03328051418066025,
        0.05039036273956299,
        0.04802405834197998,
        0.039671070873737335,
        0.0369211807847023,
        0.04480353742837906,
        0.048535387963056564,
        0.03153948113322258,
        0.05286335200071335,
        0.05505114048719406,
        0.03996274620294571,
        0.03287404775619507,
        0.03407709300518036,
        0.05067798122763634,
        0.049626968801021576,
        0.03471113741397858,
        0.04238930344581604,
        0.05126331374049187,
        0.03218759968876839,
        0.026799311861395836,
        0.023644816130399704,
        0.04077061265707016,
        0.040694452822208405,
        0.02480246126651764,
        0.030231080949306488,
        0.02629650942981243,
        0.01966140791773796,
        0.013990556821227074,
        0.025236155837774277,
        0.0392305962741375,
        0.02501293085515499,
        0.020454041659832,
        0.01157529465854168,
        0.023884981870651245
    ],
    "LPIPS": [
        0.15478472411632538,
        0.34497517347335815,
        0.4012495279312134,
        0.2512909173965454,
        0.25370529294013977,
        0.2644532024860382,
        0.37885528802871704,
        0.39841228723526,
        0.41842859983444214,
        0.4373844265937805,
        0.34956929087638855,
        0.3020353317260742,
        0.37751954793930054,
        0.2903978228569031,
        0.3600957989692688,
        0.4294300079345703,
        0.42035621404647827,
        0.407850444316864,
        0.41490107774734497,
        0.3863319754600525,
        0.34756356477737427,
        0.34456440806388855,
        0.4555148184299469,
        0.3965926170349121,
        0.36734074354171753,
        0.3568347096443176,
        0.36586257815361023,
        0.37166905403137207,
        0.3814314901828766,
        0.3314181864261627,
        0.4340331554412842,
        0.45502176880836487,
        0.3285449147224426,
        0.3621729016304016,
        0.34693852066993713,
        0.3599957525730133,
        0.38206321001052856,
        0.36838802695274353,
        0.3817417025566101,
        0.3017942011356354,
        0.25668585300445557,
        0.252072811126709,
        0.28815582394599915,
        0.34823083877563477,
        0.3648737370967865,
        0.2906380891799927,
        0.20337927341461182,
        0.30081892013549805
    ],
    "complexity": {
        "normal_roughness": [
            0.04375847429037094,
            0.055053092539310455,
            0.04812692105770111,
            0.04195427894592285,
            0.045188046991825104,
            0.053468845784664154,
            0.055299364030361176,
            0.05329184606671333,
            0.04759852588176727,
            0.0373179093003273,
            0.0289822518825531,
            0.03370991349220276,
            0.038604408502578735,
            0.04374876618385315,
            0.04917871206998825,
            0.047951940447092056,
            0.04773605614900589,
            0.03751390799880028,
            0.02914414368569851,
            0.026092661544680595,
            0.03722485154867172,
            0.039441436529159546,
            0.04200049489736557,
            0.04082822799682617,
            0.035411883145570755,
            0.0378401055932045,
            0.03224075585603714,
            0.037267353385686874,
            0.04518021270632744,
            0.037648756057024,
            0.035080913454294205,
            0.03406824171543121,
            0.03280838206410408,
            0.042927131056785583,
            0.0422530472278595,
            0.04177152365446091,
            0.04797389730811119,
            0.04015754163265228,
            0.04045112803578377,
            0.03827468305826187,
            0.04475225508213043,
            0.04925747215747833,
            0.048802051693201065,
            0.049998506903648376,
            0.051887184381484985,
            0.05048134922981262,
            0.052761901170015335,
            0.054581064730882645
        ],