{
    "PSNR": [
        22.47739553451538,
        15.515708923339844,
        14.57297682762146,
        17.83568263053894,
        17.723259925842285,
        18.289928436279297,
        16.747385263442993,
        14.480589628219604,
        13.600977659225464,
        14.423308372497559,
        17.263537645339966,
        19.34263825416565,
        16.46322011947632,
        16.089138984680176,
        18.29188108444214,
        16.03486180305481,
        14.193050861358643,
        13.86917233467102,
        16.045339107513428,
        18.45420241355896,
        15.116806030273438,
        15.746604204177856,
        20.208418369293213,
        16.26765012741089,
        14.444557428359985,
        15.932888984680176,
        17.655887603759766,
        17.229334115982056,
        15.381243228912354,
        14.532101154327393,
        16.209921836853027,
        18.45694065093994,
        17.264198064804077,
        16.58546209335327,
        17.357949018478394,
        18.41032862663269,
        14.649708271026611,
        14.624155759811401,
        16.66824698448181,
        18.756552934646606,
        20.336084365844727,
        18.45434308052063,
        18.199399709701538,
        15.938148498535156,
        14.831422567367554,
        16.427152156829834,
        17.62602925300598,
        16.06419086456299
    ],
    "SSIM": [
        0.9099523425102234,
        0.6531702280044556,
        0.5862600207328796,
        0.760794997215271,
        0.770401656627655,
        0.7826396822929382,
        0.6977548599243164,
        0.5788785815238953,
        0.5356793403625488,
        0.5867487788200378,
        0.7295742034912109,
        0.8176974058151245,
        0.722797155380249,
        0.6916823387145996,
        0.7681970000267029,
        0.6467881202697754,
        0.5685874223709106,
        0.556187629699707,
        0.6912847757339478,
        0.7883462905883789,
        0.6368989944458008,
        0.6362399458885193,
        0.803354024887085,
        0.6820042133331299,
        0.5981788635253906,
        0.6994127631187439,
        0.7767906188964844,
        0.7449955344200134,
        0.6312191486358643,
        0.580449104309082,
        0.660493016242981,
        0.7450888156890869,
        0.7482513785362244,
        0.7226178050041199,
        0.7680943012237549,
        0.781674861907959,
        0.5733243227005005,
        0.5656788349151611,
        0.683940589427948,
        0.7883345484733582,
        0.8311125040054321,
        0.7918704748153687,
        0.7893882989883423,
        0.6474402546882629,
        0.580075740814209,
        0.7001251578330994,
        0.769588828086853,
        0.6696205139160156
    ],
    "MSE": [
        0.005652759224176407,
        0.028082069009542465,
        0.03489011526107788,
        0.016460074111819267,
        0.016891729086637497,
        0.014825429767370224,
        0.02114761993288994,
        0.035640276968479156,
        0.04364175722002983,
        0.03611346334218979,
        0.018777867779135704,
        0.011634193360805511,
        0.02257760986685753,
        0.024608556181192398,
        0.014818763360381126,
        0.02491804212331772,
        0.038079820573329926,
        0.041028231382369995,
        0.02485799416899681,
        0.014275122433900833,
        0.030783599242568016,
        0.02662806585431099,
        0.009531432762742043,
        0.023617561906576157,
        0.03593720495700836,
        0.025510039180517197,
        0.017155811190605164,
        0.018926337361335754,
        0.028965145349502563,
        0.03522004932165146,
        0.023933589458465576,
        0.01426612213253975,
        0.018775014206767082,
        0.02195097506046295,
        0.018374057486653328,
        0.01442006602883339,
        0.034279078245162964,
        0.034481365233659744,
        0.021536514163017273,
        0.013315110467374325,
        0.009255323559045792,
        0.01427465956658125,
        0.015137708745896816,
        0.025479165837168694,
        0.032874394208192825,
        0.022765900939702988,
        0.017274165526032448,
        0.024750327691435814
    ],
    "LPIPS": [
        0.1264745444059372,
        0.3054281175136566,
        0.37260398268699646,
        0.26069220900535583,
        0.23448850214481354,
        0.23435959219932556,
        0.27036988735198975,
        0.3753352165222168,
        0.40695399045944214,
        0.39463499188423157,
        0.3236997127532959,
        0.17839454114437103,
        0.2796013653278351,
        0.2936522960662842,
        0.2601066827774048,
        0.35964325070381165,
        0.3910711407661438,
        0.3968912959098816,
        0.33199071884155273,
        0.2207370400428772,
        0.30194091796875,
        0.34285521507263184,
        0.26282039284706116,
        0.3805725574493408,
        0.3604888319969177,
        0.31095805764198303,
        0.2932511568069458,
        0.29982203245162964,
        0.3371104300022125,
        0.371368408203125,
        0.33628663420677185,
        0.3206433951854706,
        0.2981804609298706,
        0.2693318724632263,
        0.2771158218383789,
        0.2797250747680664,
        0.3841952681541443,
        0.4111885130405426,
        0.33079230785369873,
        0.25299328565597534,
        0.2192329466342926,
        0.25216877460479736,
        0.22337736189365387,
        0.34074193239212036,
        0.37113532423973083,
        0.2859019339084625,
        0.24986565113067627,
        0.3011874854564667
    ],
    "complexity": {
        "normal_roughness": [
            0.042109131813049316,
            0.05230172723531723,
            0.05450820177793503,
            0.041774094104766846,
            0.03731130063533783,
            0.03841230645775795,
            0.04801640659570694,
            0.05339513719081879,
            0.05534201115369797,
            0.04943409934639931,
            0.036772239953279495,
            0.028823228552937508,
            0.031816449016332626,
            0.04060663282871246,
            0.03225451707839966,
            0.042386531829833984,
            0.05150001496076584,
            0.05124083161354065,
            0.03928827866911888,
            0.02469281479716301,
            0.04375455155968666,
            0.04232490062713623,
            0.0334792397916317,
            0.03951438516378403,
            0.04792645573616028,
            0.04198048263788223,
            0.03266805037856102,
            0.03214925527572632,
            0.04500460624694824,
            0.051220402121543884,
            0.04124879091978073,
            0.03457682952284813,
            0.03893819451332092,
            0.03636559098958969,
            0.037778861820697784,
            0.03848215565085411,
            0.05327316373586655,
            0.05352223291993141,
            0.04732370376586914,
            0.03691514953970909,
            0.03321835771203041,
            0.0384928435087204,
            0.04438232630491257,
            0.04831571504473686,
            0.05523352324962616,
            0.04829711094498634,
            0.04306495934724808,
            0.051407575607299805
        ],