{
    "PSNR": [
        21.411826610565186,
        16.595187187194824,
        15.79874038696289,
        15.937532186508179,
        17.331515550613403,
        18.316938877105713,
        15.71640133857727,
        14.38292145729065,
        14.73199725151062,
        15.926995277404785,
        14.815402030944824,
        15.348918437957764,
        15.820780992507935,
        17.86116361618042,
        16.502957344055176,
        14.023034572601318,
        13.701452016830444,
        16.061161756515503,
        15.272005796432495,
        14.664922952651978,
        16.68148636817932,
        17.140454053878784,
        15.727072954177856,
        13.709831237792969,
        14.305380582809448,
        16.219433546066284,
        15.32585620880127,
        15.232623815536499,
        16.150662899017334,
        16.8881094455719,
        17.221261262893677,
        14.818848371505737,
        13.695918321609497,
        16.09199285507202,
        16.628224849700928,
        15.760726928710938,
        16.451499462127686,
        16.861165761947632,
        15.70063829421997,
        14.545687437057495,
        14.80485200881958,
        16.124602556228638,
        16.54850125312805,
        17.035239934921265,
        15.41590690612793,
        15.083035230636597,
        15.705279111862183,
        16.151187419891357
    ],
    "SSIM": [
        0.8587924838066101,
        0.6625626683235168,
        0.6243449449539185,
        0.6306002140045166,
        0.6656113862991333,
        0.7286249995231628,
        0.6420538425445557,
        0.6136165261268616,
        0.6170403957366943,
        0.6494297385215759,
        0.5806270241737366,
        0.6089128851890564,
        0.6086894273757935,
        0.6767673492431641,
        0.6898171305656433,
        0.6151875853538513,
        0.6170713305473328,
        0.67705237865448,
        0.614449679851532,
        0.5795823335647583,
        0.6428525447845459,
        0.6836130023002625,
        0.6886975169181824,
        0.6059544086456299,
        0.5967128276824951,
        0.6540259718894958,
        0.624625563621521,
        0.6040176749229431,
        0.6451283097267151,
        0.6618654727935791,
        0.6918623447418213,
        0.6337165832519531,
        0.5632933378219604,
        0.6662403345108032,
        0.6478201746940613,
        0.6634804010391235,
        0.6542224884033203,
        0.6838512420654297,
        0.6661558151245117,
        0.617595911026001,
        0.6188070774078369,
        0.6716827750205994,
        0.6424918174743652,
        0.6760889291763306,
        0.6184049248695374,
        0.6558663845062256,
        0.7058727145195007,
        0.6406049132347107
    ],
    "MSE": [
        0.007224656641483307,
        0.021901875734329224,
        0.026310313493013382,
        0.0254827793687582,
        0.01848623715341091,
        0.014733510091900826,
        0.026813900098204613,
        0.03645086660981178,
        0.0336356945335865,
        0.02554468624293804,
        0.032995887100696564,
        0.02918154001235962,
        0.026177119463682175,
        0.016363784670829773,
        0.02237197384238243,
        0.03960011899471283,
        0.04264369606971741,
        0.024767596274614334,
        0.029702939093112946,
        0.034159205853939056,
        0.02147095277905464,
        0.019317664206027985,
        0.026748087257146835,
        0.04256149381399155,
        0.03710752725601196,
        0.023881230503320694,
        0.02933691442012787,
        0.029973506927490234,
        0.02426239848136902,
        0.020473357290029526,
        0.018961552530527115,
        0.03296971321105957,
        0.04269806668162346,
        0.024592392146587372,
        0.021735897287726402,
        0.026541616767644882,
        0.022638630121946335,
        0.02060077339410782,
        0.02691139094531536,
        0.03511003777384758,
        0.03307614475488663,
        0.024408429861068726,
        0.02213858626782894,
        0.01979137770831585,
        0.028734873980283737,
        0.03102390468120575,
        0.026882654055953026,
        0.024259468540549278
    ],
    "LPIPS": [
        0.1556168496608734,
        0.3226388394832611,
        0.3482142686843872,
        0.30613887310028076,
        0.24604880809783936,
        0.23259198665618896,
        0.359249472618103,
        0.400213360786438,
        0.3660029172897339,
        0.35616084933280945,
        0.3740554451942444,
        0.30837175250053406,
        0.3345671594142914,
        0.3048344552516937,
        0.3079306185245514,
        0.40341728925704956,
        0.37045878171920776,
        0.32067999243736267,
        0.37795913219451904,
        0.3850817084312439,
        0.3288379907608032,
        0.3534731864929199,
        0.34732383489608765,
        0.3802375793457031,
        0.33365410566329956,
        0.35263776779174805,
        0.413720965385437,
        0.34570637345314026,
        0.3317301869392395,
        0.36504998803138733,
        0.3042423129081726,
        0.3813670873641968,
        0.3518622815608978,
        0.3126460909843445,
        0.3869220018386841,
        0.32169869542121887,
        0.34790968894958496,
        0.3141076862812042,
        0.3655094504356384,
        0.3346943259239197,
        0.33477771282196045,
        0.28874534368515015,
        0.36245590448379517,
        0.31899330019950867,
        0.3184446096420288,
        0.3096027076244354,
        0.2674170136451721,
        0.31811100244522095
    ],
    "complexity": {
        "normal_roughness": [
            0.049071624875068665,
            0.044714540243148804,
            0.04753042012453079,
            0.056107308715581894,
            0.05037698894739151,
            0.04084521904587746,
            0.03720669820904732,
            0.039263732731342316,
            0.04181956499814987,
            0.0430547297000885,
            0.0533599853515625,
            0.05493687838315964,
            0.04979734867811203,
            0.04040498286485672,
            0.027167901396751404,
            0.03394889086484909,
            0.03793611377477646,
            0.0320717915892601,
            0.040855586528778076,
            0.04768699035048485,
            0.042743828147649765,
            0.02813839167356491,
            0.02824772521853447,
            0.03996478021144867,
            0.04202450439333916,
            0.03271358087658882,
            0.03770957514643669,
            0.04231841489672661,
            0.038035549223423004,
            0.03790866956114769,
            0.0313694104552269,
            0.04140182584524155,
            0.051266394555568695,
            0.044946491718292236,
            0.046686336398124695,
            0.034327901899814606,
            0.03965486213564873,
            0.041956499218940735,
            0.045257966965436935,
            0.05411139130592346,
            0.05492185428738594,
            0.04776288568973541,
            0.04293923079967499,
            0.03926294669508934,
            0.04997733235359192,
            0.05372489616274834,
            0.05608852207660675,
            0.05236508324742317
        ],