{
    "PSNR": [
        20.607895851135254,
        17.53927230834961,
        17.331119775772095,
        15.630072355270386,
        15.941205024719238,
        15.772285461425781,
        15.492548942565918,
        15.649974346160889,
        17.70720601081848,
        15.459533929824829,
        15.23682713508606,
        14.82921838760376,
        14.938462972640991,
        15.87823748588562,
        15.460779666900635,
        14.936161041259766,
        15.793648958206177,
        16.21419906616211,
        15.5519437789917,
        14.234046936035156,
        15.438721179962158,
        15.200897455215454,
        15.10745882987976,
        15.14741063117981,
        16.618200540542603,
        15.5282723903656,
        14.926818609237671,
        14.171955585479736,
        15.14663577079773,
        15.587661266326904,
        15.71773648262024,
        14.840474128723145,
        16.317789554595947,
        16.77206516265869,
        15.000134706497192,
        15.049135684967041,
        16.682876348495483,
        15.837992429733276,
        15.38607120513916,
        15.994933843612671,
        17.214510440826416,
        16.316323280334473,
        14.863269329071045,
        16.074645519256592,
        17.037389278411865,
        16.283386945724487,
        17.756755352020264,
        17.493187189102173
    ],
    "SSIM": [
        0.8677477836608887,
        0.7650818824768066,
        0.7528619766235352,
        0.6751788854598999,
        0.6689480543136597,
        0.6828250885009766,
        0.6046349406242371,
        0.6363700032234192,
        0.7854633331298828,
        0.6714915037155151,
        0.6260005235671997,
        0.6043050289154053,
        0.6095959544181824,
        0.6580559611320496,
        0.6021960973739624,
        0.5622216463088989,
        0.6468627452850342,
        0.7178797125816345,
        0.6317193508148193,
        0.5554295778274536,
        0.6596201658248901,
        0.6314252614974976,
        0.5782680511474609,
        0.5770037770271301,
        0.7259997725486755,
        0.6802889704704285,
        0.5864228010177612,
        0.5433245897293091,
        0.5994458198547363,
        0.6337480545043945,
        0.6284433603286743,
        0.5655410289764404,
        0.6661239862442017,
        0.753096342086792,
        0.6322430372238159,
        0.5650157928466797,
        0.6702914237976074,
        0.6275822520256042,
        0.6015526056289673,
        0.6262919306755066,
        0.7096621990203857,
        0.7139409780502319,
        0.6179500818252563,
        0.6542240381240845,
        0.6756237745285034,
        0.6477844715118408,
        0.7523671388626099,
        0.7536020278930664
    ],
    "MSE": [
        0.008693814277648926,
        0.01762271299958229,
        0.018487920984625816,
        0.027352236211299896,
        0.025461237877607346,
        0.02647106721997261,
        0.028232231736183167,
        0.02722717635333538,
        0.01695428043603897,
        0.028447668999433517,
        0.029944514855742455,
        0.03289108723402023,
        0.03207404538989067,
        0.025833088904619217,
        0.028439506888389587,
        0.03209105506539345,
        0.02634117566049099,
        0.023910026997327805,
        0.0278487466275692,
        0.03772205114364624,
        0.028584321960806847,
        0.030193280428647995,
        0.030849933624267578,
        0.030567429959774017,
        0.021786121651530266,
        0.028000956401228905,
        0.032160159200429916,
        0.03826523944735527,
        0.030572889372706413,
        0.027620647102594376,
        0.02680565044283867,
        0.032805945724248886,
        0.02334645949304104,
        0.021027784794569016,
        0.031621795147657394,
        0.031267017126083374,
        0.021464085206389427,
        0.02607358619570732,
        0.0289329644292593,
        0.0251481831073761,
        0.018991049379110336,
        0.023354342207312584,
        0.03263421729207039,
        0.024690818041563034,
        0.019781585782766342,
        0.023532137274742126,
        0.01676194928586483,
        0.01781071536242962
    ],
    "LPIPS": [
        0.136089026927948,
        0.24834993481636047,
        0.2595449984073639,
        0.32411640882492065,
        0.28217625617980957,
        0.3230237662792206,
        0.3599413335323334,
        0.33449167013168335,
        0.24305862188339233,
        0.3107353150844574,
        0.35486534237861633,
        0.372109591960907,
        0.37013930082321167,
        0.3267461061477661,
        0.316199392080307,
        0.3597870469093323,
        0.31018730998039246,
        0.27651524543762207,
        0.3503250777721405,
        0.42269301414489746,
        0.3386211097240448,
        0.3182847499847412,
        0.3553805351257324,
        0.3619230389595032,
        0.2945767045021057,
        0.2910284399986267,
        0.36873212456703186,
        0.3849329948425293,
        0.3564007580280304,
        0.34586477279663086,
        0.36104661226272583,
        0.3387182354927063,
        0.3023465871810913,
        0.27799853682518005,
        0.34815430641174316,
        0.3568781614303589,
        0.3171119689941406,
        0.32532235980033875,
        0.33161360025405884,
        0.3389947712421417,
        0.24392925202846527,
        0.293536514043808,
        0.33293217420578003,
        0.32068610191345215,
        0.26947033405303955,
        0.27852171659469604,
        0.23765933513641357,
        0.26376810669898987
    ],
    "complexity": {
        "normal_roughness": [
            0.04523901268839836,
            0.03702086955308914,
            0.04256361350417137,
            0.0516885444521904,
            0.045060113072395325,
            0.03157869353890419,
            0.03898520767688751,
            0.04004501551389694,
            0.03258851170539856,
            0.040968768298625946,
            0.053597744554281235,
            0.05613540858030319,
            0.048453811556100845,
            0.032298821955919266,
            0.040774837136268616,
            0.04674237221479416,
            0.03454160690307617,
            0.02711227536201477,
            0.0454959012567997,
            0.055603209882974625,
            0.0438045933842659,
            0.04003097862005234,
            0.051023341715335846,
            0.044550009071826935,
            0.025912337005138397,
            0.03275888040661812,
            0.049522895365953445,
            0.05079706385731697,
            0.042475417256355286,
            0.03916540741920471,
            0.05231998860836029,
            0.05198535695672035,
            0.04148821160197258,
            0.028790023177862167,
            0.03965713828802109,
            0.050649866461753845,
            0.03659605607390404,
            0.0486864373087883,
            0.055734939873218536,
            0.05036429315805435,
            0.041800256818532944,
            0.037599578499794006,
            0.03724527359008789,
            0.03715090453624725,
            0.04331934079527855,
            0.05124489963054657,
            0.045033153146505356,
            0.03743245080113411
        ],