{
    "PSNR": [
        21.952362060546875,
        16.83713674545288,
        16.98737621307373,
        18.619858026504517,
        18.772186040878296,
        19.160728454589844,
        16.209735870361328,
        15.811971426010132,
        16.412585973739624,
        15.526645183563232,
        16.325935125350952,
        15.90921401977539,
        16.07317805290222,
        18.560001850128174,
        16.54662013053894,
        15.230695009231567,
        16.03560447692871,
        14.875962734222412,
        16.00998044013977,
        14.940046072006226,
        16.25393033027649,
        16.75657868385315,
        15.21283507347107,
        14.914010763168335,
        15.449073314666748,
        15.558505058288574,
        14.898991584777832,
        15.300441980361938,
        15.607506036758423,
        16.698739528656006,
        15.666894912719727,
        14.95132327079773,
        15.135749578475952,
        15.657144784927368,
        15.207858085632324,
        14.918169975280762,
        16.767503023147583,
        16.400939226150513,
        15.301450490951538,
        14.80730414390564,
        15.995904207229614,
        16.494276523590088,
        15.21302580833435,
        15.804104804992676,
        17.507680654525757,
        16.15075707435608,
        18.007107973098755,
        16.708158254623413
    ],
    "SSIM": [
        0.8674177527427673,
        0.650407075881958,
        0.6689599752426147,
        0.7103697657585144,
        0.7228578329086304,
        0.7654415965080261,
        0.6135064959526062,
        0.6058220267295837,
        0.6478258371353149,
        0.6074872016906738,
        0.6228047013282776,
        0.6345317363739014,
        0.6446548700332642,
        0.7400245070457458,
        0.6617603898048401,
        0.5720885992050171,
        0.6342356204986572,
        0.5776801109313965,
        0.6314437389373779,
        0.5804194211959839,
        0.66722172498703,
        0.6845358610153198,
        0.5705670118331909,
        0.570069432258606,
        0.6496629118919373,
        0.622404932975769,
        0.5554143786430359,
        0.5889863967895508,
        0.6158766746520996,
        0.6997483968734741,
        0.6289430856704712,
        0.5853692293167114,
        0.6507766842842102,
        0.6564216613769531,
        0.630532443523407,
        0.5467886924743652,
        0.7011314630508423,
        0.7151562571525574,
        0.6345615386962891,
        0.6264637112617493,
        0.6840831637382507,
        0.7063188552856445,
        0.594010591506958,
        0.6021550893783569,
        0.7329089641571045,
        0.691907525062561,
        0.7859150767326355,
        0.6824396848678589
    ],
    "MSE": [
        0.006379166152328253,
        0.02071506902575493,
        0.020010706037282944,
        0.013740871101617813,
        0.013267266564071178,
        0.012131853960454464,
        0.023934615775942802,
        0.026230279356241226,
        0.02284238301217556,
        0.028011441230773926,
        0.02330271527171135,
        0.025649484246969223,
        0.02469916269183159,
        0.01393156498670578,
        0.02214818261563778,
        0.029986824840307236,
        0.024913784116506577,
        0.03253896161913872,
        0.025061210617423058,
        0.032062359154224396,
        0.023692285642027855,
        0.0211029015481472,
        0.030110403895378113,
        0.0322551466524601,
        0.028516270220279694,
        0.027806706726551056,
        0.032366883009672165,
        0.02950909361243248,
        0.027494728565216064,
        0.021385831758379936,
        0.027121305465698242,
        0.03197920322418213,
        0.030649617314338684,
        0.027182256802916527,
        0.03014492616057396,
        0.03222426399588585,
        0.02104988694190979,
        0.022903725504875183,
        0.02950224094092846,
        0.03305746614933014,
        0.025142569094896317,
        0.0224167387932539,
        0.03010907769203186,
        0.02627783641219139,
        0.01775136962532997,
        0.024261873215436935,
        0.015823014080524445,
        0.021339494735002518
    ],
    "LPIPS": [
        0.14866766333580017,
        0.3135187327861786,
        0.3383886516094208,
        0.2700640559196472,
        0.27083566784858704,
        0.2444685995578766,
        0.3047996163368225,
        0.35036370158195496,
        0.35827726125717163,
        0.40061289072036743,
        0.34781190752983093,
        0.3256617784500122,
        0.3543657958507538,
        0.26506438851356506,
        0.3174715042114258,
        0.3628169596195221,
        0.35030636191368103,
        0.4400058090686798,
        0.3688967823982239,
        0.34425050020217896,
        0.35790836811065674,
        0.31952762603759766,
        0.3795337677001953,
        0.35443395376205444,
        0.37465935945510864,
        0.39760851860046387,
        0.42657631635665894,
        0.38087716698646545,
        0.3539023995399475,
        0.34976455569267273,
        0.36991098523139954,
        0.391923725605011,
        0.3427174985408783,
        0.35348033905029297,
        0.38275936245918274,
        0.38791540265083313,
        0.31432268023490906,
        0.3265208303928375,
        0.37520092725753784,
        0.3495182991027832,
        0.24460600316524506,
        0.2562222480773926,
        0.36018285155296326,
        0.3667212128639221,
        0.29011234641075134,
        0.30454155802726746,
        0.22256554663181305,
        0.32690584659576416
    ],
    "complexity": {
        "normal_roughness": [
            0.04808789864182472,
            0.05155576765537262,
            0.03817466273903847,
            0.03757021576166153,
            0.044856421649456024,
            0.0504826158285141,
            0.0550420917570591,
            0.0511888787150383,
            0.039213526993989944,
            0.033345647156238556,
            0.040121495723724365,
            0.03587283566594124,
            0.03943459689617157,
            0.042554259300231934,
            0.05108492076396942,
            0.052537109702825546,
            0.0382532998919487,
            0.04456869512796402,
            0.0473800003528595,
            0.04633608087897301,
            0.03207862004637718,
            0.04159856587648392,
            0.049723729491233826,
            0.04264093562960625,
            0.03264441713690758,
            0.047967761754989624,
            0.0538768507540226,
            0.042395882308483124,
            0.032539963722229004,
            0.02641564980149269,
            0.03850645571947098,
            0.045437976717948914,
            0.02981708198785782,
            0.047851577401161194,
            0.05523327738046646,
            0.050566621124744415,
            0.026810068637132645,
            0.027206413447856903,
            0.038441356271505356,
            0.03799443319439888,
            0.04559818655252457,
            0.05298112332820892,
            0.05444394052028656,
            0.04332594573497772,
            0.03149447590112686,
            0.03728817403316498,
            0.04772549122571945,
            0.04699544981122017
        ],