{"PSNR": [21.748971939086914, 14.680231809616089, 14.715157747268677, 14.695947170257568, 16.524685621261597, 15.874049663543701, 13.26070785522461, 12.435554265975952, 13.090384006500244, 12.789934873580933, 12.554405927658081, 14.295580387115479, 13.94568681716919, 14.648531675338745, 13.030469417572021, 11.261361837387085, 11.179678440093994, 12.147421836853027, 11.366147994995117, 12.50754714012146, 13.641066551208496, 13.344863653182983, 11.4305579662323, 10.495904684066772, 12.295113801956177, 11.48226022720337, 11.786657571792603, 12.98200011253357, 12.824370861053467, 13.41023325920105, 12.570279836654663, 11.24301552772522, 11.59621000289917, 13.467702865600586, 12.614644765853882, 14.035431146621704, 13.434460163116455, 14.34635043144226, 13.502593040466309, 13.049216270446777, 14.486238956451416, 14.656094312667847, 14.67640995979309, 13.51602554321289, 15.161672830581665, 15.466699600219727, 18.304373025894165, 14.804128408432007], "SSIM": [0.8611604571342468, 0.59334796667099, 0.589249849319458, 0.5864561796188354, 0.628329336643219, 0.6822149157524109, 0.607320249080658, 0.569267749786377, 0.5717898607254028, 0.5308949947357178, 0.5267390608787537, 0.6062573194503784, 0.5662741661071777, 0.5805790424346924, 0.6100445985794067, 0.5642540454864502, 0.5670351982116699, 0.6059831976890564, 0.524362325668335, 0.5934475660324097, 0.5768745541572571, 0.5756588578224182, 0.5848918557167053, 0.5391815900802612, 0.5804733633995056, 0.4979085922241211, 0.5448641777038574, 0.60014808177948, 0.5817447900772095, 0.5902948379516602, 0.6196162700653076, 0.5798602104187012, 0.5440114140510559, 0.5940370559692383, 0.5644453763961792, 0.6227548122406006, 0.5644567012786865, 0.6365020871162415, 0.650370717048645, 0.6162716150283813, 0.6136972904205322, 0.6290072798728943, 0.6393932104110718, 0.5608938336372375, 0.633712887763977, 0.6850547790527344, 0.7824338674545288, 0.6063598394393921], "MSE": [0.006685022264719009, 0.034039005637168884, 0.03376636654138565, 0.03391605243086815, 0.02226031944155693, 0.025858011096715927, 0.047198615968227386, 0.05707482621073723, 0.049086447805166245, 0.052602510899305344, 0.055534057319164276, 0.03719135373830795, 0.040311723947525024, 0.03428836911916733, 0.04976832866668701, 0.0747935026884079, 0.0762135460972786, 0.06098989397287369, 0.07301048934459686, 0.05613650009036064, 0.04324076697230339, 0.04629283398389816, 0.07193567603826523, 0.0892091915011406, 0.05895065516233444, 0.07108435034751892, 0.06627264618873596, 0.0503268800675869, 0.052187077701091766, 0.045601241290569305, 0.05533146113157272, 0.07511011511087418, 0.06924350559711456, 0.045001789927482605, 0.05476909503340721, 0.03948725014925003, 0.04534756392240524, 0.03675910457968712, 0.044641703367233276, 0.04955396056175232, 0.035593949258327484, 0.034228719770908356, 0.03406896814703941, 0.0445038378238678, 0.030467215925455093, 0.028400763869285583, 0.014776202850043774, 0.033081647008657455], "LPIPS": [0.1520674228668213, 0.3153138756752014, 0.3208580017089844, 0.32371100783348083, 0.2570674419403076, 0.27097946405410767, 0.34581857919692993, 0.3920050859451294, 0.3745906949043274, 0.4420167803764343, 0.43835216760635376, 0.322498083114624, 0.37489479780197144, 0.3125305771827698, 0.3262517750263214, 0.4127894639968872, 0.39022934436798096, 0.37694549560546875, 0.47667980194091797, 0.3832627534866333, 0.3697338402271271, 0.36315667629241943, 0.41715574264526367, 0.42342516779899597, 0.3149271607398987, 0.4824672341346741, 0.4556436240673065, 0.376954585313797, 0.38493669033050537, 0.398844838142395, 0.40334025025367737, 0.39042937755584717, 0.3770444393157959, 0.34778013825416565, 0.4035041332244873, 0.3343270421028137, 0.3828401565551758, 0.331185519695282, 0.34609681367874146, 0.3104551434516907, 0.2863728404045105, 0.3110409379005432, 0.3348167836666107, 0.32770681381225586, 0.31493404507637024, 0.26977550983428955, 0.21613875031471252, 0.2889100909233093]}