{
    "PSNR": [
        23.280458450317383,
        14.58672285079956,
        15.349746942520142,
        17.141366004943848,
        15.709418058395386,
        18.18846583366394,
        13.9414381980896,
        13.640072345733643,
        15.39258360862732,
        16.164356470108032,
        14.814622402191162,
        14.155163764953613,
        13.319026231765747,
        15.331239700317383,
        14.918789863586426,
        12.92603850364685,
        14.063643217086792,
        16.695542335510254,
        14.511233568191528,
        12.894998788833618,
        13.481972217559814,
        14.896785020828247,
        12.883656024932861,
        13.020516633987427,
        15.11823296546936,
        16.63195490837097,
        13.27410101890564,
        12.36466646194458,
        13.004729747772217,
        13.541460037231445,
        14.656999111175537,
        12.823954820632935,
        13.889530897140503,
        16.662896871566772,
        14.982702732086182,
        12.3736572265625,
        13.883329629898071,
        14.519147872924805,
        14.153753519058228,
        13.836032152175903,
        15.672750473022461,
        16.98870062828064,
        14.074622392654419,
        13.909868001937866,
        14.995217323303223,
        15.723618268966675,
        18.203330039978027,
        14.959793090820312
    ],
    "SSIM": [
        0.9200944900512695,
        0.6946880221366882,
        0.7410110235214233,
        0.7639755606651306,
        0.6739274859428406,
        0.8075007200241089,
        0.6581545472145081,
        0.6031140685081482,
        0.7051258087158203,
        0.7477514147758484,
        0.6766628623008728,
        0.6164424419403076,
        0.5344820022583008,
        0.6554579734802246,
        0.715559720993042,
        0.5608068704605103,
        0.5927595496177673,
        0.7297277450561523,
        0.6794459223747253,
        0.5715314149856567,
        0.5528696179389954,
        0.6891970634460449,
        0.5883762240409851,
        0.5218456983566284,
        0.6369826197624207,
        0.7298654913902283,
        0.6316745281219482,
        0.49208593368530273,
        0.5420315265655518,
        0.5914198756217957,
        0.7015974521636963,
        0.5512837767601013,
        0.548952579498291,
        0.7032536268234253,
        0.7126549482345581,
        0.5192363262176514,
        0.6211839914321899,
        0.7144832015037537,
        0.6710919141769409,
        0.5788432359695435,
        0.6486663818359375,
        0.7297305464744568,
        0.67875736951828,
        0.6171172857284546,
        0.6953334808349609,
        0.7200747728347778,
        0.794154167175293,
        0.7063573598861694
    ],
    "MSE": [
        0.004698444157838821,
        0.034779857844114304,
        0.029175972566008568,
        0.019313612952828407,
        0.0268570464104414,
        0.015175864100456238,
        0.040351174771785736,
        0.043250661343336105,
        0.028889616951346397,
        0.024186020717024803,
        0.03300181031227112,
        0.038413479924201965,
        0.046569060534238815,
        0.029300570487976074,
        0.03221966326236725,
        0.050979577004909515,
        0.03923157602548599,
        0.021401576697826385,
        0.03538968414068222,
        0.051345229148864746,
        0.04485417157411575,
        0.032383330166339874,
        0.051479510962963104,
        0.049882516264915466,
        0.03077348880469799,
        0.021717235445976257,
        0.04705327749252319,
        0.058014076203107834,
        0.05006417632102966,
        0.044243961572647095,
        0.0342215858399868,
        0.052192073315382004,
        0.040836356580257416,
        0.021563058719038963,
        0.03174898028373718,
        0.05789410322904587,
        0.040894702076911926,
        0.03532525151968002,
        0.038425952196121216,
        0.041342511773109436,
        0.02708476409316063,
        0.02000460773706436,
        0.03913251310586929,
        0.040645577013492584,
        0.0316576212644577,
        0.026769375428557396,
        0.015124015510082245,
        0.03191690146923065
    ],
    "LPIPS": [
        0.11562030762434006,
        0.33390992879867554,
        0.3172953128814697,
        0.2621361315250397,
        0.30341750383377075,
        0.2168647050857544,
        0.3644726872444153,
        0.37583571672439575,
        0.3310789465904236,
        0.2961694300174713,
        0.3255872130393982,
        0.3596076965332031,
        0.42346715927124023,
        0.3628564178943634,
        0.30775654315948486,
        0.42475128173828125,
        0.4084700047969818,
        0.293816477060318,
        0.366725355386734,
        0.3815027177333832,
        0.45723235607147217,
        0.3086710572242737,
        0.40512895584106445,
        0.4269792139530182,
        0.374725878238678,
        0.3289351463317871,
        0.3522883653640747,
        0.46044304966926575,
        0.46615809202194214,
        0.45983365178108215,
        0.3149089813232422,
        0.40743568539619446,
        0.3870540261268616,
        0.3002505898475647,
        0.3090227544307709,
        0.42873719334602356,
        0.4290721118450165,
        0.32019150257110596,
        0.318030446767807,
        0.38552263379096985,
        0.33104532957077026,
        0.24167132377624512,
        0.32092174887657166,
        0.37921473383903503,
        0.3406505286693573,
        0.30851250886917114,
        0.23290465772151947,
        0.3209257125854492
    ],
    "complexity": {
        "normal_roughness": [
            0.037786755710840225,
            0.031177515164017677,
            0.02490745112299919,
            0.030968591570854187,
            0.04726417735219002,
            0.03924022242426872,
            0.03990311920642853,
            0.039600543677806854,
            0.03680475056171417,
            0.028418492525815964,
            0.03510548174381256,
            0.045876264572143555,
            0.054382599890232086,
            0.05067497491836548,
            0.03787346929311752,
            0.0475514754652977,
            0.04902828484773636,
            0.04255419969558716,
            0.03799467533826828,
            0.04545663297176361,
            0.05467434972524643,
            0.04213765636086464,
            0.04105788841843605,
            0.05309739336371422,
            0.05220755562186241,
            0.042900584638118744,
            0.04191596060991287,
            0.054272573441267014,
            0.05595003068447113,
            0.0478515550494194,
            0.030795782804489136,
            0.04774776101112366,
            0.05577310547232628,
            0.0493437796831131,
            0.036443762481212616,
            0.050231315195560455,
            0.044973570853471756,
            0.03562195971608162,
            0.03948821872472763,
            0.053142692893743515,
            0.05128564313054085,
            0.04122824966907501,
            0.03721506893634796,
            0.0467166043817997,
            0.03486223518848419,
            0.04332080855965614,
            0.03937394171953201,
            0.03262373059988022
        ],