{"PSNR": [21.65900468826294, 14.38581109046936, 12.707523107528687, 14.304540157318115, 15.5110764503479, 15.244038105010986, 13.344314098358154, 12.011076211929321, 11.182547807693481, 11.334657669067383, 11.534768342971802, 12.591723203659058, 12.485954761505127, 13.649954795837402, 11.699323654174805, 11.576402187347412, 10.866334438323975, 11.272333860397339, 10.814687013626099, 10.516115427017212, 12.376788854598999, 11.036243438720703, 10.257903337478638, 11.671711206436157, 11.791054010391235, 12.478758096694946, 10.66876769065857, 10.136685371398926, 10.579800605773926, 11.23214602470398, 10.008418560028076, 11.131534576416016, 12.595607042312622, 13.935184478759766, 12.756839990615845, 10.456175804138184, 11.983113288879395, 10.999703407287598, 11.46402359008789, 13.34052324295044, 14.920883178710938, 15.760542154312134, 12.363247871398926, 11.095293760299683, 13.219349384307861, 14.0020751953125, 18.147131204605103, 13.31663966178894], "SSIM": [0.8793689608573914, 0.6232689619064331, 0.5878602862358093, 0.6780866384506226, 0.6605955958366394, 0.6536953449249268, 0.6124294400215149, 0.5394312143325806, 0.5291018486022949, 0.56325364112854, 0.6031081676483154, 0.5957118272781372, 0.5764355659484863, 0.5997125506401062, 0.5262291431427002, 0.5605647563934326, 0.5153851509094238, 0.5541664361953735, 0.5870025157928467, 0.5580276846885681, 0.5498220324516296, 0.4957399368286133, 0.5259495377540588, 0.5527472496032715, 0.5337300300598145, 0.6051383018493652, 0.5916351079940796, 0.5180772542953491, 0.5356530547142029, 0.606846272945404, 0.5346800088882446, 0.5463042259216309, 0.5443536043167114, 0.6390621066093445, 0.6345444321632385, 0.5378133058547974, 0.5728135108947754, 0.5392849445343018, 0.5470662117004395, 0.6435004472732544, 0.6617286205291748, 0.7230653762817383, 0.5969115495681763, 0.5278780460357666, 0.6197694540023804, 0.6363614797592163, 0.7916399836540222, 0.6083540320396423], "MSE": [0.00682495441287756, 0.036426618695259094, 0.053610242903232574, 0.0371147096157074, 0.02811204269528389, 0.029894839972257614, 0.04629868268966675, 0.06293502449989319, 0.07616320252418518, 0.07354181259870529, 0.07023008912801743, 0.05505892634391785, 0.05641630291938782, 0.04315235838294029, 0.06761883199214935, 0.06956004351377487, 0.08191558718681335, 0.07460477948188782, 0.08289558440446854, 0.08879499137401581, 0.0578523725271225, 0.07877269387245178, 0.09423445165157318, 0.06805013120174408, 0.06620558351278305, 0.05650986358523369, 0.08572812378406525, 0.09690171480178833, 0.08750241249799728, 0.07529833167791367, 0.09980633854866028, 0.07706312090158463, 0.05500970408320427, 0.04040932282805443, 0.05300489068031311, 0.0900290235877037, 0.06334155052900314, 0.07943826913833618, 0.07138346135616302, 0.04633910581469536, 0.032204143702983856, 0.026542741805315018, 0.05803303420543671, 0.0777088850736618, 0.04765024036169052, 0.03979170322418213, 0.015320992097258568, 0.04659464210271835], "LPIPS": [0.14952293038368225, 0.3046262264251709, 0.33715569972991943, 0.27281516790390015, 0.30202507972717285, 0.32193028926849365, 0.3120994567871094, 0.3602745532989502, 0.41035762429237366, 0.3916577398777008, 0.3426612913608551, 0.30841150879859924, 0.3669036030769348, 0.36051762104034424, 0.4379062056541443, 0.386665940284729, 0.3920214772224426, 0.4195680022239685, 0.38749003410339355, 0.3945647180080414, 0.40403223037719727, 0.4772453010082245, 0.44293928146362305, 0.4159310758113861, 0.40223178267478943, 0.37909528613090515, 0.3914121985435486, 0.4085647463798523, 0.3898624777793884, 0.38290220499038696, 0.4757731556892395, 0.392375111579895, 0.33667871356010437, 0.3389231562614441, 0.33495980501174927, 0.4023415446281433, 0.3456570506095886, 0.43284693360328674, 0.40136396884918213, 0.3115917146205902, 0.24923114478588104, 0.23655572533607483, 0.33629679679870605, 0.3793346583843231, 0.3041931390762329, 0.30314159393310547, 0.1714242547750473, 0.3000233471393585]}