{
    "PSNR": [
        23.33843231201172,
        19.233802556991577,
        13.41424822807312,
        14.524146318435669,
        20.716161727905273,
        16.937912702560425,
        17.38382339477539,
        20.02128839492798,
        13.18742036819458,
        11.370409727096558,
        12.196861505508423,
        16.16735577583313,
        22.43614673614502,
        15.72497844696045,
        14.903883934020996,
        16.642082929611206,
        17.058225870132446,
        11.68925404548645,
        10.825296640396118,
        13.459750413894653,
        16.44718885421753,
        14.529726505279541,
        14.282013177871704,
        18.057923316955566,
        14.410960674285889,
        11.129603385925293,
        12.047007083892822,
        17.80826449394226,
        18.204976320266724,
        14.520971775054932,
        13.710567951202393,
        14.624767303466797,
        19.817558526992798,
        13.072754144668579,
        12.114497423171997,
        15.45306921005249,
        14.944958686828613,
        13.821625709533691,
        13.704581260681152,
        15.708026885986328,
        20.448098182678223,
        14.362914562225342,
        16.302815675735474,
        18.251304626464844,
        14.483667612075806,
        14.702268838882446,
        19.16342854499817,
        17.72227168083191
    ],
    "SSIM": [
        0.9248215556144714,
        0.8372088670730591,
        0.6331677436828613,
        0.6931988000869751,
        0.8415672183036804,
        0.6982768774032593,
        0.7233071327209473,
        0.8508052825927734,
        0.5920354127883911,
        0.5126080513000488,
        0.5720431804656982,
        0.7447493076324463,
        0.8850621581077576,
        0.6459273099899292,
        0.584230899810791,
        0.7000131607055664,
        0.7350766658782959,
        0.5222724676132202,
        0.4931759834289551,
        0.6435754895210266,
        0.6926470994949341,
        0.5523196458816528,
        0.5728031396865845,
        0.7604475021362305,
        0.6453979015350342,
        0.49872446060180664,
        0.5808956027030945,
        0.8008257746696472,
        0.7825121283531189,
        0.5787670612335205,
        0.5165611505508423,
        0.6231551170349121,
        0.8218520879745483,
        0.5875928401947021,
        0.5710222721099854,
        0.7363411784172058,
        0.6412482261657715,
        0.548608124256134,
        0.5680784583091736,
        0.7113434076309204,
        0.8812993764877319,
        0.6731826663017273,
        0.7750873565673828,
        0.8334730863571167,
        0.6324292421340942,
        0.6697338819503784,
        0.8583587408065796,
        0.8244202136993408
    ],
    "MSE": [
        0.004636144265532494,
        0.011929430067539215,
        0.0455591157078743,
        0.0352846160531044,
        0.008479766547679901,
        0.02023991569876671,
        0.01826491206884384,
        0.00995110534131527,
        0.04800184816122055,
        0.07293888181447983,
        0.060299526900053024,
        0.024169325828552246,
        0.005706702824681997,
        0.026760991662740707,
        0.03233044594526291,
        0.021666649729013443,
        0.019686903804540634,
        0.06777580827474594,
        0.08269330859184265,
        0.04508426785469055,
        0.022661110386252403,
        0.03523930162191391,
        0.03730772063136101,
        0.015638956800103188,
        0.036216288805007935,
        0.07709740847349167,
        0.06241649016737938,
        0.016564320772886276,
        0.015118280425667763,
        0.03531041741371155,
        0.04255428537726402,
        0.03447651118040085,
        0.010429037734866142,
        0.0492861270904541,
        0.06145402044057846,
        0.028490042313933372,
        0.03202611207962036,
        0.04147987812757492,
        0.04261298477649689,
        0.026865651831030846,
        0.00901966355741024,
        0.036619171500205994,
        0.023427095264196396,
        0.014957863837480545,
        0.03561502695083618,
        0.033866725862026215,
        0.012124317698180676,
        0.016895567998290062
    ],
    "LPIPS": [
        0.14366376399993896,
        0.22610938549041748,
        0.32655560970306396,
        0.32162490487098694,
        0.20188739895820618,
        0.28177040815353394,
        0.2845030725002289,
        0.24655868113040924,
        0.4160897135734558,
        0.45417046546936035,
        0.4084705114364624,
        0.25585731863975525,
        0.1922154575586319,
        0.3688639998435974,
        0.3769144117832184,
        0.32942524552345276,
        0.3371400833129883,
        0.47871750593185425,
        0.4592578113079071,
        0.39034950733184814,
        0.34861600399017334,
        0.414276123046875,
        0.4101971387863159,
        0.2704092860221863,
        0.4065706133842468,
        0.4577605128288269,
        0.4269448220729828,
        0.23966093361377716,
        0.2944667637348175,
        0.4002711772918701,
        0.427420437335968,
        0.3929452896118164,
        0.275943398475647,
        0.40839260816574097,
        0.400337815284729,
        0.3065350353717804,
        0.35601890087127686,
        0.39654237031936646,
        0.39690452814102173,
        0.3028290867805481,
        0.19885778427124023,
        0.3092985451221466,
        0.23379993438720703,
        0.24576011300086975,
        0.3152579367160797,
        0.30412161350250244,
        0.2336542308330536,
        0.2206076979637146
    ],
    "complexity": {
        "normal_roughness": [
            0.038449183106422424,
            0.036522746086120605,
            0.05162356048822403,
            0.04035472869873047,
            0.03194604441523552,
            0.0428331196308136,
            0.03982466459274292,
            0.03656967729330063,
            0.05028558894991875,
            0.05512804538011551,
            0.045381732285022736,
            0.03119342401623726,
            0.02713915705680847,
            0.0415026992559433,
            0.04939909651875496,
            0.03938295692205429,
            0.04164236783981323,
            0.056235626339912415,
            0.05429111421108246,
            0.03675038740038872,
            0.0361090824007988,
            0.05193762108683586,
            0.05011756718158722,
            0.034729525446891785,
            0.044296279549598694,
            0.055288687348365784,
            0.044808901846408844,
            0.028630856424570084,
            0.03624545782804489,
            0.049298398196697235,
            0.05562501400709152,
            0.047977495938539505,
            0.034085050225257874,
            0.04587453976273537,
            0.05029747635126114,
            0.037261784076690674,
            0.044434256851673126,
            0.05359337106347084,
            0.05321860685944557,
            0.0403951071202755,
            0.03368654474616051,
            0.04337166249752045,
            0.03734820336103439,
            0.03980351984500885,
            0.0488838292658329,
            0.04238967224955559,
            0.030600273981690407,
            0.03913252800703049
        ],