{"PSNR": [22.580084800720215, 21.845734119415283, 17.85554051399231, 17.1284818649292, 19.062912464141846, 17.72387385368347, 17.997480630874634, 20.322437286376953, 18.934054374694824, 15.568734407424927, 15.14552354812622, 16.489012241363525, 18.392958641052246, 17.438876628875732, 16.545674800872803, 17.135096788406372, 20.655364990234375, 16.15632653236389, 14.15084958076477, 14.739546775817871, 18.471462726593018, 15.891002416610718, 15.899157524108887, 17.48499870300293, 19.451899528503418, 14.341413974761963, 13.803032636642456, 15.568431615829468, 18.697388172149658, 16.119062900543213, 15.403010845184326, 15.741269588470459, 18.705928325653076, 16.352957487106323, 14.191858768463135, 15.031884908676147, 17.72000551223755, 15.634622573852539, 15.296663045883179, 16.448112726211548, 20.564239025115967, 16.012173891067505, 16.06363534927368, 17.724443674087524, 16.521916389465332, 16.299149990081787, 19.830586910247803, 19.240891933441162], "SSIM": [0.9204590320587158, 0.8753924369812012, 0.7912043333053589, 0.7590594291687012, 0.8595666885375977, 0.7639387845993042, 0.74524986743927, 0.821529746055603, 0.8353770971298218, 0.7004173994064331, 0.6661128401756287, 0.7461893558502197, 0.8310315012931824, 0.7771929502487183, 0.6728066205978394, 0.695868968963623, 0.8387531042098999, 0.755995512008667, 0.6191400289535522, 0.640748143196106, 0.8423604965209961, 0.6666384935379028, 0.6229812502861023, 0.7230616807937622, 0.859489381313324, 0.645119845867157, 0.5926967859268188, 0.6810032725334167, 0.8379025459289551, 0.7040261626243591, 0.6152426600456238, 0.6351839303970337, 0.7877238988876343, 0.7532544136047363, 0.6169200539588928, 0.6418527364730835, 0.7914952635765076, 0.6677403450012207, 0.6334251165390015, 0.7099766731262207, 0.8483182787895203, 0.7061038017272949, 0.6934218406677246, 0.7607496976852417, 0.7351362109184265, 0.7132431864738464, 0.8125812411308289, 0.8014246821403503], "MSE": [0.005520667880773544, 0.006537724286317825, 0.01638498343527317, 0.019370993599295616, 0.012408199720084667, 0.016889333724975586, 0.015858126804232597, 0.009284448809921741, 0.012781880795955658, 0.027741290628910065, 0.03058071807026863, 0.022443924099206924, 0.01447785459458828, 0.01803484559059143, 0.02215300314128399, 0.01934150606393814, 0.00859931018203497, 0.024230778217315674, 0.0384516604244709, 0.03357727453112602, 0.014218497090041637, 0.02575726807117462, 0.02570894919335842, 0.017844323068857193, 0.011345148086547852, 0.036800920963287354, 0.04165784269571304, 0.027743224054574966, 0.013497745618224144, 0.024439580738544464, 0.028820326551795006, 0.026660799980163574, 0.013471229001879692, 0.023158174008131027, 0.03809027373790741, 0.031391460448503494, 0.01690439134836197, 0.027323586866259575, 0.029534777626395226, 0.022656291723251343, 0.00878165289759636, 0.025048550218343735, 0.024753492325544357, 0.0168871209025383, 0.022274520248174667, 0.023446878418326378, 0.01039779745042324, 0.011909974738955498], "LPIPS": [0.157967671751976, 0.22130990028381348, 0.23666894435882568, 0.30903294682502747, 0.19665876030921936, 0.3333098590373993, 0.36753904819488525, 0.25875401496887207, 0.2141416370868683, 0.33854877948760986, 0.4196910858154297, 0.3399612307548523, 0.23974977433681488, 0.29783397912979126, 0.3894292712211609, 0.3691466748714447, 0.23554015159606934, 0.2857595384120941, 0.42208507657051086, 0.4339928925037384, 0.1963537335395813, 0.3648456037044525, 0.417252779006958, 0.35033583641052246, 0.23523031175136566, 0.40846049785614014, 0.46473774313926697, 0.3833616375923157, 0.2429760992527008, 0.34797796607017517, 0.4124125838279724, 0.40380918979644775, 0.2802351713180542, 0.3052184581756592, 0.4543922245502472, 0.4234166443347931, 0.24328795075416565, 0.366979718208313, 0.41188013553619385, 0.36455968022346497, 0.2799033224582672, 0.3537769913673401, 0.4182173013687134, 0.29062026739120483, 0.298757940530777, 0.3555542826652527, 0.21397630870342255, 0.26341885328292847]}