{"PSNR": [21.610279083251953, 19.369590282440186, 14.957643747329712, 16.45392894744873, 17.076475620269775, 17.065389156341553, 20.43576717376709, 17.431609630584717, 14.414697885513306, 13.876856565475464, 14.756540060043335, 19.364322423934937, 17.009845972061157, 15.717027187347412, 16.98578119277954, 20.349416732788086, 15.872750282287598, 13.81216287612915, 13.933173418045044, 17.343249320983887, 15.664366483688354, 15.833042860031128, 17.825372219085693, 19.17095422744751, 15.151355266571045, 13.866785764694214, 15.902096033096313, 17.234604358673096, 16.744080781936646, 15.428879261016846, 16.37520670890808, 18.900102376937866, 18.073173761367798, 14.890894889831543, 14.862816333770752, 17.354763746261597, 16.049091815948486, 15.951167345046997, 17.618868350982666, 19.473001956939697, 17.909789085388184, 15.845117568969727, 17.5023090839386, 17.745202779769897, 16.98158025741577, 18.63021731376648, 18.96143078804016, 18.91810178756714], "SSIM": [0.8974431753158569, 0.8089041113853455, 0.6679182052612305, 0.7513970136642456, 0.709551215171814, 0.6775724291801453, 0.8336388468742371, 0.7669181823730469, 0.6315456032752991, 0.5797243118286133, 0.6264806985855103, 0.8120273351669312, 0.6959127187728882, 0.6075939536094666, 0.660301148891449, 0.8100630640983582, 0.6902623176574707, 0.5651773810386658, 0.5552732348442078, 0.729084849357605, 0.6226401329040527, 0.5928447246551514, 0.7063571810722351, 0.8040003776550293, 0.635028600692749, 0.543405294418335, 0.6541942954063416, 0.6864962577819824, 0.705224871635437, 0.5930169820785522, 0.6288622617721558, 0.779294490814209, 0.7656353712081909, 0.6086484789848328, 0.5835891962051392, 0.713439404964447, 0.6582611799240112, 0.6151739358901978, 0.7032513618469238, 0.8200922012329102, 0.7751376032829285, 0.6621988415718079, 0.7270445823669434, 0.7210522890090942, 0.6682451963424683, 0.7601498365402222, 0.8281646966934204, 0.761647641658783], "MSE": [0.006901952903717756, 0.011562216095626354, 0.03193270415067673, 0.022625964134931564, 0.019604351371526718, 0.01965445838868618, 0.009045305661857128, 0.01806504651904106, 0.036185137927532196, 0.04095570743083954, 0.03344614431262016, 0.011576248332858086, 0.01990744285285473, 0.02681003138422966, 0.02001805603504181, 0.009226953610777855, 0.025865748524665833, 0.041570357978343964, 0.0404280424118042, 0.018436357378959656, 0.02713710069656372, 0.026103317737579346, 0.016499197110533714, 0.012103326618671417, 0.030539680272340775, 0.04105079174041748, 0.02569156140089035, 0.01890338398516178, 0.021163716912269592, 0.02864917367696762, 0.023039838299155235, 0.012882194481790066, 0.015584135428071022, 0.03242727741599083, 0.03263761103153229, 0.01838754117488861, 0.024836525321006775, 0.025402899831533432, 0.017302673310041428, 0.011290155351161957, 0.01618158631026745, 0.026030849665403366, 0.0177733413875103, 0.016806596890091896, 0.02003743313252926, 0.013708136975765228, 0.012701557949185371, 0.012828911654651165], "LPIPS": [0.1369531750679016, 0.23321200907230377, 0.33822646737098694, 0.27093401551246643, 0.2309909611940384, 0.25813722610473633, 0.20359984040260315, 0.28033000230789185, 0.3406631350517273, 0.4011215567588806, 0.36726415157318115, 0.22413049638271332, 0.28446266055107117, 0.3269842863082886, 0.3243214786052704, 0.23915062844753265, 0.305146723985672, 0.4014192819595337, 0.4175882041454315, 0.2729305028915405, 0.3590657114982605, 0.37474605441093445, 0.3061627447605133, 0.22379979491233826, 0.3457792401313782, 0.4410136640071869, 0.37050193548202515, 0.3445487320423126, 0.32753223180770874, 0.3973703682422638, 0.37459123134613037, 0.26878368854522705, 0.2535035014152527, 0.3734893798828125, 0.41039788722991943, 0.32986730337142944, 0.3541855216026306, 0.34904003143310547, 0.2985817790031433, 0.24974900484085083, 0.2593798339366913, 0.3072660565376282, 0.3025394380092621, 0.32372400164604187, 0.3344542384147644, 0.22378282248973846, 0.2307659238576889, 0.24820394814014435]}