{
    "PSNR": [
        21.700165271759033,
        16.64724349975586,
        15.188697576522827,
        18.097777366638184,
        17.164205312728882,
        18.613898754119873,
        18.320835828781128,
        15.771995782852173,
        14.297387599945068,
        14.762687683105469,
        17.564725875854492,
        16.875150203704834,
        16.049339771270752,
        16.346848011016846,
        18.203917741775513,
        18.207310438156128,
        14.96633768081665,
        13.688545227050781,
        15.47414779663086,
        17.050063610076904,
        15.853906869888306,
        16.60172462463379,
        18.280456066131592,
        16.225764751434326,
        14.361389875411987,
        14.074954986572266,
        17.649786472320557,
        16.036168336868286,
        15.928503274917603,
        16.04246497154236,
        17.32008934020996,
        18.055349588394165,
        15.114095211029053,
        14.165501594543457,
        16.440935134887695,
        17.218036651611328,
        16.753710508346558,
        16.937133073806763,
        18.0808424949646,
        16.14797592163086,
        14.982160329818726,
        16.419150829315186,
        17.754746675491333,
        17.13641047477722,
        18.4183931350708,
        17.004883289337158,
        16.611591577529907,
        18.940948247909546
    ],
    "SSIM": [
        0.8864490389823914,
        0.7240222692489624,
        0.6681513786315918,
        0.7695460319519043,
        0.6872062683105469,
        0.7425321340560913,
        0.7644750475883484,
        0.6598164439201355,
        0.5817787051200867,
        0.6366012096405029,
        0.7519966959953308,
        0.6959864497184753,
        0.6219624876976013,
        0.622636079788208,
        0.7168752551078796,
        0.7412772178649902,
        0.5964023470878601,
        0.5252420902252197,
        0.6885945200920105,
        0.7224178314208984,
        0.588127076625824,
        0.6327698826789856,
        0.7535156011581421,
        0.6687638163566589,
        0.5540026426315308,
        0.5579214692115784,
        0.7403151392936707,
        0.6302298307418823,
        0.6029806733131409,
        0.5929127931594849,
        0.6966935992240906,
        0.7839367389678955,
        0.6222323179244995,
        0.5617637038230896,
        0.7003395557403564,
        0.7020763158798218,
        0.6464003920555115,
        0.6656758785247803,
        0.7547931671142578,
        0.7190725803375244,
        0.6418241858482361,
        0.7103042602539062,
        0.6993009448051453,
        0.6661210060119629,
        0.7170156836509705,
        0.7163729071617126,
        0.7359070777893066,
        0.7538270950317383
    ],
    "MSE": [
        0.006760570220649242,
        0.021640915423631668,
        0.03027821145951748,
        0.01549609936773777,
        0.019212309271097183,
        0.013759737834334373,
        0.014720290899276733,
        0.02647283487021923,
        0.03717587888240814,
        0.033398836851119995,
        0.01751973293721676,
        0.020534543320536613,
        0.02483510598540306,
        0.023190777748823166,
        0.015121961943805218,
        0.015110157430171967,
        0.03186884522438049,
        0.042770616710186005,
        0.028352104127407074,
        0.019723940640687943,
        0.025978215038776398,
        0.021868929266929626,
        0.014857801608741283,
        0.023846440017223358,
        0.03663203865289688,
        0.03912952542304993,
        0.017179926857352257,
        0.024910544976592064,
        0.025535812601447105,
        0.024874456226825714,
        0.018534934148192406,
        0.01564822532236576,
        0.03080282174050808,
        0.038322143256664276,
        0.02269376441836357,
        0.01897563599050045,
        0.021116841584444046,
        0.020243551582098007,
        0.015556640923023224,
        0.02427741512656212,
        0.031752943992614746,
        0.022807877510786057,
        0.01676969788968563,
        0.019335657358169556,
        0.01439331378787756,
        0.019930200651288033,
        0.021819304674863815,
        0.01276160404086113
    ],
    "LPIPS": [
        0.12558776140213013,
        0.33728235960006714,
        0.33740538358688354,
        0.24601289629936218,
        0.28898704051971436,
        0.29612597823143005,
        0.25137588381767273,
        0.32426631450653076,
        0.37852171063423157,
        0.3253408372402191,
        0.2521611750125885,
        0.273294597864151,
        0.37194520235061646,
        0.37307682633399963,
        0.2896565794944763,
        0.2877412438392639,
        0.3599291443824768,
        0.3977659344673157,
        0.35733893513679504,
        0.29585665464401245,
        0.3824612498283386,
        0.3457351624965668,
        0.30942344665527344,
        0.34306800365448,
        0.4044051170349121,
        0.41042444109916687,
        0.29973721504211426,
        0.37361282110214233,
        0.3731752634048462,
        0.3712758719921112,
        0.3168099522590637,
        0.27811020612716675,
        0.3622543513774872,
        0.4215633273124695,
        0.3061676621437073,
        0.31276223063468933,
        0.338448703289032,
        0.365484356880188,
        0.27491864562034607,
        0.26533693075180054,
        0.3451554775238037,
        0.2894483506679535,
        0.31416624784469604,
        0.34517598152160645,
        0.314172625541687,
        0.29422807693481445,
        0.25757086277008057,
        0.2886177897453308
    ],
    "complexity": {
        "normal_roughness": [
            0.049071624875068665,
            0.028705086559057236,
            0.03689077869057655,
            0.04116494208574295,
            0.05094375088810921,
            0.040427565574645996,
            0.026813236996531487,
            0.031459733843803406,
            0.04286307841539383,
            0.038550395518541336,
            0.039071496576070786,
            0.04902629554271698,
            0.05503278970718384,
            0.04969402775168419,
            0.03485935926437378,
            0.02964126691222191,
            0.04453185945749283,
            0.0516854003071785,
            0.03588443249464035,
            0.04171749949455261,
            0.055554747581481934,
            0.044425398111343384,
            0.033637885004282,
            0.04378647357225418,
            0.053939465433359146,
            0.048961225897073746,
            0.03315477818250656,
            0.05156206712126732,
            0.0520283542573452,
            0.04865715652704239,
            0.039031870663166046,
            0.04211437702178955,
            0.0526474304497242,
            0.055380575358867645,
            0.04049142450094223,
            0.039524488151073456,
            0.042990587651729584,
            0.04098258912563324,
            0.03738010674715042,
            0.05046401917934418,
            0.05478489771485329,
            0.04749605804681778,
            0.03468376398086548,
            0.04022112488746643,
            0.03397355228662491,
            0.04430292919278145,
            0.046660296618938446,
            0.03430183231830597
        ],