{"PSNR": [21.48643970489502, 14.801030158996582, 13.49030613899231, 15.86704969406128, 15.724401473999023, 15.85995078086853, 14.720767736434937, 13.01404356956482, 12.978087663650513, 13.293590545654297, 13.974320888519287, 15.33991813659668, 14.22365665435791, 14.347165822982788, 14.17351484298706, 13.149557113647461, 13.054590225219727, 13.794890642166138, 14.344732761383057, 13.772625923156738, 14.225122928619385, 13.468201160430908, 13.36550235748291, 13.267594575881958, 14.225966930389404, 14.852509498596191, 13.689807653427124, 13.807754516601562, 13.989418745040894, 13.352353572845459, 13.06581974029541, 13.900262117385864, 14.294447898864746, 15.793288946151733, 15.083541870117188, 13.535338640213013, 13.60854983329773, 12.89943814277649, 13.777137994766235, 14.929238557815552, 16.107476949691772, 17.106610536575317, 14.446923732757568, 13.977773189544678, 13.505557775497437, 15.385582447052002, 17.88762092590332, 14.740490913391113], "SSIM": [0.8780297636985779, 0.649552047252655, 0.6235260963439941, 0.686856746673584, 0.6437364220619202, 0.6626176834106445, 0.6447778344154358, 0.5673048496246338, 0.5659005045890808, 0.6243171095848083, 0.6184543967247009, 0.6249185800552368, 0.5570459961891174, 0.5790508985519409, 0.5875134468078613, 0.6044628024101257, 0.5317734479904175, 0.5918487906455994, 0.6408204436302185, 0.583854615688324, 0.5476868152618408, 0.5191481113433838, 0.6153132319450378, 0.5256775617599487, 0.5704591870307922, 0.6299498081207275, 0.6085430979728699, 0.5710151195526123, 0.5235602259635925, 0.5282107591629028, 0.5323870182037354, 0.607188880443573, 0.5475349426269531, 0.6444209814071655, 0.6582828760147095, 0.5892406105995178, 0.5828834772109985, 0.5411442518234253, 0.6070070266723633, 0.6201383471488953, 0.6319489479064941, 0.7163735628128052, 0.5823399424552917, 0.6052073836326599, 0.5971517562866211, 0.6957365870475769, 0.7566565275192261, 0.6280041933059692], "MSE": [0.0071015991270542145, 0.03310525417327881, 0.04476818069815636, 0.025899715721607208, 0.02676454186439514, 0.025942090898752213, 0.03372276946902275, 0.04995691776275635, 0.05037223920226097, 0.04684259742498398, 0.0400468111038208, 0.029242072254419327, 0.03781241551041603, 0.036752209067344666, 0.03825151175260544, 0.048422183841466904, 0.04949268698692322, 0.04173601418733597, 0.03677280619740486, 0.0419505350291729, 0.0377996489405632, 0.04499661922454834, 0.046073347330093384, 0.047123830765485764, 0.037792306393384933, 0.03271516412496567, 0.04275817796587944, 0.041612572968006134, 0.03990783914923668, 0.0462130606174469, 0.04936487600207329, 0.04073556885123253, 0.03720105439424515, 0.026343360543251038, 0.031020287424325943, 0.044306378811597824, 0.04356573149561882, 0.0512927770614624, 0.04190696403384209, 0.03214224427938461, 0.02450486831367016, 0.01946878992021084, 0.035917624831199646, 0.040014997124671936, 0.044611237943172455, 0.028936222195625305, 0.016264397650957108, 0.03356996923685074], "LPIPS": [0.14157366752624512, 0.30935123562812805, 0.35376471281051636, 0.27540910243988037, 0.323129266500473, 0.3047504425048828, 0.33407726883888245, 0.40340983867645264, 0.40234097838401794, 0.3588976263999939, 0.35909873247146606, 0.342377632856369, 0.3824251890182495, 0.39976832270622253, 0.357496440410614, 0.3630527853965759, 0.4112478494644165, 0.35722827911376953, 0.3711506426334381, 0.42568135261535645, 0.39311814308166504, 0.4304337501525879, 0.388001412153244, 0.4097609519958496, 0.37094107270240784, 0.3391321897506714, 0.39399778842926025, 0.3949647843837738, 0.38361412286758423, 0.44575589895248413, 0.43151217699050903, 0.33766138553619385, 0.40048712491989136, 0.34533706307411194, 0.33190587162971497, 0.39563822746276855, 0.3796013593673706, 0.43514177203178406, 0.3839646279811859, 0.34686702489852905, 0.32342657446861267, 0.26019787788391113, 0.37154966592788696, 0.3829807937145233, 0.3825230002403259, 0.28345948457717896, 0.23121744394302368, 0.3411051034927368]}