{"PSNR": [22.284510135650635, 17.37855553627014, 17.835190296173096, 15.029997825622559, 16.065067052841187, 16.62988781929016, 14.910279512405396, 15.888772010803223, 20.497334003448486, 15.600701570510864, 13.032282590866089, 13.24526309967041, 13.50383996963501, 18.551127910614014, 14.103751182556152, 14.230221509933472, 16.908299922943115, 17.804867029190063, 12.927309274673462, 11.931134462356567, 16.219346523284912, 15.00272512435913, 13.55563998222351, 14.73928689956665, 18.811014890670776, 15.250824689865112, 11.842378377914429, 12.342156171798706, 14.690755605697632, 18.649039268493652, 13.66894245147705, 13.855150938034058, 16.001999378204346, 19.249595403671265, 13.402509689331055, 12.223743200302124, 17.908685207366943, 15.15272855758667, 13.930773735046387, 14.979264736175537, 17.637593746185303, 17.988004684448242, 13.983316421508789, 14.611834287643433, 17.358782291412354, 15.58490514755249, 18.961374759674072, 19.36880111694336], "SSIM": [0.9186892509460449, 0.7843624949455261, 0.8126973509788513, 0.7166842222213745, 0.7854544520378113, 0.7692844271659851, 0.6670815944671631, 0.6976602077484131, 0.8496555089950562, 0.7256815433502197, 0.591964066028595, 0.6306122541427612, 0.6428419351577759, 0.835023045539856, 0.6226248145103455, 0.5907963514328003, 0.7232449054718018, 0.7871000170707703, 0.5886196494102478, 0.5377776026725769, 0.7467751502990723, 0.6730917692184448, 0.557328999042511, 0.6117639541625977, 0.8022026419639587, 0.7173368334770203, 0.5268403887748718, 0.5714859962463379, 0.658989429473877, 0.821273922920227, 0.5854369401931763, 0.5706962943077087, 0.6891837120056152, 0.8281993269920349, 0.6359274387359619, 0.5457393527030945, 0.7633189558982849, 0.6834036707878113, 0.6009320020675659, 0.6505634784698486, 0.7737979292869568, 0.8087908625602722, 0.6412801742553711, 0.6402134299278259, 0.7761608958244324, 0.7023699283599854, 0.802850604057312, 0.8282291889190674], "MSE": [0.005909477826207876, 0.01828708127140999, 0.016461938619613647, 0.03140510246157646, 0.024745335802435875, 0.021727576851844788, 0.03228286653757095, 0.02577049843966961, 0.008917982690036297, 0.027537843212485313, 0.04974755644798279, 0.04736676067113876, 0.04462888091802597, 0.013960056006908417, 0.0388709232211113, 0.037755295634269714, 0.020378397777676582, 0.016577284783124924, 0.050964660942554474, 0.06410421431064606, 0.023881707340478897, 0.031602948904037476, 0.04409974068403244, 0.033579275012016296, 0.01314917765557766, 0.029848165810108185, 0.06542778760194778, 0.05831555649638176, 0.0339566245675087, 0.01364885177463293, 0.042964112013578415, 0.04116090387105942, 0.02510729990899563, 0.011886132881045341, 0.04568241164088249, 0.05992744117975235, 0.0161856971681118, 0.03053002618253231, 0.04045039042830467, 0.031774118542671204, 0.01722823455929756, 0.015892770141363144, 0.039963945746421814, 0.0345793291926384, 0.018370535224676132, 0.027638182044029236, 0.012701718136668205, 0.011564314365386963], "LPIPS": [0.1201012060046196, 0.23519882559776306, 0.25609660148620605, 0.2901642620563507, 0.2619909644126892, 0.21942362189292908, 0.311501681804657, 0.2969512641429901, 0.18698184192180634, 0.30832287669181824, 0.360662043094635, 0.32592079043388367, 0.31760692596435547, 0.21075819432735443, 0.3304958939552307, 0.35582101345062256, 0.253376841545105, 0.3016775846481323, 0.3568391799926758, 0.41045841574668884, 0.2864948809146881, 0.28874149918556213, 0.366222083568573, 0.3511474132537842, 0.24815669655799866, 0.28788578510284424, 0.39697563648223877, 0.3867452144622803, 0.34303176403045654, 0.2400469183921814, 0.340122789144516, 0.3620569109916687, 0.27586889266967773, 0.23429378867149353, 0.3127792477607727, 0.39862143993377686, 0.289608895778656, 0.31016719341278076, 0.35092905163764954, 0.3111812472343445, 0.26733484864234924, 0.20638075470924377, 0.30274248123168945, 0.3572363257408142, 0.29670703411102295, 0.3218093514442444, 0.2543169856071472, 0.21340197324752808]}