{"PSNR": [23.054134845733643, 22.05568790435791, 16.331552267074585, 15.742229223251343, 20.25186777114868, 17.135106325149536, 16.868646144866943, 20.252909660339355, 17.892509698867798, 14.55675721168518, 14.32714581489563, 16.33040428161621, 18.84997010231018, 16.654876470565796, 15.403366088867188, 16.525248289108276, 21.526694297790527, 15.469903945922852, 13.654991388320923, 14.585760831832886, 17.6013445854187, 14.807286262512207, 15.00583529472351, 17.26278305053711, 18.619719743728638, 14.303821325302124, 13.76721739768982, 16.448642015457153, 20.792725086212158, 15.317492485046387, 14.522950649261475, 15.515825748443604, 19.439432621002197, 16.52374505996704, 14.283298254013062, 15.231548547744751, 17.271480560302734, 14.89380955696106, 15.126752853393555, 16.80208683013916, 21.86309576034546, 16.698834896087646, 16.39936923980713, 20.502371788024902, 16.661603450775146, 16.409019231796265, 21.550614833831787, 23.73178720474243], "SSIM": [0.9185900688171387, 0.8945608139038086, 0.695192813873291, 0.6490370035171509, 0.8205386996269226, 0.7153905630111694, 0.6876797676086426, 0.8637005090713501, 0.7957903146743774, 0.6058276295661926, 0.5898742079734802, 0.6865589022636414, 0.7963188886642456, 0.7072204351425171, 0.6052055358886719, 0.6806726455688477, 0.9028350710868835, 0.6779865622520447, 0.5622681975364685, 0.6076428890228271, 0.7730943560600281, 0.5848168730735779, 0.5771384239196777, 0.7388767600059509, 0.8309614062309265, 0.6037012338638306, 0.567145049571991, 0.6984905004501343, 0.8491885662078857, 0.6409364938735962, 0.5525133609771729, 0.6313472986221313, 0.8322498798370361, 0.7356879711151123, 0.6092113852500916, 0.6555946469306946, 0.7322311401367188, 0.594584584236145, 0.6096734404563904, 0.7201454043388367, 0.8972095251083374, 0.7272372245788574, 0.721351146697998, 0.8814231753349304, 0.7034560441970825, 0.6888874769210815, 0.8895324468612671, 0.9245328903198242], "MSE": [0.0049497876316308975, 0.006229185964912176, 0.023272594437003136, 0.026654904708266258, 0.009436550550162792, 0.019341466948390007, 0.020565316081047058, 0.009434289298951626, 0.016246093437075615, 0.03502065688371658, 0.03692202270030975, 0.023278750479221344, 0.01303175650537014, 0.021602917462587357, 0.028817972168326378, 0.02225743979215622, 0.00703607639297843, 0.02837981842458248, 0.043102338910102844, 0.034787558019161224, 0.017372626811265945, 0.033057600259780884, 0.03158031776547432, 0.018781129270792007, 0.013741308823227882, 0.03712084889411926, 0.042002808302640915, 0.022653531283140182, 0.008331582881510258, 0.029393460601568222, 0.035294339060783386, 0.028081312775611877, 0.011377759277820587, 0.02226514369249344, 0.037296682596206665, 0.029980938881635666, 0.01874355599284172, 0.03240552172064781, 0.030713176354765892, 0.020882926881313324, 0.006511641200631857, 0.02138536050915718, 0.022912006825208664, 0.008907642215490341, 0.02156948298215866, 0.02286115102469921, 0.006997427903115749, 0.004234687890857458], "LPIPS": [0.15587449073791504, 0.10586771368980408, 0.30035924911499023, 0.3409190773963928, 0.23319491744041443, 0.2665899395942688, 0.29472070932388306, 0.2087957262992859, 0.23088927567005157, 0.4038901627063751, 0.44301819801330566, 0.3893376886844635, 0.28508150577545166, 0.32310566306114197, 0.3757290244102478, 0.32261553406715393, 0.1738288253545761, 0.3357935845851898, 0.4366546869277954, 0.43482863903045654, 0.288003146648407, 0.393152117729187, 0.3994230628013611, 0.31732064485549927, 0.2758308947086334, 0.4083115756511688, 0.4323665499687195, 0.34213000535964966, 0.19715186953544617, 0.32887279987335205, 0.425995409488678, 0.36886829137802124, 0.2507534325122833, 0.3194480538368225, 0.3536563515663147, 0.3439507484436035, 0.28023120760917664, 0.37533020973205566, 0.3848487138748169, 0.3386872410774231, 0.10231387615203857, 0.24611277878284454, 0.275187611579895, 0.17867527902126312, 0.2749136686325073, 0.3039179742336273, 0.19588804244995117, 0.12251631170511246]}