{"PSNR": [23.053908348083496, 22.222423553466797, 15.424785614013672, 14.569605588912964, 23.467209339141846, 15.955005884170532, 15.381860733032227, 18.746169805526733, 16.540896892547607, 12.975808382034302, 12.566088438034058, 14.276466369628906, 17.145415544509888, 15.97249150276184, 13.826109170913696, 14.602646827697754, 21.34927749633789, 13.926171064376831, 12.037394046783447, 12.92317271232605, 18.09146761894226, 13.904411792755127, 13.52636456489563, 15.586423873901367, 18.0237877368927, 12.968510389328003, 12.451691627502441, 14.983968734741211, 19.484775066375732, 15.20845890045166, 13.462278842926025, 14.085298776626587, 18.685219287872314, 15.986632108688354, 13.12006950378418, 14.157332181930542, 17.160167694091797, 14.459701776504517, 14.054017066955566, 15.870884656906128, 22.021849155426025, 16.56318187713623, 15.204278230667114, 19.843004941940308, 16.2138569355011, 15.956755876541138, 22.43305206298828, 24.03824806213379], "SSIM": [0.9373950958251953, 0.9118188619613647, 0.7302901148796082, 0.6664782762527466, 0.9234979152679443, 0.6931500434875488, 0.662111222743988, 0.8110928535461426, 0.7881830930709839, 0.590413510799408, 0.5402337908744812, 0.6152163743972778, 0.7376456260681152, 0.7071150541305542, 0.5664774179458618, 0.625564694404602, 0.8895389437675476, 0.6605079174041748, 0.5125937461853027, 0.5448368787765503, 0.7987818717956543, 0.5740492343902588, 0.5464702844619751, 0.6913806200027466, 0.8257869482040405, 0.5749852657318115, 0.5126092433929443, 0.6353473663330078, 0.8288223147392273, 0.6503537893295288, 0.5341300368309021, 0.5908549427986145, 0.7962514758110046, 0.7554046511650085, 0.5594297647476196, 0.579308807849884, 0.7409194707870483, 0.5947984457015991, 0.5794181823730469, 0.6912420988082886, 0.8941838145256042, 0.7472555637359619, 0.6356356143951416, 0.810649037361145, 0.7003185749053955, 0.6818498373031616, 0.9033700227737427, 0.9181910753250122], "MSE": [0.004950044211000204, 0.0059945667162537575, 0.028676187619566917, 0.034917201846838, 0.004500690847635269, 0.025380462408065796, 0.028961025178432465, 0.013346980325877666, 0.02217738702893257, 0.05039868876338005, 0.05538486689329147, 0.03735540807247162, 0.01929561235010624, 0.025278476998209953, 0.04143708199262619, 0.03465256467461586, 0.007329465821385384, 0.040493279695510864, 0.06255480647087097, 0.05101322382688522, 0.01551862619817257, 0.04069666191935539, 0.04439802095293999, 0.027628516778349876, 0.015762366354465485, 0.050483450293540955, 0.05686314031481743, 0.0317397266626358, 0.011259587481617928, 0.030140753835439682, 0.04505802318453789, 0.03903643414378166, 0.013535621576011181, 0.02519630454480648, 0.0487520694732666, 0.038394298404455185, 0.019230175763368607, 0.03581210970878601, 0.039318617433309555, 0.025876864790916443, 0.006277912762016058, 0.022063881158828735, 0.030169785022735596, 0.010368107818067074, 0.023911915719509125, 0.02537023089826107, 0.00571077223867178, 0.003946166019886732], "LPIPS": [0.10597022622823715, 0.12861600518226624, 0.27982020378112793, 0.3369028568267822, 0.18113432824611664, 0.27370813488960266, 0.30033767223358154, 0.2226104438304901, 0.24382151663303375, 0.38937675952911377, 0.4741041660308838, 0.4094768166542053, 0.2897777259349823, 0.29309675097465515, 0.3463976979255676, 0.3476134240627289, 0.21523313224315643, 0.3698759377002716, 0.4732644855976105, 0.49015313386917114, 0.2532549798488617, 0.41027700901031494, 0.40665462613105774, 0.3748774230480194, 0.23165859282016754, 0.4072326421737671, 0.4975935220718384, 0.42262446880340576, 0.23131529986858368, 0.3772470951080322, 0.43723875284194946, 0.41727179288864136, 0.25070273876190186, 0.29166996479034424, 0.42650118470191956, 0.4107320308685303, 0.2858547866344452, 0.38186049461364746, 0.411101758480072, 0.3365514874458313, 0.2128540277481079, 0.2370794713497162, 0.35275810956954956, 0.2578990161418915, 0.3219427466392517, 0.31294316053390503, 0.15284505486488342, 0.1270078420639038]}