{"PSNR": [23.0007266998291, 14.549446105957031, 13.887403011322021, 18.551501035690308, 14.89290714263916, 19.069374799728394, 15.768038034439087, 12.75164008140564, 12.2956383228302, 13.872543573379517, 16.4895236492157, 15.353517532348633, 13.39331865310669, 13.857059478759766, 18.123130798339844, 13.26317548751831, 11.933368444442749, 12.649452686309814, 15.537534952163696, 15.965845584869385, 12.451894283294678, 14.339762926101685, 15.881738662719727, 12.826765775680542, 12.358018159866333, 15.02076268196106, 16.60590887069702, 14.290211200714111, 12.606871128082275, 12.617731094360352, 16.152347326278687, 14.35845136642456, 13.365427255630493, 14.483731985092163, 16.607379913330078, 14.768425226211548, 12.51707911491394, 13.61182451248169, 18.233155012130737, 15.262250900268555, 16.420825719833374, 17.72125482559204, 15.592687129974365, 13.552124500274658, 13.619728088378906, 17.24516749382019, 18.137308359146118, 14.516762495040894], "SSIM": [0.9153314828872681, 0.6461966037750244, 0.5996694564819336, 0.799644947052002, 0.7022898197174072, 0.8121508359909058, 0.6848441958427429, 0.5381245613098145, 0.49260079860687256, 0.5980719923973083, 0.7133762240409851, 0.7453028559684753, 0.6258593201637268, 0.6296318173408508, 0.7787001132965088, 0.5635426044464111, 0.4918956458568573, 0.5182257890701294, 0.681502103805542, 0.7168550491333008, 0.5438252687454224, 0.6257244944572449, 0.7007091045379639, 0.5680787563323975, 0.5184727907180786, 0.6698989868164062, 0.740419864654541, 0.6529340147972107, 0.5327320694923401, 0.51490718126297, 0.6722334623336792, 0.6388616561889648, 0.5937425494194031, 0.6436787843704224, 0.7291220426559448, 0.6504409313201904, 0.4866268038749695, 0.5503252744674683, 0.7537258863449097, 0.6781119108200073, 0.7123660445213318, 0.7420268058776855, 0.6826898455619812, 0.5718680024147034, 0.5423098802566528, 0.7392438650131226, 0.8013923168182373, 0.6249384880065918], "MSE": [0.005011033266782761, 0.03507966548204422, 0.04085636883974075, 0.013958859257400036, 0.03241226077079773, 0.012389748357236385, 0.026496967300772667, 0.053068410605192184, 0.05894353240728378, 0.04099639877676964, 0.022441282868385315, 0.02915065549314022, 0.04577919840812683, 0.041142821311950684, 0.015405893325805664, 0.04717181250452995, 0.06407125294208527, 0.05433188006281853, 0.02794129215180874, 0.02531718835234642, 0.05686049163341522, 0.036814913153648376, 0.025812268257141113, 0.05215830355882645, 0.05810294672846794, 0.03147196024656296, 0.02184787392616272, 0.03723736107349396, 0.0548672080039978, 0.05473017692565918, 0.024252988398075104, 0.036656830459833145, 0.04607415199279785, 0.0356145016849041, 0.021840473636984825, 0.0333547443151474, 0.05601341649889946, 0.04353289306163788, 0.015020504593849182, 0.029769733548164368, 0.022799087688326836, 0.016899531707167625, 0.027588706463575363, 0.044135451316833496, 0.04345373809337616, 0.01885746419429779, 0.015355683863162994, 0.03534466028213501], "LPIPS": [0.1051674485206604, 0.31362423300743103, 0.3799596428871155, 0.24956673383712769, 0.32761380076408386, 0.207107812166214, 0.30711278319358826, 0.4318036735057831, 0.4496113657951355, 0.3713650703430176, 0.30972570180892944, 0.32051676511764526, 0.3327384889125824, 0.3402469754219055, 0.23091329634189606, 0.4241635203361511, 0.4597663879394531, 0.4119064211845398, 0.31797894835472107, 0.2815597653388977, 0.4039873778820038, 0.33998727798461914, 0.3048802614212036, 0.41145893931388855, 0.42209649085998535, 0.32816433906555176, 0.27461737394332886, 0.3232599198818207, 0.3977165222167969, 0.3993743062019348, 0.3309915065765381, 0.36947959661483765, 0.38984519243240356, 0.35498368740081787, 0.2863624095916748, 0.34100818634033203, 0.4152701199054718, 0.372241735458374, 0.2607824206352234, 0.3318701982498169, 0.306293785572052, 0.2451075166463852, 0.28398609161376953, 0.3537832200527191, 0.38818901777267456, 0.28348463773727417, 0.1886676847934723, 0.32815349102020264]}