{"PSNR": [21.119163036346436, 14.247467517852783, 13.398740291595459, 13.893276453018188, 15.826554298400879, 14.339679479598999, 12.541964054107666, 11.57716989517212, 11.567121744155884, 11.729824542999268, 11.104358434677124, 13.192058801651001, 12.683554887771606, 12.640061378479004, 11.000118255615234, 11.975431442260742, 11.40198826789856, 11.258920431137085, 10.221775770187378, 10.736513137817383, 12.361423969268799, 10.07949709892273, 11.661750078201294, 11.91848874092102, 12.126657962799072, 10.781478881835938, 9.838536977767944, 11.502645015716553, 11.668782234191895, 10.29376745223999, 10.299572944641113, 12.334355115890503, 12.497246265411377, 13.246514797210693, 10.522702932357788, 10.041745901107788, 11.33720874786377, 10.64605712890625, 11.308475732803345, 12.73973822593689, 14.316061735153198, 13.613196611404419, 11.122574806213379, 11.00021243095398, 12.86756157875061, 12.950137853622437, 16.616421937942505, 13.19399118423462], "SSIM": [0.8724073171615601, 0.6263815760612488, 0.6495891809463501, 0.6342658996582031, 0.6597685217857361, 0.6441883444786072, 0.5737876296043396, 0.5525907874107361, 0.56953364610672, 0.5914995074272156, 0.5739951133728027, 0.6150105595588684, 0.551163375377655, 0.5400940775871277, 0.5530276894569397, 0.5674954652786255, 0.5298594832420349, 0.5980020761489868, 0.557323694229126, 0.5437993407249451, 0.5673972368240356, 0.5237650275230408, 0.5881777405738831, 0.5319751501083374, 0.5921225547790527, 0.6305114030838013, 0.5610963106155396, 0.555504322052002, 0.5499088168144226, 0.511782169342041, 0.5217722654342651, 0.6112183332443237, 0.571364164352417, 0.6720727682113647, 0.6294195652008057, 0.5424234867095947, 0.5610411167144775, 0.5331726670265198, 0.5596803426742554, 0.6282217502593994, 0.6730881929397583, 0.6861065626144409, 0.5923748016357422, 0.5670251846313477, 0.6174023151397705, 0.6141921877861023, 0.7638041377067566, 0.6403423547744751], "MSE": [0.007728296797722578, 0.03760566934943199, 0.04572208970785141, 0.04080114886164665, 0.02614234946668148, 0.03681561350822449, 0.05569338798522949, 0.06954773515462875, 0.06970883905887604, 0.06714560091495514, 0.0775468647480011, 0.0479506179690361, 0.053906917572021484, 0.054449498653411865, 0.07943066209554672, 0.06345368921756744, 0.07241043448448181, 0.07483554631471634, 0.09502162784337997, 0.0844012126326561, 0.05805740877985954, 0.09818615764379501, 0.06820638477802277, 0.06429114192724228, 0.06128218397498131, 0.08353184908628464, 0.10378780961036682, 0.07075148820877075, 0.06809604167938232, 0.09345944970846176, 0.09333460032939911, 0.05842040106654167, 0.0562698058784008, 0.0473531112074852, 0.08866040408611298, 0.0990433618426323, 0.07349862158298492, 0.08617758005857468, 0.0739864856004715, 0.053214043378829956, 0.037016380578279495, 0.04351913928985596, 0.07722228020429611, 0.07942894101142883, 0.05167065188288689, 0.05069746822118759, 0.02179504930973053, 0.04792928323149681], "LPIPS": [0.13372012972831726, 0.2847573757171631, 0.3082646429538727, 0.28813546895980835, 0.335889607667923, 0.2998948097229004, 0.32976967096328735, 0.3734223246574402, 0.40607184171676636, 0.3339548707008362, 0.3391476571559906, 0.33949270844459534, 0.4057314395904541, 0.4289756417274475, 0.41047394275665283, 0.37372148036956787, 0.391071617603302, 0.3935706615447998, 0.3810707926750183, 0.35335975885391235, 0.3872905969619751, 0.47067415714263916, 0.3501574397087097, 0.3594861328601837, 0.36027657985687256, 0.4032437205314636, 0.39995908737182617, 0.36415380239486694, 0.35721850395202637, 0.46253854036331177, 0.4328760802745819, 0.3479384183883667, 0.356975793838501, 0.3308655619621277, 0.3646157383918762, 0.4000716805458069, 0.3822594881057739, 0.4177185297012329, 0.3666601777076721, 0.29646748304367065, 0.2801375389099121, 0.2585662007331848, 0.3587105870246887, 0.3679991662502289, 0.30095988512039185, 0.27616047859191895, 0.19459271430969238, 0.2912917137145996]}