{
    "PSNR": [
        23.215184211730957,
        20.313749313354492,
        16.941834688186646,
        16.41117215156555,
        21.513569355010986,
        18.39821219444275,
        17.743974924087524,
        19.232040643692017,
        16.56162977218628,
        15.39224624633789,
        15.281814336776733,
        16.310101747512817,
        20.250234603881836,
        18.02901864051819,
        16.490936279296875,
        17.038414478302002,
        18.56661558151245,
        15.544039011001587,
        15.163800716400146,
        15.774002075195312,
        18.94479751586914,
        16.625815629959106,
        16.12347722053528,
        16.79779887199402,
        17.538893222808838,
        15.787090063095093,
        15.970662832260132,
        18.26564311981201,
        19.99421238899231,
        17.541600465774536,
        16.23304009437561,
        16.160353422164917,
        17.937231063842773,
        17.44108557701111,
        16.585956811904907,
        17.778618335723877,
        19.167999029159546,
        17.222503423690796,
        16.550270318984985,
        16.844314336776733,
        19.418113231658936,
        18.209478855133057,
        18.862504959106445,
        20.98015308380127,
        18.496533632278442,
        17.261645793914795,
        20.4537034034729,
        22.390670776367188
    ],
    "SSIM": [
        0.8982454538345337,
        0.8135566711425781,
        0.7124713659286499,
        0.6836330890655518,
        0.8282443881034851,
        0.7344183325767517,
        0.7260116338729858,
        0.8159476518630981,
        0.7007893323898315,
        0.6288838386535645,
        0.6165895462036133,
        0.688659131526947,
        0.8666669130325317,
        0.6939389109611511,
        0.6243791580200195,
        0.721621036529541,
        0.8357110023498535,
        0.629212498664856,
        0.5983369946479797,
        0.6650897860527039,
        0.7475056052207947,
        0.6139991283416748,
        0.6194522380828857,
        0.7451116442680359,
        0.7683080434799194,
        0.6374539732933044,
        0.6510542631149292,
        0.8080269694328308,
        0.8222918510437012,
        0.6717623472213745,
        0.5989097356796265,
        0.6603478789329529,
        0.8192793130874634,
        0.7346185445785522,
        0.6785893440246582,
        0.7667757868766785,
        0.7624752521514893,
        0.6648257970809937,
        0.6517664790153503,
        0.7408322095870972,
        0.853515088558197,
        0.753401517868042,
        0.7872903347015381,
        0.8798930644989014,
        0.7582464218139648,
        0.73594069480896,
        0.862565279006958,
        0.8728631734848022
    ],
    "MSE": [
        0.004769596271216869,
        0.009303047321736813,
        0.02022165060043335,
        0.022849824279546738,
        0.0070573738776147366,
        0.014460351318120956,
        0.016811350360512733,
        0.011934272944927216,
        0.02207176387310028,
        0.028891850262880325,
        0.02963593602180481,
        0.02338782697916031,
        0.009440097026526928,
        0.01574338786303997,
        0.022433986887335777,
        0.01977691613137722,
        0.013910360634326935,
        0.02789948135614395,
        0.030452288687229156,
        0.02646060846745968,
        0.012750296853482723,
        0.021747957915067673,
        0.024414751678705215,
        0.020903557538986206,
        0.017624251544475555,
        0.026380982249975204,
        0.02528911828994751,
        0.014908562414348125,
        0.01001333724707365,
        0.017613273113965988,
        0.023806527256965637,
        0.024208322167396545,
        0.01607966609299183,
        0.018025673925876617,
        0.021948471665382385,
        0.01667778380215168,
        0.012111565098166466,
        0.018956132233142853,
        0.02212957665324211,
        0.020680859684944153,
        0.011433752253651619,
        0.01510261744260788,
        0.012994198128581047,
        0.007979664951562881,
        0.014136656187474728,
        0.018786054104566574,
        0.009008030407130718,
        0.005766772665083408
    ],
    "LPIPS": [
        0.13703912496566772,
        0.22412535548210144,
        0.3239777088165283,
        0.29966261982917786,
        0.26492175459861755,
        0.2707147002220154,
        0.2774810492992401,
        0.25002521276474,
        0.31874561309814453,
        0.3823620080947876,
        0.3691740334033966,
        0.27214720845222473,
        0.21609121561050415,
        0.2923954725265503,
        0.3274165987968445,
        0.294930636882782,
        0.26724204421043396,
        0.3523640036582947,
        0.3970820903778076,
        0.3371836543083191,
        0.27635109424591064,
        0.3392114043235779,
        0.3365018665790558,
        0.2973630428314209,
        0.2629181444644928,
        0.3472321629524231,
        0.37011194229125977,
        0.28762462735176086,
        0.2651282250881195,
        0.32050836086273193,
        0.3495456576347351,
        0.3098751902580261,
        0.21634769439697266,
        0.2828759551048279,
        0.36606496572494507,
        0.2956342101097107,
        0.28582674264907837,
        0.3271833062171936,
        0.3153999447822571,
        0.2762010395526886,
        0.2116476446390152,
        0.24797099828720093,
        0.23630082607269287,
        0.19106104969978333,
        0.27336281538009644,
        0.27616751194000244,
        0.21852166950702667,
        0.1223992183804512
    ],
    "complexity": {
        "normal_roughness": [
            0.034258730709552765,
            0.03399205207824707,
            0.045045312494039536,
            0.045663028955459595,
            0.031911395490169525,
            0.039342548698186874,
            0.04213268309831619,
            0.03480049595236778,
            0.044827304780483246,
            0.054775312542915344,
            0.055300023406744,
            0.047782715409994125,
            0.035971686244010925,
            0.042413100600242615,
            0.0529075525701046,
            0.041656821966171265,
            0.03206557407975197,
            0.051843561232089996,
            0.05518733710050583,
            0.050976477563381195,
            0.042516078799963,
            0.05257484316825867,
            0.053686775267124176,
            0.040343817323446274,
            0.039623454213142395,
            0.050492629408836365,
            0.04981391131877899,
            0.04100150614976883,
            0.03807568550109863,
            0.04838651046156883,
            0.05430378392338753,
            0.04967016726732254,
            0.038940027356147766,
            0.04245234280824661,
            0.04500357434153557,
            0.03789306432008743,
            0.04118984937667847,
            0.04763481020927429,
            0.05057518184185028,
            0.0436040535569191,
            0.03650303930044174,
            0.034640274941921234,
            0.031741492450237274,
            0.0317588709294796,
            0.03831842541694641,
            0.039750225841999054,
            0.02807547152042389,
            0.027137987315654755
        ],