{
    "PSNR": [
        22.40039348602295,
        17.57151961326599,
        14.941452741622925,
        16.128824949264526,
        19.122509956359863,
        17.062358856201172,
        16.967601776123047,
        15.599961280822754,
        14.228694438934326,
        12.964754104614258,
        13.97506594657898,
        16.728699207305908,
        17.63101577758789,
        16.21685266494751,
        15.93598484992981,
        17.25667715072632,
        14.253474473953247,
        13.33620548248291,
        12.934821844100952,
        15.029854774475098,
        15.915610790252686,
        14.993292093276978,
        16.16572380065918,
        16.23447060585022,
        14.381334781646729,
        13.35527777671814,
        14.022307395935059,
        16.138272285461426,
        15.699455738067627,
        14.522707462310791,
        14.877183437347412,
        17.174805402755737,
        15.691665410995483,
        15.260647535324097,
        14.511220455169678,
        15.80223798751831,
        14.57369327545166,
        14.492793083190918,
        15.408930778503418,
        17.19078540802002,
        17.384825944900513,
        17.642743587493896,
        17.686173915863037,
        16.29984974861145,
        15.02462387084961,
        16.483465433120728,
        19.417821168899536,
        18.27570080757141
    ],
    "SSIM": [
        0.9004601240158081,
        0.7620596885681152,
        0.7061909437179565,
        0.6909365653991699,
        0.7812583446502686,
        0.723808228969574,
        0.7458664774894714,
        0.7209019660949707,
        0.7020508646965027,
        0.5657360553741455,
        0.5749483108520508,
        0.6974940299987793,
        0.7578343152999878,
        0.6970901489257812,
        0.6513996124267578,
        0.7540987730026245,
        0.6882361173629761,
        0.6430681943893433,
        0.5369486212730408,
        0.6118595004081726,
        0.7083382606506348,
        0.6183285117149353,
        0.6578972935676575,
        0.7202074527740479,
        0.6847955584526062,
        0.5885329246520996,
        0.5790675282478333,
        0.6822206974029541,
        0.7292547225952148,
        0.6321820616722107,
        0.6171831488609314,
        0.723382830619812,
        0.7406755685806274,
        0.7087113857269287,
        0.6208776831626892,
        0.6622587442398071,
        0.6820361018180847,
        0.6401506662368774,
        0.6740474700927734,
        0.7752962112426758,
        0.7549012899398804,
        0.746008574962616,
        0.7741364240646362,
        0.7713262438774109,
        0.7064884901046753,
        0.7658466100692749,
        0.8135315179824829,
        0.8051429986953735
    ],
    "MSE": [
        0.0057538775727152824,
        0.017492344602942467,
        0.032051973044872284,
        0.02438470534980297,
        0.012239090166985989,
        0.019668180495500565,
        0.020102031528949738,
        0.027542535215616226,
        0.037768568843603134,
        0.05052713677287102,
        0.04003993421792984,
        0.02123880945146084,
        0.017254339531064034,
        0.023895427584648132,
        0.025491859763860703,
        0.018807552754878998,
        0.03755369037389755,
        0.04638519883155823,
        0.050876569002866745,
        0.031406134366989136,
        0.02561172842979431,
        0.03167165815830231,
        0.024178406223654747,
        0.023798689246177673,
        0.036464184522628784,
        0.046181946992874146,
        0.039606764912605286,
        0.024331718683242798,
        0.026918720453977585,
        0.035296302288770676,
        0.03252982720732689,
        0.01916547119617462,
        0.02696705423295498,
        0.029780730605125427,
        0.03538978472352028,
        0.026289135217666626,
        0.03488434851169586,
        0.03554026782512665,
        0.028781071305274963,
        0.019095081835985184,
        0.01826070062816143,
        0.017207812517881393,
        0.017036590725183487,
        0.023443102836608887,
        0.031443990767002106,
        0.02247260883450508,
        0.011434519663453102,
        0.014874076470732689
    ],
    "LPIPS": [
        0.11431093513965607,
        0.22512400150299072,
        0.30668359994888306,
        0.3400093913078308,
        0.2282162606716156,
        0.23750805854797363,
        0.2351912260055542,
        0.2804540991783142,
        0.2929040789604187,
        0.40043801069259644,
        0.4055370092391968,
        0.3478713631629944,
        0.2782022953033447,
        0.2710309624671936,
        0.27602559328079224,
        0.255997896194458,
        0.3194854259490967,
        0.3475397825241089,
        0.4157204031944275,
        0.3930327594280243,
        0.2817894518375397,
        0.3168330192565918,
        0.29601603746414185,
        0.2904779314994812,
        0.2887455224990845,
        0.34554263949394226,
        0.36891359090805054,
        0.29863449931144714,
        0.2970823049545288,
        0.3561023771762848,
        0.33708155155181885,
        0.28530097007751465,
        0.2902177572250366,
        0.2337973266839981,
        0.3239680528640747,
        0.315263032913208,
        0.342587411403656,
        0.3632393479347229,
        0.3312831223011017,
        0.2759011387825012,
        0.2134404182434082,
        0.22070880234241486,
        0.21521097421646118,
        0.24253247678279877,
        0.29592806100845337,
        0.2644619345664978,
        0.18471309542655945,
        0.19103792309761047
    ],
    "complexity": {
        "normal_roughness": [
            0.030600273981690407,
            0.039356108754873276,
            0.039175134152173996,
            0.03526894375681877,
            0.04350213333964348,
            0.052298128604888916,
            0.04803276062011719,
            0.040400922298431396,
            0.03937101736664772,
            0.050053685903549194,
            0.0441899448633194,
            0.034209415316581726,
            0.03577357530593872,
            0.052088651806116104,
            0.05391165614128113,
            0.04569919779896736,
            0.03873998671770096,
            0.05033169686794281,
            0.05576792359352112,
            0.04369425028562546,
            0.04186432063579559,
            0.05524473637342453,
            0.049243852496147156,
            0.03455305099487305,
            0.03964453190565109,
            0.05406200885772705,
            0.05371836572885513,
            0.04014633968472481,
            0.03448745608329773,
            0.04880453646183014,
            0.0496300533413887,
            0.03698795661330223,
            0.029242418706417084,
            0.04496585950255394,
            0.05364440754055977,
            0.04984172433614731,
            0.04108623415231705,
            0.04669098183512688,
            0.03904510289430618,
            0.0260167196393013,
            0.03142312541604042,
            0.046958282589912415,
            0.04861316829919815,
            0.03666197136044502,
            0.0399022102355957,
            0.029479539021849632,
            0.03331055864691734,
            0.03860557824373245
        ],