{
    "PSNR": [
        22.769548892974854,
        18.218644857406616,
        20.808866024017334,
        19.47715401649475,
        21.92446231842041,
        19.11788821220398,
        16.44287943840027,
        16.69577121734619,
        19.40619707107544,
        18.594471216201782,
        16.040722131729126,
        18.041940927505493,
        18.727500438690186,
        20.576536655426025,
        16.648170948028564,
        15.536843538284302,
        17.264355421066284,
        19.05281901359558,
        15.050231218338013,
        15.25299072265625,
        21.315181255340576,
        17.779858112335205,
        15.655432939529419,
        15.808696746826172,
        19.780796766281128,
        16.185708045959473,
        14.261845350265503,
        16.206880807876587,
        18.495137691497803,
        19.627946615219116,
        16.089091300964355,
        15.477455854415894,
        17.6737380027771,
        17.597512006759644,
        14.354058504104614,
        14.80580449104309,
        20.08312463760376,
        17.86232352256775,
        16.370657682418823,
        17.182035446166992,
        18.792229890823364,
        15.878359079360962,
        14.738203287124634,
        16.44161343574524,
        19.508291482925415,
        18.410524129867554,
        17.192213535308838,
        16.78044557571411
    ],
    "SSIM": [
        0.8904821276664734,
        0.7316670417785645,
        0.8088550567626953,
        0.7967226505279541,
        0.8502750396728516,
        0.751856803894043,
        0.6337310075759888,
        0.664702296257019,
        0.75287264585495,
        0.7438384890556335,
        0.6858323812484741,
        0.7627572417259216,
        0.7838306427001953,
        0.8133546113967896,
        0.6395862102508545,
        0.6104530096054077,
        0.7069443464279175,
        0.7502433657646179,
        0.6169916987419128,
        0.6480164527893066,
        0.846732497215271,
        0.7147065997123718,
        0.6098494529724121,
        0.6557921767234802,
        0.7738713026046753,
        0.6747443675994873,
        0.587082028388977,
        0.6765902042388916,
        0.7653088569641113,
        0.8050881624221802,
        0.6575651168823242,
        0.6399157047271729,
        0.7538503408432007,
        0.7410895228385925,
        0.6023507118225098,
        0.6168283224105835,
        0.8453125953674316,
        0.7636060118675232,
        0.6897586584091187,
        0.7355238795280457,
        0.8079719543457031,
        0.7109512090682983,
        0.6347845792770386,
        0.7092010378837585,
        0.8358696699142456,
        0.7987203598022461,
        0.7909225225448608,
        0.7733423113822937
    ],
    "MSE": [
        0.005285002291202545,
        0.015070777386426926,
        0.008300673216581345,
        0.011279365047812462,
        0.006420276127755642,
        0.012252122163772583,
        0.022683605551719666,
        0.02140045166015625,
        0.01146516390144825,
        0.013821428641676903,
        0.024884438142180443,
        0.015696611255407333,
        0.013404480181634426,
        0.008756816387176514,
        0.021636297926306725,
        0.02794574201107025,
        0.018774334341287613,
        0.012437073513865471,
        0.03125913441181183,
        0.02983328327536583,
        0.007387233432382345,
        0.016673019155859947,
        0.02719297632575035,
        0.02625006064772606,
        0.01051769033074379,
        0.024067401885986328,
        0.03748136758804321,
        0.023950353264808655,
        0.014141201972961426,
        0.01089445035904646,
        0.024608826264739037,
        0.02833051234483719,
        0.01708543859422207,
        0.01738796941936016,
        0.03669392317533493,
        0.033068880438804626,
        0.009810423478484154,
        0.01635941118001938,
        0.023063980042934418,
        0.019133592024445534,
        0.013206176459789276,
        0.025832360610365868,
        0.033587656915187836,
        0.022690217941999435,
        0.011198784224689007,
        0.014419419690966606,
        0.019088800996541977,
        0.020987248048186302
    ],
    "LPIPS": [
        0.13105283677577972,
        0.2356259673833847,
        0.2552832365036011,
        0.25917285680770874,
        0.1737680733203888,
        0.24205857515335083,
        0.3247957229614258,
        0.3332665264606476,
        0.3186911940574646,
        0.28452467918395996,
        0.30720198154449463,
        0.28058838844299316,
        0.3005635738372803,
        0.236249640583992,
        0.35241055488586426,
        0.3458804488182068,
        0.35787665843963623,
        0.328931987285614,
        0.3471808135509491,
        0.35851356387138367,
        0.20990753173828125,
        0.3393566608428955,
        0.3449757993221283,
        0.34604501724243164,
        0.340883731842041,
        0.3596395254135132,
        0.3883453905582428,
        0.3440345823764801,
        0.3185741603374481,
        0.30256199836730957,
        0.33657556772232056,
        0.3541110157966614,
        0.31787073612213135,
        0.28526443243026733,
        0.39972633123397827,
        0.3733600378036499,
        0.24826766550540924,
        0.2701391577720642,
        0.3069080710411072,
        0.29107171297073364,
        0.22682029008865356,
        0.28922194242477417,
        0.3388853073120117,
        0.3058381974697113,
        0.24490126967430115,
        0.26031753420829773,
        0.2501673698425293,
        0.2743426561355591
    ],
    "complexity": {
        "normal_roughness": [
            0.045033153146505356,
            0.048147380352020264,
            0.035502053797245026,
            0.03940437361598015,
            0.03786129504442215,
            0.046965666115283966,
            0.05396522954106331,
            0.04795394837856293,
            0.036596111953258514,
            0.04090838134288788,
            0.04690278694033623,
            0.03761720657348633,
            0.03248058259487152,
            0.034952353686094284,
            0.05082130432128906,
            0.055941544473171234,
            0.042278219014406204,
            0.041215818375349045,
            0.051871441304683685,
            0.045214228332042694,
            0.025874176993966103,
            0.042115215212106705,
            0.053919099271297455,
            0.04716014117002487,
            0.033528443425893784,
            0.0500323548913002,
            0.05515745282173157,
            0.04026488959789276,
            0.030993029475212097,
            0.030080880969762802,
            0.04622005671262741,
            0.047376036643981934,
            0.035423971712589264,
            0.04358820617198944,
            0.05618651211261749,
            0.049268294125795364,
            0.03258860111236572,
            0.03826245665550232,
            0.0439164824783802,
            0.03615662455558777,
            0.038987286388874054,
            0.05256073921918869,
            0.05433110520243645,
            0.04313597455620766,
            0.03734476864337921,
            0.03581974282860756,
            0.04523901268839836,
            0.047018177807331085
        ],