{"PSNR": [22.01186180114746, 16.006749868392944, 14.116374254226685, 15.2286696434021, 17.6243257522583, 16.447055339813232, 15.310356616973877, 13.766950368881226, 13.127951622009277, 11.693463325500488, 12.126688957214355, 14.841982126235962, 14.18906569480896, 14.730002880096436, 13.744475841522217, 12.97850489616394, 12.741708755493164, 11.518775224685669, 11.5738046169281, 13.509238958358765, 13.690475225448608, 13.86034369468689, 12.395435571670532, 11.969045400619507, 13.101482391357422, 12.465546131134033, 13.014112710952759, 13.004981279373169, 12.704452276229858, 12.910597324371338, 12.539939880371094, 11.893744468688965, 12.218683958053589, 13.64991545677185, 13.892534971237183, 14.120985269546509, 13.06089162826538, 12.933464050292969, 12.577617168426514, 12.460377216339111, 15.044559240341187, 16.516119241714478, 16.234333515167236, 13.846410512924194, 14.585683345794678, 14.28074598312378, 18.448777198791504, 16.12966775894165], "SSIM": [0.8630296587944031, 0.6642436981201172, 0.5922361612319946, 0.6365329623222351, 0.6959681510925293, 0.701471745967865, 0.6595760583877563, 0.6092113256454468, 0.6074597835540771, 0.536484956741333, 0.5303354859352112, 0.6228184700012207, 0.5951244831085205, 0.6188538670539856, 0.6396932601928711, 0.5850292444229126, 0.6063489317893982, 0.509352445602417, 0.4984230697154999, 0.6129189729690552, 0.5977951288223267, 0.655531644821167, 0.5942836999893188, 0.5609194040298462, 0.6244076490402222, 0.5649763345718384, 0.5649484992027283, 0.5745211243629456, 0.5715545415878296, 0.5850479602813721, 0.5994500517845154, 0.5791151523590088, 0.5863640308380127, 0.6117739081382751, 0.6052266359329224, 0.603291928768158, 0.6143277883529663, 0.6434780359268188, 0.6370741128921509, 0.6025180816650391, 0.6693932414054871, 0.7170968055725098, 0.6991099119186401, 0.6088743209838867, 0.6862601041793823, 0.6771194338798523, 0.7903974056243896, 0.6831319332122803], "MSE": [0.006292364560067654, 0.025079861283302307, 0.03875810652971268, 0.03000081144273281, 0.017280947417020798, 0.022661805152893066, 0.029441803693771362, 0.04200538992881775, 0.0486636608839035, 0.06771013885736465, 0.06128174066543579, 0.032794561237096786, 0.03811478242278099, 0.03365113586187363, 0.04222331941127777, 0.05036739259958267, 0.05318990349769592, 0.07048918306827545, 0.06960166990756989, 0.04457343742251396, 0.04275161772966385, 0.041111722588539124, 0.05760451778769493, 0.06354706734418869, 0.04896117374300957, 0.056682031601667404, 0.049956124275922775, 0.05006127804517746, 0.05364815518260002, 0.05116115137934685, 0.055719345808029175, 0.06465849280357361, 0.05999729037284851, 0.04315274953842163, 0.04080812260508537, 0.03871697932481766, 0.04942092299461365, 0.05089247226715088, 0.05523804947733879, 0.05674953758716583, 0.031299978494644165, 0.02230427786707878, 0.023799434304237366, 0.04124382138252258, 0.034788183867931366, 0.037318602204322815, 0.014292964711785316, 0.024379979819059372], "LPIPS": [0.13608244061470032, 0.3109853267669678, 0.368145227432251, 0.32331210374832153, 0.26071661710739136, 0.2750451862812042, 0.30456405878067017, 0.3161431550979614, 0.3586529791355133, 0.46485665440559387, 0.44924217462539673, 0.310075044631958, 0.3496072590351105, 0.319951593875885, 0.3334692716598511, 0.3389575481414795, 0.3227408528327942, 0.45115286111831665, 0.46344801783561707, 0.3546290099620819, 0.3555302917957306, 0.32642632722854614, 0.36385416984558105, 0.3837841749191284, 0.32600513100624084, 0.42752885818481445, 0.395751029253006, 0.34573644399642944, 0.3831195831298828, 0.3886808753013611, 0.36917662620544434, 0.3804090619087219, 0.36167117953300476, 0.35000088810920715, 0.39174073934555054, 0.33363407850265503, 0.34610727429389954, 0.389583945274353, 0.366247296333313, 0.3414023220539093, 0.2790040075778961, 0.2794300317764282, 0.28563055396080017, 0.32804054021835327, 0.28003573417663574, 0.2814454138278961, 0.22024425864219666, 0.2906511723995209]}