{
    "PSNR": [
        21.283960342407227,
        15.987929105758667,
        15.956861972808838,
        15.789841413497925,
        17.575143575668335,
        14.110828638076782,
        14.140859842300415,
        14.746183156967163,
        15.10960340499878,
        15.06155014038086,
        14.044922590255737,
        14.431405067443848,
        14.56193208694458,
        14.618186950683594,
        12.87735104560852,
        13.712732791900635,
        14.496924877166748,
        14.751592874526978,
        14.014902114868164,
        12.708916664123535,
        15.159609317779541,
        13.395920991897583,
        13.097892999649048,
        14.328525066375732,
        14.909602403640747,
        14.726154804229736,
        12.38620638847351,
        13.1096351146698,
        14.158545732498169,
        14.499756097793579,
        13.45346450805664,
        13.48461389541626,
        15.24707555770874,
        15.405566692352295,
        13.425713777542114,
        12.585468292236328,
        15.536113977432251,
        15.012893676757812,
        14.381437301635742,
        14.75370168685913,
        17.298970222473145,
        15.779846906661987,
        13.615047931671143,
        14.285591840744019,
        17.287505865097046,
        16.249207258224487,
        19.741783142089844,
        16.884727478027344
    ],
    "SSIM": [
        0.8764084577560425,
        0.6643520593643188,
        0.6576838493347168,
        0.6502940654754639,
        0.7127852439880371,
        0.5965477228164673,
        0.6200178265571594,
        0.6320674419403076,
        0.6140841245651245,
        0.623615026473999,
        0.5770150423049927,
        0.6062058210372925,
        0.6071717739105225,
        0.64105623960495,
        0.5447417497634888,
        0.5807435512542725,
        0.6233968138694763,
        0.6060378551483154,
        0.5904953479766846,
        0.548638105392456,
        0.6508538126945496,
        0.5269054770469666,
        0.5193331241607666,
        0.6198321580886841,
        0.6333158016204834,
        0.6167743802070618,
        0.5485124588012695,
        0.5806272029876709,
        0.623489260673523,
        0.5805842876434326,
        0.5157374739646912,
        0.5324462652206421,
        0.6420536041259766,
        0.6809121966362,
        0.6279034614562988,
        0.5946520566940308,
        0.6467326879501343,
        0.5807762145996094,
        0.5639839172363281,
        0.6090483069419861,
        0.7247936725616455,
        0.7210932970046997,
        0.6691967844963074,
        0.6255798935890198,
        0.6888034343719482,
        0.6432290077209473,
        0.8057846426963806,
        0.704389750957489
    ],
    "MSE": [
        0.007440532557666302,
        0.025188781321048737,
        0.025369612500071526,
        0.02636427991092205,
        0.01747775264084339,
        0.03880763426423073,
        0.03854021057486534,
        0.033525995910167694,
        0.03083469346165657,
        0.031177764758467674,
        0.03940105438232422,
        0.03604620322585106,
        0.0349789559841156,
        0.03452879190444946,
        0.051554299890995026,
        0.04253307729959488,
        0.0355064794421196,
        0.033484265208244324,
        0.03967435657978058,
        0.053593046963214874,
        0.030481696128845215,
        0.04575178027153015,
        0.04900164529681206,
        0.036910295486450195,
        0.03228789567947388,
        0.03368096798658371,
        0.057727061212062836,
        0.04886934161186218,
        0.03838357329368591,
        0.035483330488204956,
        0.04514956474304199,
        0.04482688754796982,
        0.029873937368392944,
        0.028803376480937004,
        0.04543899744749069,
        0.05513828620314598,
        0.027950435876846313,
        0.03152903541922569,
        0.03646332770586014,
        0.033468008041381836,
        0.01862528920173645,
        0.02642502449452877,
        0.043500594794750214,
        0.03727699816226959,
        0.018674518913030624,
        0.02371807023882866,
        0.010612597689032555,
        0.02048930712044239
    ],
    "LPIPS": [
        0.14318999648094177,
        0.2734057605266571,
        0.31006920337677,
        0.3672926127910614,
        0.26695379614830017,
        0.3790825605392456,
        0.36536067724227905,
        0.3789083957672119,
        0.32359904050827026,
        0.3682553470134735,
        0.3815821409225464,
        0.3639630079269409,
        0.32906341552734375,
        0.3596564531326294,
        0.427355021238327,
        0.37668126821517944,
        0.3769674301147461,
        0.3931313753128052,
        0.4146973192691803,
        0.3771324157714844,
        0.35610830783843994,
        0.4320182204246521,
        0.41815420985221863,
        0.37418997287750244,
        0.3670154809951782,
        0.3876117765903473,
        0.3967322111129761,
        0.3822507858276367,
        0.3693530559539795,
        0.3954962193965912,
        0.4668038487434387,
        0.42932796478271484,
        0.33726465702056885,
        0.35296696424484253,
        0.331396222114563,
        0.38862985372543335,
        0.3380413055419922,
        0.4038580060005188,
        0.4081285893917084,
        0.33451324701309204,
        0.2610657811164856,
        0.2974904179573059,
        0.3442063629627228,
        0.35192540287971497,
        0.28725552558898926,
        0.3056636452674866,
        0.22722485661506653,
        0.2692330479621887
    ],
    "complexity": {
        "normal_roughness": [
            0.04760643094778061,
            0.045686062425374985,
            0.05213264375925064,
            0.05604555830359459,
            0.04630652815103531,
            0.045561760663986206,
            0.03237850219011307,
            0.03754956275224686,
            0.04905707389116287,
            0.051452890038490295,
            0.0540897436439991,
            0.05169829726219177,
            0.04558456689119339,
            0.033656083047389984,
            0.038455136120319366,
            0.035823505371809006,
            0.037348389625549316,
            0.04125024378299713,
            0.04477054625749588,
            0.048769354820251465,
            0.03183583915233612,
            0.04073803126811981,
            0.04564528912305832,
            0.04070896655321121,
            0.03859250620007515,
            0.03310873359441757,
            0.04029802232980728,
            0.042055919766426086,
            0.03813130408525467,
            0.042248424142599106,
            0.053934432566165924,
            0.051262542605400085,
            0.044661957770586014,
            0.02989526093006134,
            0.027272749692201614,
            0.03681027889251709,
            0.04592376947402954,
            0.05184219032526016,
            0.05488263815641403,
            0.04998087137937546,
            0.03885694593191147,
            0.027203209698200226,
            0.028077131137251854,
            0.040629006922245026,
            0.04962337762117386,
            0.05122853443026543,
            0.04071003943681717,
            0.040492258965969086
        ],