{
    "PSNR": [
        20.928630828857422,
        19.23696994781494,
        18.500279188156128,
        16.681838035583496,
        18.05742621421814,
        17.30942726135254,
        16.950302124023438,
        18.173459768295288,
        18.56232762336731,
        16.24816656112671,
        15.144602060317993,
        15.656923055648804,
        16.43124222755432,
        17.20825433731079,
        15.8685302734375,
        16.44730567932129,
        18.790792226791382,
        17.608418464660645,
        14.854373931884766,
        14.478967189788818,
        18.09078812599182,
        15.642800331115723,
        15.515340566635132,
        16.847968101501465,
        19.91525411605835,
        15.81931471824646,
        14.242868423461914,
        15.186413526535034,
        17.74876594543457,
        16.479520797729492,
        15.37431001663208,
        16.058871746063232,
        18.54393720626831,
        18.478310108184814,
        14.847605228424072,
        14.532365798950195,
        18.529651165008545,
        15.755887031555176,
        15.789860486984253,
        17.06080913543701,
        20.9175443649292,
        17.038084268569946,
        15.224380493164062,
        16.446034908294678,
        17.358896732330322,
        16.877130270004272,
        20.619304180145264,
        18.040554523468018
    ],
    "SSIM": [
        0.8973535895347595,
        0.8167281150817871,
        0.8038570284843445,
        0.7404739260673523,
        0.8288321495056152,
        0.7374523878097534,
        0.6955381631851196,
        0.7547411322593689,
        0.8260449171066284,
        0.6873106360435486,
        0.646533727645874,
        0.6930779218673706,
        0.7597765326499939,
        0.7517126798629761,
        0.6442992091178894,
        0.6653130054473877,
        0.786648154258728,
        0.7402372360229492,
        0.6075642108917236,
        0.61236971616745,
        0.813757061958313,
        0.6531270146369934,
        0.6064515113830566,
        0.6735092401504517,
        0.8333876132965088,
        0.6552510261535645,
        0.58034348487854,
        0.6664372086524963,
        0.8128678798675537,
        0.7185262441635132,
        0.6188716888427734,
        0.6392775774002075,
        0.7546281814575195,
        0.7735542058944702,
        0.6113263368606567,
        0.6144325733184814,
        0.8177182674407959,
        0.6669880747795105,
        0.6384438276290894,
        0.7019197940826416,
        0.8471904993057251,
        0.7154404520988464,
        0.641278862953186,
        0.7228174209594727,
        0.740736722946167,
        0.7007758021354675,
        0.8398582935333252,
        0.7683431506156921
    ],
    "MSE": [
        0.008074892684817314,
        0.011920735239982605,
        0.014124469831585884,
        0.021469218656420708,
        0.01564074493944645,
        0.018580494448542595,
        0.020182259380817413,
        0.01522839441895485,
        0.01392410509288311,
        0.023723751306533813,
        0.03058721125125885,
        0.027183648198843002,
        0.022744473069906235,
        0.019018426537513733,
        0.025890886783599854,
        0.022660499438643456,
        0.013210549019277096,
        0.01734435372054577,
        0.032701119780540466,
        0.03565358743071556,
        0.015521056950092316,
        0.027272194623947144,
        0.02808445505797863,
        0.020663470029830933,
        0.010197053663432598,
        0.026185959577560425,
        0.03764551132917404,
        0.03029414638876915,
        0.01679280959069729,
        0.0224930327385664,
        0.029011424630880356,
        0.02478066459298134,
        0.013983188197016716,
        0.014196103438735008,
        0.032752130180597305,
        0.03521790727972984,
        0.014029263518750668,
        0.026571210473775864,
        0.02636416256427765,
        0.019675198942422867,
        0.008095535449683666,
        0.0197784211486578,
        0.03003046289086342,
        0.02266712859272957,
        0.018370050936937332,
        0.020525185391306877,
        0.008671008050441742,
        0.015701619908213615
    ],
    "LPIPS": [
        0.13172772526741028,
        0.23169268667697906,
        0.27297651767730713,
        0.2978636920452118,
        0.2430800050497055,
        0.28071296215057373,
        0.34705549478530884,
        0.2747136950492859,
        0.2567378878593445,
        0.3471119999885559,
        0.36885273456573486,
        0.31762659549713135,
        0.3120920658111572,
        0.30271074175834656,
        0.37790602445602417,
        0.373706579208374,
        0.2746436595916748,
        0.32823920249938965,
        0.4002103805541992,
        0.3962956368923187,
        0.2701854407787323,
        0.376889169216156,
        0.40919673442840576,
        0.3589874505996704,
        0.26002371311187744,
        0.38345569372177124,
        0.42321959137916565,
        0.3634151816368103,
        0.29506734013557434,
        0.3547007441520691,
        0.3994697332382202,
        0.3928520977497101,
        0.2720719277858734,
        0.28163057565689087,
        0.4023437201976776,
        0.417374849319458,
        0.2744014263153076,
        0.3705272674560547,
        0.37926721572875977,
        0.3355376720428467,
        0.27586519718170166,
        0.2979157567024231,
        0.3819791376590729,
        0.3192603588104248,
        0.2946937680244446,
        0.30480656027793884,
        0.2198646068572998,
        0.20617082715034485
    ],
    "complexity": {
        "normal_roughness": [
            0.03210895508527756,
            0.038254741579294205,
            0.03884588181972504,
            0.04568961262702942,
            0.035141073167324066,
            0.04857455566525459,
            0.05069396644830704,
            0.04595930874347687,
            0.038213100284338,
            0.05212051421403885,
            0.05370838940143585,
            0.05176728591322899,
            0.04766558110713959,
            0.050444018095731735,
            0.058994442224502563,
            0.05828740447759628,
            0.045034751296043396,
            0.052937015891075134,
            0.05795317143201828,
            0.057429637759923935,
            0.037797972559928894,
            0.05669821798801422,
            0.0602366104722023,
            0.05690791457891464,
            0.03786684572696686,
            0.056341882795095444,
            0.05983912944793701,
            0.05287612974643707,
            0.04041336476802826,
            0.050110965967178345,
            0.061398640275001526,
            0.060926005244255066,
            0.04775001481175423,
            0.04694409668445587,
            0.05878790095448494,
            0.05666860193014145,
            0.03811107948422432,
            0.05512675642967224,
            0.056078869849443436,
            0.052122812718153,
            0.03520948067307472,
            0.04790996015071869,
            0.053590111434459686,
            0.0450788289308548,
            0.04510156065225601,
            0.04974951967597008,
            0.03442392125725746,
            0.04445989057421684
        ],