{
    "PSNR": [
        20.296037197113037,
        15.60217022895813,
        14.264603853225708,
        14.50527310371399,
        16.137152910232544,
        14.612280130386353,
        13.590266704559326,
        13.934084177017212,
        13.322381973266602,
        11.956896781921387,
        12.450942993164062,
        14.285979270935059,
        14.75687026977539,
        13.897109031677246,
        11.619436740875244,
        12.123615741729736,
        13.401587009429932,
        12.148740291595459,
        11.177610158920288,
        12.073869705200195,
        14.249590635299683,
        11.658844947814941,
        11.19831919670105,
        13.431192636489868,
        13.63316535949707,
        12.460286617279053,
        11.482151746749878,
        12.789181470870972,
        13.97546648979187,
        12.426575422286987,
        11.147031784057617,
        13.084640502929688,
        14.856764078140259,
        13.819304704666138,
        12.533292770385742,
        12.148599624633789,
        14.061530828475952,
        12.873588800430298,
        12.254271507263184,
        14.287124872207642,
        16.688939332962036,
        15.584114789962769,
        13.734550476074219,
        14.21085238456726,
        13.841354846954346,
        13.88287901878357,
        18.15594792366028,
        16.669740676879883
    ],
    "SSIM": [
        0.8680941462516785,
        0.6404677629470825,
        0.5698053240776062,
        0.636994481086731,
        0.6702545881271362,
        0.6522206664085388,
        0.5980086326599121,
        0.5882717967033386,
        0.5577294826507568,
        0.5255199670791626,
        0.5459133386611938,
        0.5919443964958191,
        0.5739471316337585,
        0.5844813585281372,
        0.4771974980831146,
        0.5556176900863647,
        0.5685007572174072,
        0.528488278388977,
        0.5205571055412292,
        0.5349719524383545,
        0.5938949584960938,
        0.45462167263031006,
        0.49527454376220703,
        0.584485650062561,
        0.5646411776542664,
        0.5690323710441589,
        0.5395241975784302,
        0.5697583556175232,
        0.587988555431366,
        0.5113731622695923,
        0.5123125314712524,
        0.5602508187294006,
        0.5931661128997803,
        0.5929502844810486,
        0.5762121677398682,
        0.5245510935783386,
        0.5526232719421387,
        0.5583798289299011,
        0.5000449419021606,
        0.5777776837348938,
        0.6898185014724731,
        0.6832627058029175,
        0.5891441106796265,
        0.5830638408660889,
        0.5497779846191406,
        0.5514156222343445,
        0.7530204653739929,
        0.6585825681686401
    ],
    "MSE": [
        0.009341062977910042,
        0.02752852998673916,
        0.03745757043361664,
        0.03543828800320625,
        0.024337995797395706,
        0.03457577899098396,
        0.04374951869249344,
        0.0404195562005043,
        0.046533092856407166,
        0.0637250691652298,
        0.05687294527888298,
        0.03727366775274277,
        0.033443596214056015,
        0.04076515883207321,
        0.06887416541576385,
        0.06132512912154198,
        0.04569211229681969,
        0.060971371829509735,
        0.0762498527765274,
        0.062031619250774384,
        0.03758728504180908,
        0.06825202703475952,
        0.07588713616132736,
        0.04538169503211975,
        0.04331950470805168,
        0.056750714778900146,
        0.07108611613512039,
        0.05261164903640747,
        0.04003625735640526,
        0.057192958891391754,
        0.07678862661123276,
        0.049151401966810226,
        0.032683126628398895,
        0.04150204733014107,
        0.05580470710992813,
        0.06097335368394852,
        0.03925066441297531,
        0.05159897729754448,
        0.05950765311717987,
        0.037263840436935425,
        0.02143414318561554,
        0.02764320932328701,
        0.04231993481516838,
        0.037924058735370636,
        0.041291866451501846,
        0.040898945182561874,
        0.015289920382201672,
        0.021529104560613632
    ],
    "LPIPS": [
        0.15159444510936737,
        0.283491849899292,
        0.3747936487197876,
        0.29044944047927856,
        0.28106164932250977,
        0.29761776328086853,
        0.34371674060821533,
        0.37488773465156555,
        0.3887634575366974,
        0.4104197025299072,
        0.3669118285179138,
        0.34318211674690247,
        0.3567744493484497,
        0.3397504389286041,
        0.4043706953525543,
        0.3883605897426605,
        0.42133212089538574,
        0.4209851026535034,
        0.43221625685691833,
        0.39351654052734375,
        0.3696131706237793,
        0.432412326335907,
        0.44825246930122375,
        0.3800935745239258,
        0.3655291497707367,
        0.3989032208919525,
        0.4105806052684784,
        0.3835456967353821,
        0.4068540632724762,
        0.4252963662147522,
        0.45741257071495056,
        0.39938557147979736,
        0.33574849367141724,
        0.3341071605682373,
        0.36269909143447876,
        0.3890784978866577,
        0.41098490357398987,
        0.40046223998069763,
        0.39496633410453796,
        0.3476231098175049,
        0.27344343066215515,
        0.24951940774917603,
        0.3241432309150696,
        0.35026228427886963,
        0.4034358263015747,
        0.3523714244365692,
        0.2177363783121109,
        0.290314257144928
    ],
    "complexity": {
        "normal_roughness": [
            0.058580368757247925,
            0.05764143913984299,
            0.05179974436759949,
            0.05194803327322006,
            0.059248752892017365,
            0.057551708072423935,
            0.05456624925136566,
            0.048048049211502075,
            0.04235434532165527,
            0.03627072647213936,
            0.04144136607646942,
            0.05436914414167404,
            0.054210491478443146,
            0.05711939558386803,
            0.05321710556745529,
            0.04255625605583191,
            0.03609452396631241,
            0.03767436742782593,
            0.03144450485706329,
            0.041592568159103394,
            0.04781264066696167,
            0.04896525293588638,
            0.04150335118174553,
            0.04052375629544258,
            0.0509503111243248,
            0.04543927311897278,
            0.03603469952940941,
            0.04018519073724747,
            0.03609083592891693,
            0.03623812273144722,
            0.032142914831638336,
            0.04271065071225166,
            0.053996555507183075,
            0.0561346635222435,
            0.0520709827542305,
            0.04732997715473175,
            0.04195345938205719,
            0.0422520637512207,
            0.04664962366223335,
            0.05499846115708351,
            0.06093062460422516,
            0.05922558158636093,
            0.05727827548980713,
            0.05123147740960121,
            0.053773339837789536,
            0.05567155033349991,
            0.0612727589905262,
            0.06004546582698822
        ],