{"PSNR": [19.755152463912964, 17.005470991134644, 17.68688440322876, 17.12681531906128, 16.094939708709717, 17.76933789253235, 16.88326358795166, 15.650906562805176, 16.117976903915405, 16.777268648147583, 16.323052644729614, 15.464091300964355, 14.672192335128784, 15.94128131866455, 16.948435306549072, 15.90057373046875, 15.044116973876953, 16.709976196289062, 16.487481594085693, 15.609841346740723, 14.567534923553467, 16.442344188690186, 17.119213342666626, 15.313286781311035, 15.693938732147217, 16.929413080215454, 16.339054107666016, 14.746341705322266, 15.061099529266357, 15.799721479415894, 16.410726308822632, 15.901912450790405, 15.24010419845581, 17.101235389709473, 17.099149227142334, 17.11370348930359, 16.723642349243164, 16.66132092475891, 16.02026104927063, 16.358957290649414, 16.51249647140503, 17.72196054458618, 18.193193674087524, 17.135872840881348, 17.53774642944336, 17.259668111801147, 18.447645902633667, 18.612531423568726], "SSIM": [0.8644293546676636, 0.691917896270752, 0.7463798522949219, 0.7355257868766785, 0.6917163729667664, 0.7457976341247559, 0.6921513080596924, 0.6357792615890503, 0.6715649366378784, 0.6930474042892456, 0.6636678576469421, 0.6346821188926697, 0.5942814350128174, 0.6506943106651306, 0.7128630876541138, 0.6295772790908813, 0.5820767283439636, 0.6769590377807617, 0.6744785308837891, 0.6173683404922485, 0.5509905219078064, 0.6629149913787842, 0.687781035900116, 0.5941051244735718, 0.5915806889533997, 0.7064189910888672, 0.651465654373169, 0.5791909098625183, 0.5651640295982361, 0.6076087951660156, 0.65949547290802, 0.619387149810791, 0.5675508379936218, 0.6809128522872925, 0.7000615000724792, 0.6601778864860535, 0.6554372310638428, 0.6765095591545105, 0.6279394626617432, 0.644390344619751, 0.6687685251235962, 0.7239190936088562, 0.717307448387146, 0.6603931188583374, 0.6968259811401367, 0.7069701552391052, 0.7782571315765381, 0.7100523710250854], "MSE": [0.010579979047179222, 0.019927505403757095, 0.017033806070685387, 0.019378425553441048, 0.02457571029663086, 0.016713451594114304, 0.020496215671300888, 0.027221333235502243, 0.02444569021463394, 0.021002603694796562, 0.02331819199025631, 0.028417831286787987, 0.034102074801921844, 0.02546078711748123, 0.02019093744456768, 0.025700567290186882, 0.031303174793720245, 0.021330568939447403, 0.02245183289051056, 0.027479952201247215, 0.03493385761976242, 0.02268640324473381, 0.01941237598657608, 0.029421940445899963, 0.026952940970659256, 0.020279569551348686, 0.02323243021965027, 0.0335247740149498, 0.031181003898382187, 0.026304369792342186, 0.022852163761854172, 0.025692647323012352, 0.02992193214595318, 0.01949290558695793, 0.019502269104123116, 0.019437018781900406, 0.021263550966978073, 0.02157088741660118, 0.025001954287290573, 0.023126203566789627, 0.02232288382947445, 0.016896776854991913, 0.015159355476498604, 0.019338054582476616, 0.01762891188263893, 0.018794603645801544, 0.014296690002083778, 0.01376407127827406], "LPIPS": [0.1652502417564392, 0.30537131428718567, 0.26403534412384033, 0.27473214268684387, 0.2864023447036743, 0.24126631021499634, 0.32187020778656006, 0.35386186838150024, 0.3630499839782715, 0.3250955045223236, 0.3317083418369293, 0.3366537392139435, 0.3797684609889984, 0.33728039264678955, 0.29201433062553406, 0.3289095163345337, 0.3859965205192566, 0.32189038395881653, 0.3124465048313141, 0.35999050736427307, 0.4034980237483978, 0.3556501269340515, 0.3081033229827881, 0.37436649203300476, 0.3746338486671448, 0.3234179615974426, 0.3444366455078125, 0.3827405273914337, 0.3884490132331848, 0.373291552066803, 0.32289379835128784, 0.3652868866920471, 0.3738449215888977, 0.3052462935447693, 0.2996973991394043, 0.3300485610961914, 0.36223095655441284, 0.36192041635513306, 0.3623499870300293, 0.3355655372142792, 0.31480932235717773, 0.24392426013946533, 0.2937827408313751, 0.3833411931991577, 0.28689128160476685, 0.284634530544281, 0.21601715683937073, 0.3494798541069031]}