{"PSNR": [18.71778964996338, 15.06551742553711, 14.401196241378784, 14.820753335952759, 16.505413055419922, 17.3150634765625, 15.762016773223877, 14.94558572769165, 15.402138233184814, 14.901131391525269, 14.625924825668335, 14.563660621643066, 15.757638216018677, 16.81010603904724, 15.444347858428955, 15.56461215019226, 14.910260438919067, 14.560744762420654, 14.971548318862915, 14.398475885391235, 16.989617347717285, 14.518823623657227, 14.022096395492554, 14.650734663009644, 15.714660882949829, 15.152612924575806, 14.455264806747437, 15.474262237548828, 16.199212074279785, 14.711203575134277, 14.640921354293823, 14.557956457138062, 15.354340076446533, 16.215280294418335, 16.15644931793213, 15.515004396438599, 15.879991054534912, 15.42030930519104, 15.43868899345398, 14.933861494064331, 16.071045398712158, 18.228946924209595, 16.051422357559204, 16.00428581237793, 15.34508466720581, 15.680274963378906, 17.308807373046875, 16.41344904899597], "SSIM": [0.8301551342010498, 0.6380659341812134, 0.6545844078063965, 0.6594807505607605, 0.6785723567008972, 0.681343674659729, 0.648448646068573, 0.6485756635665894, 0.6745897531509399, 0.6389153003692627, 0.636870265007019, 0.654396116733551, 0.6654377579689026, 0.6605265140533447, 0.6121488809585571, 0.6472212672233582, 0.6629763841629028, 0.6077682375907898, 0.6418377161026001, 0.6010258793830872, 0.6972054243087769, 0.5617043375968933, 0.5480886697769165, 0.6271713972091675, 0.6834937930107117, 0.6375269889831543, 0.603691041469574, 0.6416935920715332, 0.6625230312347412, 0.5895296931266785, 0.5710794925689697, 0.6120355129241943, 0.6470293402671814, 0.6911437511444092, 0.6862502098083496, 0.6677731275558472, 0.6350714564323425, 0.6213790774345398, 0.6513788104057312, 0.6486407518386841, 0.6710042953491211, 0.759376049041748, 0.6904553771018982, 0.6515344977378845, 0.625056266784668, 0.6619285345077515, 0.7161965370178223, 0.6734223365783691], "MSE": [0.013434484601020813, 0.031149305403232574, 0.03629780933260918, 0.03295525535941124, 0.022359322756528854, 0.018556397408246994, 0.026533737778663635, 0.03202149271965027, 0.028826123103499413, 0.03235093876719475, 0.03446732461452484, 0.03496503829956055, 0.026560500264167786, 0.02084439992904663, 0.028547316789627075, 0.027767635881900787, 0.032283008098602295, 0.03498851880431175, 0.03183063492178917, 0.03632055222988129, 0.020000379532575607, 0.035327889025211334, 0.03960868716239929, 0.034270986914634705, 0.02682463824748993, 0.030530840158462524, 0.035848718136548996, 0.028351355344057083, 0.023992683738470078, 0.03379712253808975, 0.0343485102057457, 0.03501099348068237, 0.02914513275027275, 0.02390407584607601, 0.024230096489191055, 0.02808663249015808, 0.025822659954428673, 0.028705768287181854, 0.028584538027644157, 0.03210804611444473, 0.02471129596233368, 0.015035068616271019, 0.024823203682899475, 0.025094090029597282, 0.02920731157064438, 0.027037879452109337, 0.01858314871788025, 0.022837847471237183], "LPIPS": [0.19246475398540497, 0.3001757860183716, 0.31625670194625854, 0.3182505965232849, 0.27373212575912476, 0.2565421760082245, 0.3170965909957886, 0.37491726875305176, 0.33414721488952637, 0.35758233070373535, 0.3172765374183655, 0.3222748041152954, 0.3477964401245117, 0.35336655378341675, 0.34982454776763916, 0.3640342652797699, 0.38376134634017944, 0.39486420154571533, 0.3380788564682007, 0.35754460096359253, 0.36712050437927246, 0.3613235354423523, 0.3769260346889496, 0.3475463390350342, 0.3418892025947571, 0.3219935894012451, 0.33406955003738403, 0.368890643119812, 0.37358176708221436, 0.3950178623199463, 0.3937247395515442, 0.34967470169067383, 0.34823769330978394, 0.3294353187084198, 0.2772446572780609, 0.35534802079200745, 0.3383423388004303, 0.37239134311676025, 0.3295036554336548, 0.3166240453720093, 0.32184338569641113, 0.21395139396190643, 0.33988434076309204, 0.37372660636901855, 0.32624882459640503, 0.31834566593170166, 0.2813098728656769, 0.3053293228149414]}