{"PSNR": [19.176126718521118, 14.885619878768921, 14.4197678565979, 14.140684604644775, 15.092096328735352, 16.130807399749756, 15.823495388031006, 15.94474196434021, 14.334580898284912, 14.751206636428833, 13.902770280838013, 14.313665628433228, 15.15630841255188, 16.479893922805786, 14.357256889343262, 14.745098352432251, 15.02970814704895, 14.586135149002075, 14.816646575927734, 14.33943510055542, 17.073960304260254, 14.413050413131714, 14.028832912445068, 15.666764974594116, 15.906199216842651, 15.154441595077515, 15.07106900215149, 15.562933683395386, 17.479276657104492, 15.04990816116333, 14.21083688735962, 14.589909315109253, 16.16478204727173, 16.195344924926758, 15.734425783157349, 15.405068397521973, 15.759388208389282, 15.207842588424683, 14.199985265731812, 15.252494812011719, 16.692553758621216, 16.9881534576416, 17.071752548217773, 17.419612407684326, 15.689704418182373, 15.338857173919678, 17.611591815948486, 16.91864252090454], "SSIM": [0.8495138883590698, 0.6577560901641846, 0.6392413973808289, 0.6117083430290222, 0.6316574811935425, 0.6901311874389648, 0.680233359336853, 0.6664434671401978, 0.6443455219268799, 0.6480332612991333, 0.5880608558654785, 0.6040921211242676, 0.5934109687805176, 0.6458560824394226, 0.5900726318359375, 0.6256680488586426, 0.6651561260223389, 0.6580727696418762, 0.6499210596084595, 0.5922602415084839, 0.6721382141113281, 0.5882813930511475, 0.5888051986694336, 0.6535834670066833, 0.6902107000350952, 0.6804684400558472, 0.6355234980583191, 0.6292359232902527, 0.7007431983947754, 0.6410961151123047, 0.6024684906005859, 0.605434775352478, 0.6475179195404053, 0.6941527128219604, 0.6762595176696777, 0.6319055557250977, 0.6656200289726257, 0.629093587398529, 0.5689876079559326, 0.6104758381843567, 0.6639172434806824, 0.6994870901107788, 0.6812145113945007, 0.6772913932800293, 0.6343309879302979, 0.6100534200668335, 0.7006134986877441, 0.6621593236923218], "MSE": [0.012088913470506668, 0.032466690987348557, 0.036142926663160324, 0.0385417602956295, 0.030959248542785645, 0.024373581632971764, 0.026160767301917076, 0.025440510362386703, 0.03685886412858963, 0.03348724544048309, 0.04071205481886864, 0.03703680261969566, 0.030504874885082245, 0.022491097450256348, 0.03666691482067108, 0.03353437781333923, 0.0314071960747242, 0.03478456661105156, 0.03298643231391907, 0.03681769222021103, 0.01961570791900158, 0.03619886934757233, 0.03954729437828064, 0.027122115716338158, 0.02566729485988617, 0.03051798790693283, 0.031109511852264404, 0.027778364717960358, 0.017867853865027428, 0.03126145154237747, 0.03792419657111168, 0.034754350781440735, 0.024183649569749832, 0.024014055728912354, 0.026702839881181717, 0.02880668267607689, 0.026549797505140305, 0.030145039781928062, 0.03801906853914261, 0.029836684465408325, 0.02141631208360195, 0.020007122308015823, 0.01962568238377571, 0.018115021288394928, 0.0269792340695858, 0.029249219223856926, 0.017331687733530998, 0.020329922437667847], "LPIPS": [0.15302856266498566, 0.3488866090774536, 0.3251473605632782, 0.3227667510509491, 0.2562248706817627, 0.29543107748031616, 0.35050469636917114, 0.35229068994522095, 0.35318389534950256, 0.315011590719223, 0.3662402033805847, 0.3656795918941498, 0.34060460329055786, 0.30911290645599365, 0.3643141984939575, 0.33591362833976746, 0.38278964161872864, 0.3223596215248108, 0.35889601707458496, 0.3691138029098511, 0.3544806241989136, 0.3746548295021057, 0.36026814579963684, 0.3591585159301758, 0.3891494870185852, 0.33407509326934814, 0.3690565228462219, 0.34444716572761536, 0.3704891502857208, 0.3346938490867615, 0.3848399221897125, 0.3634800612926483, 0.3588026463985443, 0.25085291266441345, 0.3069938123226166, 0.38875675201416016, 0.34358134865760803, 0.3611223101615906, 0.3904570937156677, 0.34648025035858154, 0.27036720514297485, 0.2909758687019348, 0.32492777705192566, 0.36705517768859863, 0.3148704469203949, 0.34120941162109375, 0.24640245735645294, 0.2600176930427551]}