{
    "PSNR": [
        21.30802869796753,
        20.499775409698486,
        15.696531534194946,
        16.622130870819092,
        19.261571168899536,
        17.071533203125,
        17.406998872756958,
        20.75780153274536,
        15.829328298568726,
        13.318356275558472,
        13.917310237884521,
        17.595152854919434,
        18.8940691947937,
        16.31270170211792,
        15.413928031921387,
        16.873183250427246,
        20.071017742156982,
        13.336527347564697,
        12.50025987625122,
        14.868654012680054,
        16.362227201461792,
        14.729723930358887,
        14.828346967697144,
        18.73481512069702,
        15.40608286857605,
        12.420161962509155,
        13.267550468444824,
        17.586590051651,
        17.506165504455566,
        14.671088457107544,
        13.947772979736328,
        14.978017807006836,
        20.056989192962646,
        13.561381101608276,
        13.085805177688599,
        15.779074430465698,
        15.581903457641602,
        13.997268676757812,
        13.938812017440796,
        16.074875593185425,
        17.70381212234497,
        14.48935866355896,
        15.374027490615845,
        19.369691610336304,
        15.220832824707031,
        15.418869256973267,
        18.66926908493042,
        18.893215656280518
    ],
    "SSIM": [
        0.894225001335144,
        0.8461048007011414,
        0.6788789629936218,
        0.7236635088920593,
        0.8252517580986023,
        0.7020792365074158,
        0.7055743932723999,
        0.8387616872787476,
        0.6905947923660278,
        0.5582625865936279,
        0.5895017385482788,
        0.7787700891494751,
        0.8498484492301941,
        0.6696805953979492,
        0.6038192510604858,
        0.6881016492843628,
        0.844779908657074,
        0.5742625594139099,
        0.5179587602615356,
        0.6477986574172974,
        0.7046240568161011,
        0.5713868737220764,
        0.5826401710510254,
        0.7730414271354675,
        0.6806187629699707,
        0.5289129018783569,
        0.5742000341415405,
        0.7971830368041992,
        0.786707878112793,
        0.5957676768302917,
        0.5334051847457886,
        0.6124303936958313,
        0.8382035493850708,
        0.6035192012786865,
        0.5815603733062744,
        0.7118152379989624,
        0.672245442867279,
        0.5685495734214783,
        0.5662115812301636,
        0.6955537796020508,
        0.780383288860321,
        0.6597495079040527,
        0.7139970660209656,
        0.8636061549186707,
        0.6716858744621277,
        0.6649139523506165,
        0.838188648223877,
        0.8591001033782959
    ],
    "MSE": [
        0.00739941094070673,
        0.008912969380617142,
        0.026936855167150497,
        0.02176642045378685,
        0.011853399686515331,
        0.019626671448349953,
        0.018167709931731224,
        0.008398853242397308,
        0.02612566016614437,
        0.04657624661922455,
        0.04057597741484642,
        0.01739741489291191,
        0.012900099158287048,
        0.02337382733821869,
        0.028747979551553726,
        0.020543847233057022,
        0.009837808087468147,
        0.046381767839193344,
        0.05623076856136322,
        0.03259377181529999,
        0.023108795285224915,
        0.03365330025553703,
        0.032897692173719406,
        0.013381924480199814,
        0.02879994735121727,
        0.05727747082710266,
        0.04712429642677307,
        0.017431752756237984,
        0.017757568508386612,
        0.034110747277736664,
        0.04029236361384392,
        0.031783245503902435,
        0.009869636967778206,
        0.044041480869054794,
        0.049138233065605164,
        0.02642972767353058,
        0.027657290920615196,
        0.03983576223254204,
        0.04037558659911156,
        0.02468951605260372,
        0.016967538744211197,
        0.03556838631629944,
        0.029013309627771378,
        0.011561943218111992,
        0.030054999515414238,
        0.028715278953313828,
        0.013585418462753296,
        0.012902634218335152
    ],
    "LPIPS": [
        0.12074099481105804,
        0.20640647411346436,
        0.31721651554107666,
        0.2807776927947998,
        0.24648913741111755,
        0.29815736413002014,
        0.31039780378341675,
        0.22219382226467133,
        0.28737401962280273,
        0.3812459111213684,
        0.3468278646469116,
        0.25216034054756165,
        0.23052367568016052,
        0.3106873333454132,
        0.37057968974113464,
        0.3075602650642395,
        0.1991252303123474,
        0.38276052474975586,
        0.40599706768989563,
        0.3359554708003998,
        0.3122957646846771,
        0.3559165298938751,
        0.3723783493041992,
        0.25716131925582886,
        0.32838889956474304,
        0.41278383135795593,
        0.39621055126190186,
        0.2286362648010254,
        0.26338717341423035,
        0.3532181680202484,
        0.39136219024658203,
        0.35893934965133667,
        0.23836418986320496,
        0.37166526913642883,
        0.40334293246269226,
        0.33540287613868713,
        0.3325224816799164,
        0.38941478729248047,
        0.3781684637069702,
        0.3115319311618805,
        0.22425885498523712,
        0.340289831161499,
        0.2856832444667816,
        0.22905108332633972,
        0.31009116768836975,
        0.3032863736152649,
        0.24707451462745667,
        0.21193177998065948
    ],
    "complexity": {
        "normal_roughness": [
            0.032214269042015076,
            0.035046882927417755,
            0.053073957562446594,
            0.04698445275425911,
            0.03571190685033798,
            0.050915177911520004,
            0.051918838173151016,
            0.03784480318427086,
            0.04982928931713104,
            0.05898796394467354,
            0.05144278705120087,
            0.037626270204782486,
            0.03276434540748596,
            0.05086182802915573,
            0.05988474190235138,
            0.051785968244075775,
            0.040249697864055634,
            0.05840233713388443,
            0.05845622718334198,
            0.050583913922309875,
            0.049207355827093124,
            0.058968059718608856,
            0.05926695838570595,
            0.041560497134923935,
            0.04882264882326126,
            0.05791991204023361,
            0.056628480553627014,
            0.04207915812730789,
            0.04246503859758377,
            0.0593353770673275,
            0.06063807010650635,
            0.05420956015586853,
            0.03470344841480255,
            0.05338911712169647,
            0.05808776617050171,
            0.05056595057249069,
            0.053168244659900665,
            0.0591118261218071,
            0.05625556781888008,
            0.04264426231384277,
            0.046870529651641846,
            0.04951140284538269,
            0.04789239913225174,
            0.03666327893733978,
            0.051739588379859924,
            0.04952813684940338,
            0.03364495187997818,
            0.03589223325252533
        ],