{"PSNR": [20.930075645446777, 19.229354858398438, 15.015376806259155, 14.49410080909729, 19.23754096031189, 16.94830298423767, 16.234850883483887, 18.1002938747406, 16.466362476348877, 13.992389440536499, 13.436503410339355, 14.354943037033081, 15.881059169769287, 16.372846364974976, 15.173708200454712, 15.608237981796265, 18.32279324531555, 15.116047859191895, 13.488945960998535, 13.72917890548706, 18.15782904624939, 14.903239011764526, 14.828521013259888, 16.445059776306152, 19.061617851257324, 14.296382665634155, 13.747177124023438, 15.227748155593872, 18.77321481704712, 15.378870964050293, 14.69395637512207, 15.218874216079712, 17.83944010734558, 16.74670100212097, 14.499990940093994, 15.315704345703125, 16.983667612075806, 15.18955945968628, 15.096520185470581, 16.10836386680603, 19.392889738082886, 17.019171714782715, 16.708308458328247, 19.365848302841187, 16.59680485725403, 16.413031816482544, 20.684537887573242, 21.80877685546875], "SSIM": [0.8992493152618408, 0.8526909351348877, 0.7083844542503357, 0.6727311015129089, 0.867242693901062, 0.7350760698318481, 0.6853642463684082, 0.7952609062194824, 0.7766628265380859, 0.6206356287002563, 0.5766608715057373, 0.6459367275238037, 0.7302988767623901, 0.731210470199585, 0.6294613480567932, 0.6510034799575806, 0.8202173113822937, 0.6832348108291626, 0.55832839012146, 0.5790369510650635, 0.7913894653320312, 0.6210176944732666, 0.5867730975151062, 0.6966460943222046, 0.8328420519828796, 0.6067265868186951, 0.5642528533935547, 0.6528217196464539, 0.7952848672866821, 0.6567850112915039, 0.5921738147735596, 0.616157054901123, 0.7827655673027039, 0.7528135180473328, 0.6139881610870361, 0.6355834603309631, 0.7280303835868835, 0.6309670209884644, 0.6244195103645325, 0.6744881868362427, 0.8330017924308777, 0.755039393901825, 0.7237615585327148, 0.7954931259155273, 0.7199211120605469, 0.6952402591705322, 0.8525721430778503, 0.8694179058074951], "MSE": [0.00807221233844757, 0.011941658332943916, 0.031511012464761734, 0.035529568791389465, 0.011919165961444378, 0.020191555842757225, 0.023796599358320236, 0.015487121418118477, 0.02256127819418907, 0.039880551397800446, 0.045326244086027145, 0.03668645769357681, 0.025816302746534348, 0.023052360862493515, 0.030382905155420303, 0.027490094304084778, 0.014713658951222897, 0.030788980424404144, 0.04478219896554947, 0.042372316122055054, 0.01528329961001873, 0.032335247844457626, 0.032896365970373154, 0.022672219201922417, 0.012411899864673615, 0.03718448802828789, 0.042197078466415405, 0.03000718355178833, 0.013264126144349575, 0.028980975970625877, 0.03393160179257393, 0.030068552121520042, 0.016445843502879143, 0.021150952205061913, 0.03548141568899155, 0.02940557710826397, 0.020027803257107735, 0.030272211879491806, 0.03092772886157036, 0.024499863386154175, 0.011500349268317223, 0.01986474171280861, 0.02133876085281372, 0.011572180315852165, 0.02189372107386589, 0.022840037941932678, 0.008541739545762539, 0.006593594327569008], "LPIPS": [0.14810962975025177, 0.1643265336751938, 0.2926139533519745, 0.30548638105392456, 0.2170676290988922, 0.27868470549583435, 0.3000341057777405, 0.22727522253990173, 0.2691479027271271, 0.35531386733055115, 0.41739481687545776, 0.3353140950202942, 0.25438860058784485, 0.2801624536514282, 0.3362615704536438, 0.3275223970413208, 0.2144595980644226, 0.35041752457618713, 0.4210645258426666, 0.40815025568008423, 0.2807762622833252, 0.3859866261482239, 0.3491770327091217, 0.3155922293663025, 0.25525492429733276, 0.3899995684623718, 0.39773938059806824, 0.3616246283054352, 0.23098766803741455, 0.3708381652832031, 0.3891780376434326, 0.3473623991012573, 0.244853675365448, 0.25407344102859497, 0.3628537058830261, 0.3577303886413574, 0.34763282537460327, 0.3609501123428345, 0.3558559715747833, 0.31596529483795166, 0.22290712594985962, 0.2756338119506836, 0.28785985708236694, 0.22549214959144592, 0.26937127113342285, 0.28654107451438904, 0.23246461153030396, 0.18101051449775696]}