{
    "PSNR": [
        20.644421577453613,
        16.556354761123657,
        14.927722215652466,
        15.724666118621826,
        17.424756288528442,
        14.888349771499634,
        14.463392496109009,
        15.57806134223938,
        14.72135305404663,
        12.676308155059814,
        12.856196165084839,
        15.92780590057373,
        17.38844633102417,
        15.385510921478271,
        14.063262939453125,
        14.024006128311157,
        15.20490050315857,
        13.26852560043335,
        12.350974082946777,
        13.290480375289917,
        16.58282160758972,
        14.396063089370728,
        13.69611382484436,
        14.368059635162354,
        14.612067937850952,
        13.635541200637817,
        12.749185562133789,
        14.928581714630127,
        16.82655096054077,
        14.887630939483643,
        13.874790668487549,
        13.63207221031189,
        14.906800985336304,
        14.263049364089966,
        14.117821455001831,
        13.58457088470459,
        15.760722160339355,
        14.40882921218872,
        14.232767820358276,
        14.809074401855469,
        15.719853639602661,
        14.819974899291992,
        14.0426504611969,
        16.05340600013733,
        15.385758876800537,
        14.963266849517822,
        17.504112720489502,
        16.20936870574951
    ],
    "SSIM": [
        0.8767025470733643,
        0.734792947769165,
        0.6145746111869812,
        0.6011399626731873,
        0.7383699417114258,
        0.6360758543014526,
        0.6272907853126526,
        0.7064603567123413,
        0.6457411050796509,
        0.4884892702102661,
        0.4793592393398285,
        0.6270910501480103,
        0.7133288383483887,
        0.6423958539962769,
        0.5691303014755249,
        0.573807954788208,
        0.6871611475944519,
        0.549223780632019,
        0.46135205030441284,
        0.5305467844009399,
        0.6667046546936035,
        0.5697089433670044,
        0.5469970703125,
        0.6118232011795044,
        0.6551949977874756,
        0.5416877269744873,
        0.495929092168808,
        0.6218980550765991,
        0.6943075060844421,
        0.5778510570526123,
        0.5619977712631226,
        0.5657706260681152,
        0.6711225509643555,
        0.6209027767181396,
        0.5704108476638794,
        0.5583764314651489,
        0.6491445302963257,
        0.5813178420066833,
        0.5996155738830566,
        0.658882200717926,
        0.7100891470909119,
        0.6537866592407227,
        0.6005287170410156,
        0.7040931582450867,
        0.6655845642089844,
        0.6514535546302795,
        0.7611834406852722,
        0.7183801531791687
    ],
    "MSE": [
        0.008621005341410637,
        0.022098585963249207,
        0.03215347230434418,
        0.026762917637825012,
        0.018093574792146683,
        0.03244628757238388,
        0.035781681537628174,
        0.027681773528456688,
        0.03371822461485863,
        0.05399695038795471,
        0.051806043833494186,
        0.025539908558130264,
        0.018245486542582512,
        0.02893669530749321,
        0.039235007017850876,
        0.039591267704963684,
        0.03016545996069908,
        0.04711373150348663,
        0.0581972673535347,
        0.04687616229057312,
        0.02196432650089264,
        0.036340732127428055,
        0.042696140706539154,
        0.03657582029700279,
        0.034577470272779465,
        0.04329582303762436,
        0.0530984103679657,
        0.032147109508514404,
        0.020765624940395355,
        0.03245166689157486,
        0.04097519814968109,
        0.04333041235804558,
        0.03230873867869377,
        0.0374709777534008,
        0.038745202124118805,
        0.04380694031715393,
        0.02654164656996727,
        0.036234065890312195,
        0.03773316368460655,
        0.0330440029501915,
        0.02679259143769741,
        0.0329611673951149,
        0.03942167013883591,
        0.024811867624521255,
        0.02893504500389099,
        0.031891390681266785,
        0.017765967175364494,
        0.023936644196510315
    ],
    "LPIPS": [
        0.1753084510564804,
        0.23674491047859192,
        0.3418213427066803,
        0.29210835695266724,
        0.2796478271484375,
        0.30480217933654785,
        0.29785966873168945,
        0.3015138804912567,
        0.32582932710647583,
        0.3697524666786194,
        0.3633686304092407,
        0.2902393937110901,
        0.3234437108039856,
        0.33032503724098206,
        0.3733544647693634,
        0.31707149744033813,
        0.3242955207824707,
        0.3125578761100769,
        0.3882911801338196,
        0.3527522087097168,
        0.292131632566452,
        0.3607109487056732,
        0.3857507109642029,
        0.30373460054397583,
        0.3402306139469147,
        0.3934299349784851,
        0.41841357946395874,
        0.34797435998916626,
        0.32519441843032837,
        0.3345290720462799,
        0.3507068455219269,
        0.3276858627796173,
        0.3190279006958008,
        0.3239173889160156,
        0.38089579343795776,
        0.34545907378196716,
        0.3104225993156433,
        0.3216722309589386,
        0.3233104944229126,
        0.32971781492233276,
        0.26826876401901245,
        0.3531765937805176,
        0.33696430921554565,
        0.2862001657485962,
        0.27331581711769104,
        0.26989060640335083,
        0.25322848558425903,
        0.27035975456237793
    ],
    "complexity": {
        "normal_roughness": [
            0.03442392125725746,
            0.04366413876414299,
            0.04212259501218796,
            0.04684325307607651,
            0.0453949049115181,
            0.05578603968024254,
            0.055580999702215195,
            0.044256336987018585,
            0.042838845402002335,
            0.05446309968829155,
            0.05412375181913376,
            0.040421925485134125,
            0.036528170108795166,
            0.05684959888458252,
            0.05908893048763275,
            0.0541357696056366,
            0.03608710691332817,
            0.054059892892837524,
            0.05861826241016388,
            0.05263630300760269,
            0.050775326788425446,
            0.062168270349502563,
            0.05950242280960083,
            0.04862094670534134,
            0.04975861310958862,
            0.05876768007874489,
            0.059026457369327545,
            0.04461107403039932,
            0.03693529963493347,
            0.05756149813532829,
            0.05923427268862724,
            0.053220294415950775,
            0.035032398998737335,
            0.05393253639340401,
            0.057952262461185455,
            0.054768722504377365,
            0.04614662006497383,
            0.05420786142349243,
            0.051176078617572784,
            0.03867562860250473,
            0.044067636132240295,
            0.04996877163648605,
            0.05401570349931717,
            0.04354524984955788,
            0.03966102376580238,
            0.03691719472408295,
            0.038121312856674194,
            0.04230858385562897
        ],