{"PSNR": [23.023808002471924, 21.74440860748291, 15.103709697723389, 15.957397222518921, 20.593600273132324, 17.401357889175415, 16.767771244049072, 19.919555187225342, 15.594344139099121, 13.170195817947388, 13.53654146194458, 16.745954751968384, 19.43219542503357, 17.116414308547974, 15.050990581512451, 15.753617286682129, 18.620444536209106, 13.56068730354309, 12.449082136154175, 14.167413711547852, 18.117834329605103, 15.028984546661377, 14.152424335479736, 16.336188316345215, 16.208512783050537, 12.739497423171997, 13.052600622177124, 17.070317268371582, 18.61817240715027, 15.313594341278076, 14.133384227752686, 14.328999519348145, 19.0837824344635, 14.977525472640991, 13.220021724700928, 15.336114168167114, 16.04872465133667, 14.412720203399658, 14.219846725463867, 15.639742612838745, 20.153884887695312, 15.682539939880371, 15.628063678741455, 18.82107138633728, 15.42051911354065, 15.523170232772827, 19.96396541595459, 19.113909006118774], "SSIM": [0.8937169313430786, 0.858651340007782, 0.6529644727706909, 0.7034782767295837, 0.8430595397949219, 0.6923483610153198, 0.6812938451766968, 0.8145231604576111, 0.6685690879821777, 0.5510923862457275, 0.5756847858428955, 0.7442871928215027, 0.8561970591545105, 0.6846479773521423, 0.5893526077270508, 0.6558350920677185, 0.8082695007324219, 0.5793081521987915, 0.5199905037879944, 0.6238929629325867, 0.7458752989768982, 0.5857649445533752, 0.5577205419540405, 0.7249435186386108, 0.706074595451355, 0.5461418032646179, 0.5678277015686035, 0.7716890573501587, 0.8285406827926636, 0.632107138633728, 0.5559847354888916, 0.6085512638092041, 0.8341759443283081, 0.6718003153800964, 0.5880180597305298, 0.6998904943466187, 0.7182925939559937, 0.6005110144615173, 0.6065818071365356, 0.7169551253318787, 0.8728758692741394, 0.719773530960083, 0.7186686396598816, 0.8501284122467041, 0.6910187005996704, 0.7114664316177368, 0.8773608207702637, 0.8613486289978027], "MSE": [0.004984471946954727, 0.006692050956189632, 0.03087656758725643, 0.025366488844156265, 0.008722483180463314, 0.018191318958997726, 0.021048586815595627, 0.010186956264078617, 0.027578182518482208, 0.04819261282682419, 0.04429410398006439, 0.021154586225748062, 0.011396734975278378, 0.019424891099333763, 0.031253665685653687, 0.026585102081298828, 0.013739015907049179, 0.04404851049184799, 0.05689731985330582, 0.03830527886748314, 0.0154246985912323, 0.031412430107593536, 0.03843771293759346, 0.02324776165187359, 0.02394135855138302, 0.05321699380874634, 0.04951535910367966, 0.01963217183947563, 0.01374620571732521, 0.02941986173391342, 0.038606610149145126, 0.03690626472234726, 0.012348714284598827, 0.031786851584911346, 0.04764285311102867, 0.029267704114317894, 0.02483862265944481, 0.03620161861181259, 0.03784559294581413, 0.027291400358080864, 0.00965187232941389, 0.02702377550303936, 0.027364887297153473, 0.013118768110871315, 0.02870437502861023, 0.028033865615725517, 0.010083320550620556, 0.012263352051377296], "LPIPS": [0.10695737600326538, 0.1858019381761551, 0.30092984437942505, 0.26072776317596436, 0.14368906617164612, 0.2707061171531677, 0.29889363050460815, 0.23050594329833984, 0.3200523257255554, 0.4057304859161377, 0.3398100435733795, 0.22595225274562836, 0.18623408675193787, 0.26961785554885864, 0.35751959681510925, 0.33284783363342285, 0.2449512779712677, 0.38742947578430176, 0.3810440003871918, 0.3074248135089874, 0.30834081768989563, 0.3407016396522522, 0.3763124346733093, 0.291681706905365, 0.3191996216773987, 0.39622414112091064, 0.3299291431903839, 0.2682173550128937, 0.23679381608963013, 0.35461533069610596, 0.38824427127838135, 0.3477592170238495, 0.2204844206571579, 0.36558544635772705, 0.36709481477737427, 0.3038186728954315, 0.30309197306632996, 0.3552626371383667, 0.3672211468219757, 0.28469905257225037, 0.1709779053926468, 0.2625715136528015, 0.27212217450141907, 0.1932028830051422, 0.2989053726196289, 0.2641798257827759, 0.17220553755760193, 0.18308763206005096]}