{"PSNR": [20.670664310455322, 17.15556263923645, 16.084085702896118, 17.15089440345764, 17.908681631088257, 15.944573879241943, 15.303044319152832, 15.70554494857788, 15.574465990066528, 15.10921835899353, 14.950028657913208, 17.601046562194824, 18.511167764663696, 15.97315788269043, 14.908100366592407, 14.984910488128662, 16.29231572151184, 14.995051622390747, 14.169087409973145, 15.154731273651123, 16.976025104522705, 15.93640923500061, 14.904221296310425, 15.946048498153687, 15.429949760437012, 13.889470100402832, 14.275187253952026, 16.967850923538208, 17.385786771774292, 16.378437280654907, 16.009652614593506, 16.04506015777588, 16.03118658065796, 14.50021505355835, 13.989375829696655, 15.275015830993652, 17.044953107833862, 16.958597898483276, 16.175825595855713, 16.22085690498352, 16.407582759857178, 14.893056154251099, 15.08240818977356, 16.53810977935791, 17.049636840820312, 16.634265184402466, 17.00205683708191, 16.97822332382202], "SSIM": [0.8671770095825195, 0.7267155647277832, 0.6281571388244629, 0.6591588854789734, 0.7351306676864624, 0.6978179812431335, 0.6463892459869385, 0.6814267039299011, 0.6511542201042175, 0.5991208553314209, 0.5751866102218628, 0.6871476173400879, 0.7206947803497314, 0.6752578616142273, 0.6169714331626892, 0.6357841491699219, 0.7092065811157227, 0.6200293898582458, 0.5702763795852661, 0.5890640616416931, 0.6797060966491699, 0.6751486659049988, 0.5985282063484192, 0.6699643135070801, 0.6965316534042358, 0.6105980277061462, 0.5656712055206299, 0.6995276808738708, 0.7165691256523132, 0.6749979853630066, 0.6386993527412415, 0.6430919766426086, 0.6975316405296326, 0.6589348316192627, 0.5810391306877136, 0.6348661184310913, 0.7048404216766357, 0.6907073855400085, 0.6476750373840332, 0.6935842037200928, 0.7181417346000671, 0.6597981452941895, 0.6459822058677673, 0.692768931388855, 0.7094593048095703, 0.7180397510528564, 0.7560874819755554, 0.7312237620353699], "MSE": [0.00856906920671463, 0.019250579178333282, 0.02463720738887787, 0.019271280616521835, 0.016185713931918144, 0.025441501289606094, 0.02949141338467598, 0.026881007477641106, 0.027704700827598572, 0.03083743155002594, 0.03198873624205589, 0.01737382262945175, 0.014089101925492287, 0.025274600833654404, 0.032299067825078964, 0.03173284977674484, 0.023483803495764732, 0.031658835709095, 0.03829052671790123, 0.03051595389842987, 0.02006307616829872, 0.02548937499523163, 0.03232793137431145, 0.025432858616113663, 0.028642110526561737, 0.04083693027496338, 0.03736640140414238, 0.020100872963666916, 0.01825665682554245, 0.02302270382642746, 0.02506309747695923, 0.02485959231853485, 0.02493913471698761, 0.0354795828461647, 0.03990822657942772, 0.029682358726859093, 0.019747167825698853, 0.020143743604421616, 0.024122226983308792, 0.023873407393693924, 0.022868718951940536, 0.03241114690899849, 0.031028389930725098, 0.022191625088453293, 0.019725879654288292, 0.021705685183405876, 0.019943179562687874, 0.020052919164299965], "LPIPS": [0.18416652083396912, 0.2574160099029541, 0.2933289408683777, 0.32593047618865967, 0.21703879535198212, 0.25081121921539307, 0.32763805985450745, 0.2966116666793823, 0.3516857624053955, 0.3383929133415222, 0.3713277578353882, 0.304666668176651, 0.2890518605709076, 0.2655456066131592, 0.30999672412872314, 0.3274247646331787, 0.32289519906044006, 0.3264903426170349, 0.36261263489723206, 0.36321935057640076, 0.23200714588165283, 0.3157998323440552, 0.34033846855163574, 0.291166216135025, 0.33516088128089905, 0.3361535370349884, 0.37595561146736145, 0.3019747734069824, 0.28567421436309814, 0.31102612614631653, 0.3536628186702728, 0.319706529378891, 0.3101654648780823, 0.25890156626701355, 0.3585931956768036, 0.33961111307144165, 0.33586645126342773, 0.3368884325027466, 0.3114417791366577, 0.31819573044776917, 0.308273583650589, 0.2688954174518585, 0.3070255517959595, 0.31632161140441895, 0.2577444314956665, 0.30666834115982056, 0.28341829776763916, 0.2767986059188843]}