{"PSNR": [20.20482301712036, 15.425922870635986, 15.250705480575562, 16.258519887924194, 17.185145616531372, 18.002725839614868, 14.628384113311768, 13.760615587234497, 13.96483063697815, 15.399256944656372, 15.088605880737305, 15.419212579727173, 14.158642292022705, 17.13496208190918, 14.571688175201416, 13.221112489700317, 13.704448938369751, 14.90662932395935, 15.119969844818115, 13.881025314331055, 14.425400495529175, 16.055409908294678, 13.436076641082764, 13.679174184799194, 14.462968111038208, 15.474163293838501, 14.671577215194702, 13.310887813568115, 13.851279020309448, 16.63426399230957, 14.628499746322632, 13.592835664749146, 15.287381410598755, 16.268868446350098, 16.145938634872437, 14.052053689956665, 15.732347965240479, 16.51206374168396, 14.452558755874634, 15.606002807617188, 16.68671488761902, 17.711936235427856, 16.394509077072144, 14.448778629302979, 16.86034917831421, 15.529712438583374, 18.115839958190918, 16.60326600074768], "SSIM": [0.8646583557128906, 0.6391963362693787, 0.5957895517349243, 0.6810358762741089, 0.6796175241470337, 0.7457168102264404, 0.6186590790748596, 0.5626095533370972, 0.5640386939048767, 0.5746821761131287, 0.6082116961479187, 0.6599342823028564, 0.5991055369377136, 0.6557426452636719, 0.5674617290496826, 0.5407742261886597, 0.5729846954345703, 0.5918773412704468, 0.6247987747192383, 0.5926033854484558, 0.5947014689445496, 0.6314864158630371, 0.5495558977127075, 0.5548570156097412, 0.5995421409606934, 0.638587236404419, 0.6018256545066833, 0.5329004526138306, 0.5370125770568848, 0.6267865896224976, 0.5984017252922058, 0.5640721321105957, 0.6292794942855835, 0.6661083698272705, 0.6624450087547302, 0.5599541664123535, 0.59478759765625, 0.61424720287323, 0.5704535841941833, 0.6430434584617615, 0.6811296343803406, 0.7417577505111694, 0.682863175868988, 0.5666599273681641, 0.6313780546188354, 0.6183513402938843, 0.7622559070587158, 0.6671457290649414], "MSE": [0.009539328515529633, 0.028668683022260666, 0.029848983511328697, 0.023667266592383385, 0.01911989226937294, 0.01583898440003395, 0.0344478115439415, 0.042066704481840134, 0.04013441503047943, 0.028845250606536865, 0.030984139069914818, 0.028713015839457512, 0.03838272765278816, 0.01934210956096649, 0.03490046411752701, 0.04763089865446091, 0.042614273726940155, 0.03231000900268555, 0.03076118789613247, 0.040916405618190765, 0.03609607368707657, 0.02480042353272438, 0.04533069580793381, 0.04286300390958786, 0.03578517958521843, 0.028352003544569016, 0.03410691022872925, 0.04665641114115715, 0.041197627782821655, 0.021705692633986473, 0.034446895122528076, 0.04372366517782211, 0.029597967863082886, 0.023610934615135193, 0.024288808926939964, 0.03933640941977501, 0.02671562135219574, 0.02232511155307293, 0.035871054977178574, 0.027504250407218933, 0.021445125341415405, 0.01693582534790039, 0.022937661036849022, 0.03590229153633118, 0.02060464210808277, 0.02799167111515999, 0.015431780368089676, 0.02186117321252823], "LPIPS": [0.18923413753509521, 0.3076282739639282, 0.35530558228492737, 0.28533709049224854, 0.28006336092948914, 0.26789602637290955, 0.3631443679332733, 0.39053016901016235, 0.3952861428260803, 0.38095492124557495, 0.36511552333831787, 0.30753955245018005, 0.40585073828697205, 0.3057763874530792, 0.3875385522842407, 0.4399624764919281, 0.3922840356826782, 0.3595913052558899, 0.40834924578666687, 0.4255107045173645, 0.38532140851020813, 0.35888785123825073, 0.42439937591552734, 0.42344528436660767, 0.37382078170776367, 0.3683208227157593, 0.387046754360199, 0.39601999521255493, 0.4163973331451416, 0.3582455813884735, 0.40501880645751953, 0.44609999656677246, 0.34661978483200073, 0.3299514055252075, 0.3531813621520996, 0.43349868059158325, 0.3726128339767456, 0.3528875708580017, 0.4385676681995392, 0.33082953095436096, 0.2946769595146179, 0.23787769675254822, 0.28113478422164917, 0.39029115438461304, 0.3793274760246277, 0.32144972681999207, 0.26160603761672974, 0.3043341040611267]}