{"PSNR": [22.23883867263794, 19.186640977859497, 16.0356867313385, 15.54785966873169, 20.423552989959717, 15.993682146072388, 15.803099870681763, 17.975633144378662, 16.916184425354004, 13.745096921920776, 13.207052946090698, 15.250476598739624, 18.448400497436523, 14.97244119644165, 14.423701763153076, 15.50839900970459, 18.518714904785156, 14.739032983779907, 12.826064825057983, 13.250553607940674, 16.121385097503662, 13.800410032272339, 14.379476308822632, 16.342482566833496, 18.133760690689087, 13.71442437171936, 12.795912027359009, 15.18389105796814, 20.47826051712036, 14.161380529403687, 13.836888074874878, 15.113849639892578, 18.463798761367798, 15.566768646240234, 13.541209697723389, 14.230356216430664, 16.218299865722656, 14.143072366714478, 14.635587930679321, 16.079413890838623, 19.08239245414734, 15.745688676834106, 15.34961462020874, 18.873971700668335, 16.122896671295166, 16.115643978118896, 19.540125131607056, 21.166727542877197], "SSIM": [0.9126865863800049, 0.841113805770874, 0.7199780344963074, 0.6942261457443237, 0.8535794615745544, 0.6961420774459839, 0.6782710552215576, 0.8014626502990723, 0.7580442428588867, 0.6017851233482361, 0.5694098472595215, 0.6728601455688477, 0.8061683177947998, 0.6493850350379944, 0.6083172559738159, 0.6696707606315613, 0.836992621421814, 0.6666041612625122, 0.5349010229110718, 0.5565111041069031, 0.7056670188903809, 0.578872561454773, 0.594319224357605, 0.7290153503417969, 0.8017663955688477, 0.6055519580841064, 0.5415765643119812, 0.6474709510803223, 0.8386507034301758, 0.6033834218978882, 0.5644078254699707, 0.6392225027084351, 0.8172571659088135, 0.7058796286582947, 0.5831272602081299, 0.6166224479675293, 0.72050541639328, 0.589857816696167, 0.6075953841209412, 0.6902792453765869, 0.8364097476005554, 0.7114549875259399, 0.6729636192321777, 0.8095447421073914, 0.6888961791992188, 0.6823083162307739, 0.8326093554496765, 0.8636817336082458], "MSE": [0.0059719509445130825, 0.012059684842824936, 0.024913303554058075, 0.02787494659423828, 0.009070783853530884, 0.025155436247587204, 0.02628391981124878, 0.015938110649585724, 0.020341433584690094, 0.04221728444099426, 0.04778534919023514, 0.029850557446479797, 0.014294209890067577, 0.031824082136154175, 0.036110203713178635, 0.02812938019633293, 0.014064637944102287, 0.033581241965293884, 0.05216672644019127, 0.04730910062789917, 0.024426518008112907, 0.04168301448225975, 0.03647979348897934, 0.02321409247815609, 0.01536822970956564, 0.04251651093363762, 0.05253018066287041, 0.030311744660139084, 0.008957237005233765, 0.038358524441719055, 0.0413343645632267, 0.03080456517636776, 0.014243610203266144, 0.02775384485721588, 0.04424651712179184, 0.037754133343696594, 0.02388746663928032, 0.03852057829499245, 0.03439071774482727, 0.02466372214257717, 0.012352670542895794, 0.02663367986679077, 0.0291768666356802, 0.012959934771060944, 0.024418015033006668, 0.02445882558822632, 0.011116999201476574, 0.007644115947186947], "LPIPS": [0.12698815762996674, 0.1948058009147644, 0.2794850468635559, 0.2998121380805969, 0.19978676736354828, 0.25505995750427246, 0.2891780138015747, 0.23770718276500702, 0.2475866675376892, 0.33339402079582214, 0.37492698431015015, 0.27647748589515686, 0.275738000869751, 0.25388026237487793, 0.33203503489494324, 0.31771785020828247, 0.2368461787700653, 0.30189651250839233, 0.3737720847129822, 0.35610488057136536, 0.25572851300239563, 0.3314815163612366, 0.3409494459629059, 0.26749104261398315, 0.22582831978797913, 0.31660231947898865, 0.3757258355617523, 0.31243976950645447, 0.26975247263908386, 0.3411796987056732, 0.3342910408973694, 0.30310195684432983, 0.21711666882038116, 0.2597053647041321, 0.3357168436050415, 0.3606112003326416, 0.25666049122810364, 0.31868189573287964, 0.3103512227535248, 0.2707122564315796, 0.2184356153011322, 0.2364325225353241, 0.25471192598342896, 0.2335127294063568, 0.26114344596862793, 0.2706238031387329, 0.18724387884140015, 0.18113204836845398]}