{
    "PSNR": [
        20.408313274383545,
        15.114743709564209,
        14.480128288269043,
        17.618056535720825,
        18.123657703399658,
        17.733534574508667,
        16.0746431350708,
        14.52085256576538,
        13.93721342086792,
        14.398902654647827,
        16.673675775527954,
        18.36909532546997,
        16.618348360061646,
        16.923811435699463,
        18.268842697143555,
        15.20113468170166,
        14.154891967773438,
        14.042750597000122,
        15.807908773422241,
        18.317012786865234,
        15.58492660522461,
        17.020182609558105,
        17.791072130203247,
        15.028842687606812,
        14.735506772994995,
        15.07295846939087,
        16.64258599281311,
        15.873260498046875,
        15.022803544998169,
        15.624289512634277,
        18.0915629863739,
        17.512896060943604,
        15.289982557296753,
        16.435670852661133,
        15.96765398979187,
        15.477899312973022,
        14.993990659713745,
        16.072487831115723,
        18.19131851196289,
        18.618961572647095,
        17.93839693069458,
        16.6831374168396,
        15.990865230560303,
        14.92072582244873,
        15.41663408279419,
        16.978130340576172,
        16.88644528388977,
        15.127296447753906
    ],
    "SSIM": [
        0.8763389587402344,
        0.6448035836219788,
        0.6237578392028809,
        0.776556670665741,
        0.7911542654037476,
        0.7917317152023315,
        0.6848406791687012,
        0.610582172870636,
        0.5982164144515991,
        0.6335097551345825,
        0.7572536468505859,
        0.7943294048309326,
        0.7250325083732605,
        0.7213482856750488,
        0.7804383039474487,
        0.6408812403678894,
        0.6085355281829834,
        0.6248635053634644,
        0.7414860129356384,
        0.7996003031730652,
        0.6440867185592651,
        0.7030270099639893,
        0.7657637596130371,
        0.6380428671836853,
        0.671481728553772,
        0.7134144306182861,
        0.7508799433708191,
        0.6813944578170776,
        0.6187678575515747,
        0.6216905117034912,
        0.7642447352409363,
        0.7387446165084839,
        0.6650781035423279,
        0.7711194753646851,
        0.7431840300559998,
        0.6762751340866089,
        0.5965489149093628,
        0.652059018611908,
        0.7691830396652222,
        0.7762225866317749,
        0.7873446345329285,
        0.7806887030601501,
        0.7153563499450684,
        0.6167185306549072,
        0.6277222037315369,
        0.7319492101669312,
        0.773980975151062,
        0.6517968773841858
    ],
    "MSE": [
        0.009102667681872845,
        0.030798226594924927,
        0.035644061863422394,
        0.017305906862020493,
        0.01540402602404356,
        0.01685180887579918,
        0.024690834805369377,
        0.035311393439769745,
        0.04039044305682182,
        0.03631698340177536,
        0.021509606391191483,
        0.014557626098394394,
        0.02178538218140602,
        0.02030574157834053,
        0.01489758025854826,
        0.030191633850336075,
        0.03841588646173477,
        0.039420757442712784,
        0.02625482901930809,
        0.014733257703483105,
        0.02763805352151394,
        0.01986011303961277,
        0.01663002371788025,
        0.03141345828771591,
        0.033608514815568924,
        0.031095977872610092,
        0.02166413888335228,
        0.025862708687782288,
        0.031457170844078064,
        0.0273886825889349,
        0.015518288128077984,
        0.017730068415403366,
        0.0295802503824234,
        0.022721290588378906,
        0.025306647643446922,
        0.02832762524485588,
        0.03166656568646431,
        0.02470308542251587,
        0.015165898017585278,
        0.013743704184889793,
        0.01607535034418106,
        0.02146279811859131,
        0.025171760469675064,
        0.032205309718847275,
        0.02873006835579872,
        0.020053353160619736,
        0.020481204614043236,
        0.03070933185517788
    ],
    "LPIPS": [
        0.14382527768611908,
        0.3105720281600952,
        0.31067585945129395,
        0.23608674108982086,
        0.24836060404777527,
        0.2107122540473938,
        0.3116269111633301,
        0.35459786653518677,
        0.35540124773979187,
        0.3432798385620117,
        0.26765263080596924,
        0.22923803329467773,
        0.30484139919281006,
        0.30417314171791077,
        0.2458634376525879,
        0.38251927495002747,
        0.381145715713501,
        0.3683231770992279,
        0.30912119150161743,
        0.24585454165935516,
        0.350225031375885,
        0.2825842499732971,
        0.29591065645217896,
        0.376112163066864,
        0.3600755035877228,
        0.3303969204425812,
        0.3246130347251892,
        0.3681213855743408,
        0.36981430649757385,
        0.3596078157424927,
        0.27790212631225586,
        0.28220656514167786,
        0.31809571385383606,
        0.25567540526390076,
        0.28008371591567993,
        0.35131949186325073,
        0.38158997893333435,
        0.33621057868003845,
        0.22287678718566895,
        0.21865227818489075,
        0.23895861208438873,
        0.24076791107654572,
        0.3267802894115448,
        0.35812070965766907,
        0.3434089422225952,
        0.29807204008102417,
        0.22798973321914673,
        0.32415926456451416
    ],
    "complexity": {
        "normal_roughness": [
            0.035421088337898254,
            0.05514641851186752,
            0.05161774531006813,
            0.03795440495014191,
            0.03241024911403656,
            0.042247138917446136,
            0.05524861440062523,
            0.059346575289964676,
            0.05865969508886337,
            0.052521415054798126,
            0.035139068961143494,
            0.03423391282558441,
            0.04820524901151657,
            0.04586983844637871,
            0.045640550553798676,
            0.05675423890352249,
            0.05984925478696823,
            0.05480232462286949,
            0.03813433647155762,
            0.04175538942217827,
            0.055623073130846024,
            0.04568597674369812,
            0.04365196079015732,
            0.05763094872236252,
            0.053578294813632965,
            0.04284815490245819,
            0.048224881291389465,
            0.054631687700748444,
            0.06072284281253815,
            0.056585051119327545,
            0.03982403874397278,
            0.046724505722522736,
            0.05055496469140053,
            0.041587069630622864,
            0.04680604487657547,
            0.05711876600980759,
            0.06131415814161301,
            0.05352158844470978,
            0.03910205513238907,
            0.04011145979166031,
            0.033521316945552826,
            0.04245366156101227,
            0.054868362843990326,
            0.06118948012590408,
            0.05552780628204346,
            0.04248221218585968,
            0.04682181775569916,
            0.058079056441783905
        ],