{
    "PSNR": [
        19.464057683944702,
        18.109601736068726,
        17.113617658615112,
        16.105356216430664,
        17.4925434589386,
        16.73644185066223,
        16.55096173286438,
        16.847292184829712,
        18.543633222579956,
        15.425913333892822,
        14.511957168579102,
        15.171537399291992,
        15.251939296722412,
        16.321576833724976,
        15.471216440200806,
        15.66045880317688,
        17.097097635269165,
        16.42813205718994,
        14.103176593780518,
        14.19447660446167,
        16.30029797554016,
        15.135072469711304,
        14.988058805465698,
        16.049275398254395,
        18.998903036117554,
        14.791109561920166,
        13.836681842803955,
        14.241373538970947,
        15.042927265167236,
        15.555863380432129,
        14.757528305053711,
        15.322180986404419,
        16.779284477233887,
        17.49059796333313,
        14.123215675354004,
        13.949764966964722,
        16.62329912185669,
        15.08576512336731,
        14.884001016616821,
        15.773086547851562,
        18.582518100738525,
        16.177873611450195,
        14.534634351730347,
        14.924166202545166,
        16.174219846725464,
        15.644854307174683,
        19.009703397750854,
        15.965790748596191
    ],
    "SSIM": [
        0.8609061241149902,
        0.7837242484092712,
        0.7980121374130249,
        0.7697522640228271,
        0.8264014720916748,
        0.7548200488090515,
        0.7081388235092163,
        0.7107671499252319,
        0.7965000867843628,
        0.706213653087616,
        0.6659713983535767,
        0.7207499742507935,
        0.7456287145614624,
        0.758048415184021,
        0.679940402507782,
        0.6676664352416992,
        0.7285761833190918,
        0.7377079725265503,
        0.63597571849823,
        0.6553757190704346,
        0.7909148931503296,
        0.6778897643089294,
        0.6518267393112183,
        0.6877161860466003,
        0.8107592463493347,
        0.6665986776351929,
        0.6344621181488037,
        0.6657958626747131,
        0.7281988859176636,
        0.72642982006073,
        0.6640496253967285,
        0.6753622889518738,
        0.7464349269866943,
        0.7702218294143677,
        0.6498461961746216,
        0.6528202295303345,
        0.8013750910758972,
        0.7074805498123169,
        0.6748228073120117,
        0.6980297565460205,
        0.8015352487564087,
        0.7102019190788269,
        0.6746219396591187,
        0.7112988829612732,
        0.7830628156661987,
        0.7207491397857666,
        0.8286454081535339,
        0.74932861328125
    ],
    "MSE": [
        0.011313429102301598,
        0.015453959815204144,
        0.019437406212091446,
        0.024516835808753967,
        0.017813360318541527,
        0.02120097540318966,
        0.022126052528619766,
        0.020666686818003654,
        0.013984172604978085,
        0.028668753802776337,
        0.035383787006139755,
        0.030398085713386536,
        0.02984049916267395,
        0.02332611382007599,
        0.02837124466896057,
        0.027161521837115288,
        0.019511481747031212,
        0.02276076003909111,
        0.03887607157230377,
        0.038067325949668884,
        0.023440679535269737,
        0.03065440058708191,
        0.03170984610915184,
        0.02483547292649746,
        0.012592436745762825,
        0.03318097069859505,
        0.04133632406592369,
        0.03765846788883209,
        0.031311750411987305,
        0.02782362699508667,
        0.033438537269830704,
        0.029361747205257416,
        0.020992860198020935,
        0.017821330577135086,
        0.038697101175785065,
        0.04027388617396355,
        0.021760564297437668,
        0.031004417687654495,
        0.03247879445552826,
        0.026466187089681625,
        0.013859517872333527,
        0.024110859259963036,
        0.03519950807094574,
        0.0321798101067543,
        0.02413114905357361,
        0.02725929580628872,
        0.012561162933707237,
        0.025317510589957237
    ],
    "LPIPS": [
        0.13752830028533936,
        0.26759839057922363,
        0.23931685090065002,
        0.2891274690628052,
        0.23692607879638672,
        0.2716405987739563,
        0.35407015681266785,
        0.2839662730693817,
        0.27874380350112915,
        0.34526970982551575,
        0.37179940938949585,
        0.30229705572128296,
        0.32224559783935547,
        0.2819112539291382,
        0.3603730797767639,
        0.3532429337501526,
        0.2778172791004181,
        0.274357408285141,
        0.39539486169815063,
        0.3743778467178345,
        0.298770546913147,
        0.32421255111694336,
        0.37924623489379883,
        0.3509790301322937,
        0.281460165977478,
        0.34737861156463623,
        0.3943849503993988,
        0.3409994840621948,
        0.31910276412963867,
        0.2538328766822815,
        0.3612501621246338,
        0.3885892629623413,
        0.31378474831581116,
        0.24070589244365692,
        0.35689204931259155,
        0.35629525780677795,
        0.2746378183364868,
        0.32446572184562683,
        0.36278194189071655,
        0.3347902297973633,
        0.23858818411827087,
        0.24426579475402832,
        0.30436408519744873,
        0.2877974212169647,
        0.2792215049266815,
        0.2906125783920288,
        0.19969075918197632,
        0.24503237009048462
    ],
    "complexity": {
        "normal_roughness": [
            0.033121854066848755,
            0.04433245211839676,
            0.037237368524074554,
            0.04044833779335022,
            0.033221762627363205,
            0.046427901834249496,
            0.055192068219184875,
            0.053463734686374664,
            0.0356476753950119,
            0.053472451865673065,
            0.05309038981795311,
            0.04633542150259018,
            0.04753363877534866,
            0.04595895856618881,
            0.057941608130931854,
            0.05989465117454529,
            0.05086687579751015,
            0.04598213732242584,
            0.05872174724936485,
            0.0555647537112236,
            0.03557003289461136,
            0.05699944496154785,
            0.06029210984706879,
            0.05705733597278595,
            0.03580562770366669,
            0.05500929057598114,
            0.05911841243505478,
            0.055368758738040924,
            0.047454819083213806,
            0.04956670105457306,
            0.05983485281467438,
            0.05779615789651871,
            0.047900646924972534,
            0.043177276849746704,
            0.05900692939758301,
            0.05728176236152649,
            0.035529959946870804,
            0.04983428120613098,
            0.05678572505712509,
            0.05098450183868408,
            0.035129059106111526,
            0.050879351794719696,
            0.056408703327178955,
            0.047900035977363586,
            0.03692958503961563,
            0.04571289196610451,
            0.03933115676045418,
            0.04555891454219818
        ],