{"PSNR": [21.400327682495117, 15.51198959350586, 14.313271045684814, 16.25060796737671, 19.507839679718018, 19.849493503570557, 18.096482753753662, 15.513720512390137, 13.975958824157715, 14.292762279510498, 15.371731519699097, 16.24261498451233, 17.025831937789917, 17.87169098854065, 17.44649052619934, 16.425107717514038, 14.817817211151123, 13.648954629898071, 15.271823406219482, 16.979433298110962, 15.817815065383911, 17.07162857055664, 16.004793643951416, 16.346843242645264, 13.83499264717102, 15.265394449234009, 17.122163772583008, 17.00760245323181, 15.713335275650024, 15.369259119033813, 15.883588790893555, 15.388414859771729, 15.914767980575562, 16.800376176834106, 17.36203670501709, 16.84846520423889, 14.951738119125366, 15.109323263168335, 15.475687980651855, 16.07093334197998, 18.935692310333252, 18.239784240722656, 16.564446687698364, 15.43268084526062, 14.572217464447021, 16.477402448654175, 17.484209537506104, 15.14425277709961], "SSIM": [0.880506694316864, 0.6893304586410522, 0.6298573017120361, 0.7263314127922058, 0.7889326810836792, 0.7815410494804382, 0.7623966932296753, 0.6591626405715942, 0.6243191957473755, 0.6350728869438171, 0.6789431571960449, 0.7423909902572632, 0.7499141097068787, 0.7147773504257202, 0.717279314994812, 0.7013572454452515, 0.6424035429954529, 0.6192326545715332, 0.6697677373886108, 0.7558991312980652, 0.6749297380447388, 0.7121817469596863, 0.6701384782791138, 0.7332684397697449, 0.6356961131095886, 0.685300350189209, 0.7439891695976257, 0.7799994349479675, 0.7117120027542114, 0.6520901918411255, 0.6765098571777344, 0.6746112704277039, 0.7398545742034912, 0.758661687374115, 0.7552307844161987, 0.775373637676239, 0.6458671689033508, 0.6406159400939941, 0.6811256408691406, 0.7331517934799194, 0.8083705902099609, 0.7954779863357544, 0.753201425075531, 0.6887277364730835, 0.6303419470787048, 0.7365672588348389, 0.7755082845687866, 0.6739493608474731], "MSE": [0.007243814878165722, 0.02810612879693508, 0.037040166556835175, 0.023710420355200768, 0.011199947446584702, 0.010352632030844688, 0.015500715002417564, 0.028094928711652756, 0.040031712502241135, 0.037215497344732285, 0.029028654098510742, 0.023754095658659935, 0.01983429491519928, 0.016324160620570183, 0.018003253266215324, 0.022776618599891663, 0.03297754377126694, 0.04316230118274689, 0.029704183340072632, 0.020047340542078018, 0.026195010170340538, 0.01962624303996563, 0.025091160088777542, 0.023190796375274658, 0.041352398693561554, 0.029748190194368362, 0.019399195909500122, 0.019917728379368782, 0.026832833886146545, 0.029045183211565018, 0.025801271200180054, 0.028917348012328148, 0.025616701692342758, 0.020891156047582626, 0.018356774002313614, 0.020661108195781708, 0.03197615593671799, 0.0308366846293211, 0.028342045843601227, 0.024711932986974716, 0.012777058407664299, 0.01499759778380394, 0.02205744944512844, 0.02862410806119442, 0.03489621728658676, 0.02250400185585022, 0.017847565934062004, 0.030589669942855835], "LPIPS": [0.1417716145515442, 0.25501397252082825, 0.36750444769859314, 0.28534555435180664, 0.25229817628860474, 0.2570616900920868, 0.2569284439086914, 0.3450968265533447, 0.3722774088382721, 0.3650505244731903, 0.33657634258270264, 0.24476999044418335, 0.2711188793182373, 0.2887170612812042, 0.28097400069236755, 0.2972935140132904, 0.3604816198348999, 0.37771540880203247, 0.33766406774520874, 0.2831094264984131, 0.3052821159362793, 0.3156106472015381, 0.32456690073013306, 0.3139508366584778, 0.3518965244293213, 0.33287549018859863, 0.2831672430038452, 0.24493654072284698, 0.2987496554851532, 0.3524378836154938, 0.3606506288051605, 0.34377431869506836, 0.28125137090682983, 0.2871212363243103, 0.2701955735683441, 0.31902003288269043, 0.35906386375427246, 0.3708289861679077, 0.35747289657592773, 0.2614651918411255, 0.23739001154899597, 0.2488265186548233, 0.25826382637023926, 0.3205603063106537, 0.3419438898563385, 0.28524452447891235, 0.25307485461235046, 0.2851994037628174]}