{"PSNR": [22.094557285308838, 18.626161813735962, 14.714499711990356, 15.205669403076172, 19.375298023223877, 17.6747989654541, 18.577910661697388, 19.60114359855652, 14.915045499801636, 13.499654531478882, 13.79568099975586, 16.356050968170166, 18.53345036506653, 16.386454105377197, 16.022530794143677, 17.407864332199097, 17.081059217453003, 13.909082412719727, 13.306030035018921, 14.607282876968384, 16.75090193748474, 15.029574632644653, 15.409774780273438, 18.848891258239746, 15.809383392333984, 13.53638768196106, 13.791955709457397, 17.188464403152466, 17.60198473930359, 14.916415214538574, 14.498472213745117, 15.240063667297363, 18.611581325531006, 14.938678741455078, 14.135979413986206, 15.807125568389893, 15.262340307235718, 14.320142269134521, 14.292774200439453, 15.42919397354126, 18.623074293136597, 15.818414688110352, 16.494795083999634, 16.873804330825806, 14.704792499542236, 14.699106216430664, 17.98206329345703, 16.957696676254272], "SSIM": [0.8967055082321167, 0.806108832359314, 0.6264467835426331, 0.6770745515823364, 0.8112244606018066, 0.6867830157279968, 0.7431575655937195, 0.817913293838501, 0.626743495464325, 0.5385522842407227, 0.5733401775360107, 0.7523397207260132, 0.8178485631942749, 0.6310446262359619, 0.6154922246932983, 0.7274159789085388, 0.7176026105880737, 0.5548654198646545, 0.5334035158157349, 0.6408584117889404, 0.6759709119796753, 0.5557153224945068, 0.6159253120422363, 0.7911958694458008, 0.6526637077331543, 0.5558491945266724, 0.5860517621040344, 0.7827825546264648, 0.7598316073417664, 0.5723500847816467, 0.5506646633148193, 0.6335274577140808, 0.7949520945549011, 0.6397573947906494, 0.6136340498924255, 0.7298628687858582, 0.6411034464836121, 0.5635663270950317, 0.5902436971664429, 0.7017978429794312, 0.8215173482894897, 0.7148317098617554, 0.7675685882568359, 0.7991751432418823, 0.6381013989448547, 0.6676751971244812, 0.8313146829605103, 0.8029069304466248], "MSE": [0.006173682864755392, 0.013720938935875893, 0.03377147391438484, 0.030160117894411087, 0.011547031812369823, 0.01708126999437809, 0.013874231837689877, 0.010961896739900112, 0.03224745765328407, 0.0446719154715538, 0.041728418320417404, 0.023141682147979736, 0.014016996137797832, 0.02298024296760559, 0.024988893419504166, 0.01816408522427082, 0.019583668559789658, 0.04065292328596115, 0.04670862480998039, 0.034615591168403625, 0.021130505949258804, 0.031408168375492096, 0.02877548336982727, 0.013034994713962078, 0.02624591253697872, 0.04429566115140915, 0.04176422581076622, 0.01910528913140297, 0.01737007312476635, 0.03223728388547897, 0.03549382835626602, 0.029922205954790115, 0.01376708410680294, 0.03207245469093323, 0.03858354315161705, 0.026259562000632286, 0.02976911887526512, 0.03698160499334335, 0.03721539303660393, 0.028647100552916527, 0.013730696402490139, 0.026191391050815582, 0.022414062172174454, 0.020540907979011536, 0.03384704515337944, 0.03389139100909233, 0.01591452583670616, 0.02014792710542679], "LPIPS": [0.10944526642560959, 0.24031376838684082, 0.3266405165195465, 0.2957850694656372, 0.19328951835632324, 0.2842203378677368, 0.28197789192199707, 0.2363894283771515, 0.3374616205692291, 0.406072735786438, 0.3634195327758789, 0.2713586091995239, 0.23289906978607178, 0.33642837405204773, 0.3587219715118408, 0.32321256399154663, 0.2995394766330719, 0.3945153057575226, 0.42062443494796753, 0.3584791421890259, 0.31565791368484497, 0.37452518939971924, 0.3973512649536133, 0.254645437002182, 0.37229782342910767, 0.40716278553009033, 0.4220840036869049, 0.25781741738319397, 0.275983989238739, 0.38512998819351196, 0.3886983394622803, 0.3686186671257019, 0.27224189043045044, 0.3658216595649719, 0.40933704376220703, 0.33736974000930786, 0.3293261229991913, 0.37297993898391724, 0.359454870223999, 0.3024885058403015, 0.22043609619140625, 0.30904537439346313, 0.2944764196872711, 0.25898993015289307, 0.3371819257736206, 0.31711819767951965, 0.224689319729805, 0.2412194013595581]}