{
    "PSNR": [
        20.56220531463623,
        18.88980746269226,
        14.391740560531616,
        14.742207527160645,
        17.940796613693237,
        16.096816062927246,
        16.845109462738037,
        17.991912364959717,
        14.579365253448486,
        13.21281909942627,
        13.388340473175049,
        15.726079940795898,
        18.225772380828857,
        15.195393562316895,
        15.03016710281372,
        16.322721242904663,
        17.365070581436157,
        13.722412586212158,
        12.934544086456299,
        14.411420822143555,
        15.770313739776611,
        14.435838460922241,
        14.91173267364502,
        17.4194073677063,
        15.711146593093872,
        13.38449239730835,
        13.5895836353302,
        16.8908953666687,
        17.75156021118164,
        14.67165231704712,
        14.393576383590698,
        15.665638446807861,
        18.81445288658142,
        14.94352102279663,
        13.541548252105713,
        15.266280174255371,
        15.263242721557617,
        14.677717685699463,
        15.018647909164429,
        17.71013379096985,
        18.624496459960938,
        15.200937986373901,
        15.49662470817566,
        17.293039560317993,
        15.489214658737183,
        16.25651240348816,
        19.72680687904358,
        18.776627779006958
    ],
    "SSIM": [
        0.8771594762802124,
        0.8120098114013672,
        0.606931209564209,
        0.635779857635498,
        0.7884702682495117,
        0.6522685289382935,
        0.6902235746383667,
        0.8040755987167358,
        0.6348083019256592,
        0.5135200023651123,
        0.5325268507003784,
        0.6853485107421875,
        0.8184635639190674,
        0.6216510534286499,
        0.5707482099533081,
        0.6576830744743347,
        0.7673124670982361,
        0.5447708368301392,
        0.49301430583000183,
        0.6062215566635132,
        0.6760885119438171,
        0.5371516942977905,
        0.5568468570709229,
        0.7379938960075378,
        0.6715878248214722,
        0.5148416757583618,
        0.5433252453804016,
        0.7501360774040222,
        0.744006335735321,
        0.5822309255599976,
        0.5213232636451721,
        0.6057515144348145,
        0.809069812297821,
        0.6159324645996094,
        0.5292978286743164,
        0.6478311419487,
        0.6287541389465332,
        0.55879807472229,
        0.5689441561698914,
        0.712678074836731,
        0.797691285610199,
        0.6390554904937744,
        0.6531729102134705,
        0.7479967474937439,
        0.633098840713501,
        0.6580166816711426,
        0.8077605962753296,
        0.7828335762023926
    ],
    "MSE": [
        0.008785765618085861,
        0.012912765145301819,
        0.03637692704796791,
        0.033556707203388214,
        0.01606646738946438,
        0.024565093219280243,
        0.020677078515291214,
        0.015878478065133095,
        0.03483882546424866,
        0.04772195219993591,
        0.04583170264959335,
        0.02675420604646206,
        0.01504606008529663,
        0.030231565237045288,
        0.031403880566358566,
        0.023319970816373825,
        0.018343955278396606,
        0.042438387870788574,
        0.0508798211812973,
        0.03621245175600052,
        0.026483096182346344,
        0.036009423434734344,
        0.03227207064628601,
        0.018115870654582977,
        0.02684636414051056,
        0.04587233066558838,
        0.04375641047954559,
        0.020460233092308044,
        0.016782015562057495,
        0.034106314182281494,
        0.03636155277490616,
        0.027129149064421654,
        0.013138770125806332,
        0.032036710530519485,
        0.044243067502975464,
        0.029742127284407616,
        0.029762938618659973,
        0.034058716148138046,
        0.03148728609085083,
        0.016942854970693588,
        0.01372619904577732,
        0.030192997306585312,
        0.028205743059515953,
        0.018650738522410393,
        0.028253912925720215,
        0.02367820404469967,
        0.010649261996150017,
        0.013253706507384777
    ],
    "LPIPS": [
        0.18203607201576233,
        0.278963178396225,
        0.3541247248649597,
        0.36240580677986145,
        0.29648324847221375,
        0.36072254180908203,
        0.33748751878738403,
        0.2760850787162781,
        0.33743807673454285,
        0.42961385846138,
        0.42987632751464844,
        0.3382720947265625,
        0.2451348602771759,
        0.39003655314445496,
        0.42336010932922363,
        0.3701089024543762,
        0.29454541206359863,
        0.39723658561706543,
        0.4491039216518402,
        0.37311917543411255,
        0.32260507345199585,
        0.4386463165283203,
        0.40797242522239685,
        0.2925804853439331,
        0.3386666178703308,
        0.441572368144989,
        0.42848408222198486,
        0.2983477711677551,
        0.30286434292793274,
        0.4106772840023041,
        0.4309912323951721,
        0.38344717025756836,
        0.23603057861328125,
        0.37209993600845337,
        0.4475901424884796,
        0.37443578243255615,
        0.35141628980636597,
        0.4183376133441925,
        0.39877814054489136,
        0.30033040046691895,
        0.2818555235862732,
        0.37266767024993896,
        0.37330299615859985,
        0.3143264949321747,
        0.35453933477401733,
        0.34395331144332886,
        0.2661522328853607,
        0.2614816427230835
    ],
    "complexity": {
        "normal_roughness": [
            0.045791298151016235,
            0.032026298344135284,
            0.04623790085315704,
            0.04640498384833336,
            0.04847550019621849,
            0.05360189452767372,
            0.04746793583035469,
            0.03399243950843811,
            0.04210464656352997,
            0.05295329540967941,
            0.0556948259472847,
            0.04299284517765045,
            0.03776705265045166,
            0.05547507479786873,
            0.05962171405553818,
            0.04766741394996643,
            0.03633057326078415,
            0.055094070732593536,
            0.05899132043123245,
            0.04958764463663101,
            0.05149618163704872,
            0.061846666038036346,
            0.058867961168289185,
            0.04245536029338837,
            0.051350198686122894,
            0.05979263037443161,
            0.057800643146038055,
            0.03949258103966713,
            0.040032435208559036,
            0.05719984322786331,
            0.06221518665552139,
            0.054475780576467514,
            0.03666023910045624,
            0.05614752694964409,
            0.060325607657432556,
            0.05135995149612427,
            0.047257546335458755,
            0.058790937066078186,
            0.056025005877017975,
            0.04697040468454361,
            0.04480832815170288,
            0.05299339443445206,
            0.05137982964515686,
            0.03598608076572418,
            0.048662178218364716,
            0.04659348726272583,
            0.03911043703556061,
            0.03529883921146393
        ],