{"PSNR": [23.043570518493652, 19.3380069732666, 17.873305082321167, 18.820279836654663, 20.07636547088623, 17.025655508041382, 16.29441261291504, 17.3217511177063, 17.078514099121094, 14.590861797332764, 15.32626748085022, 18.640159368515015, 19.530975818634033, 16.98652982711792, 15.236597061157227, 15.345686674118042, 18.302836418151855, 13.99862289428711, 13.634394407272339, 15.623441934585571, 18.188819885253906, 15.436513423919678, 14.635089635848999, 15.874899625778198, 16.263924837112427, 13.347148895263672, 14.265689849853516, 17.66094446182251, 19.52169895172119, 16.289098262786865, 14.896042346954346, 15.085947513580322, 18.560729026794434, 14.608328342437744, 14.06793475151062, 15.796520709991455, 17.71430492401123, 15.634915828704834, 15.391260385513306, 17.244547605514526, 19.27013635635376, 15.444579124450684, 15.730388164520264, 17.9999840259552, 17.684330940246582, 17.725297212600708, 17.76953935623169, 17.71541118621826], "SSIM": [0.8958770632743835, 0.7890297174453735, 0.7184674143791199, 0.7519636154174805, 0.8051652908325195, 0.6737126111984253, 0.6551790833473206, 0.7357715368270874, 0.7201377749443054, 0.5881212949752808, 0.6161074638366699, 0.7540843486785889, 0.8238539099693298, 0.6823477149009705, 0.5846260786056519, 0.6268393397331238, 0.7752045392990112, 0.5824638605117798, 0.5315902233123779, 0.6260849237442017, 0.7524160742759705, 0.6129814982414246, 0.5629165172576904, 0.6879748106002808, 0.7299901843070984, 0.5452147722244263, 0.5619237422943115, 0.745898425579071, 0.8290133476257324, 0.6715790629386902, 0.5924006700515747, 0.6255792379379272, 0.8140980005264282, 0.6491991281509399, 0.5793111324310303, 0.6688714027404785, 0.7669481635093689, 0.6530600786209106, 0.6482412219047546, 0.7468604445457458, 0.8376433253288269, 0.677050769329071, 0.6892342567443848, 0.785018801689148, 0.7708761096000671, 0.7713899612426758, 0.8156203031539917, 0.797085165977478], "MSE": [0.00496184267103672, 0.011646606028079987, 0.016318097710609436, 0.01312115415930748, 0.009825697168707848, 0.019835105165839195, 0.023472469300031662, 0.018527846783399582, 0.019595151767134666, 0.03474672883749008, 0.029334139078855515, 0.013676788657903671, 0.01114044338464737, 0.020014602690935135, 0.02994609996676445, 0.02920326218008995, 0.014781433157622814, 0.03982334956526756, 0.04330725222826004, 0.027394026517868042, 0.015174627304077148, 0.028598856180906296, 0.03439466282725334, 0.025852948427200317, 0.02363782748579979, 0.04626847803592682, 0.037448205053806305, 0.017135843634605408, 0.011164265684783459, 0.023501208052039146, 0.03238886594772339, 0.031003113836050034, 0.013929235748946667, 0.034607261419296265, 0.03919282555580139, 0.02632376179099083, 0.01692659594118595, 0.027321744710206985, 0.028898408636450768, 0.018860159441828728, 0.011830044910311699, 0.028545793145895004, 0.026727672666311264, 0.01584899052977562, 0.017043817788362503, 0.01688380539417267, 0.016712678596377373, 0.016922282055020332], "LPIPS": [0.14628443121910095, 0.23502615094184875, 0.2847824692726135, 0.2758983373641968, 0.14871764183044434, 0.2434331178665161, 0.2877849042415619, 0.2770034670829773, 0.32101359963417053, 0.35412684082984924, 0.3479083180427551, 0.26693183183670044, 0.19622251391410828, 0.25405341386795044, 0.316867470741272, 0.321935772895813, 0.2768406867980957, 0.3737918436527252, 0.3768188953399658, 0.31453096866607666, 0.23138511180877686, 0.33173322677612305, 0.3586355447769165, 0.29677367210388184, 0.27538320422172546, 0.3400420844554901, 0.3344615697860718, 0.25540733337402344, 0.22940221428871155, 0.31948500871658325, 0.3498607873916626, 0.34086331725120544, 0.2209516018629074, 0.2953677773475647, 0.3063920736312866, 0.28000277280807495, 0.26692935824394226, 0.31309619545936584, 0.3180888295173645, 0.2530805170536041, 0.1909508854150772, 0.2621645927429199, 0.2812767028808594, 0.2546234726905823, 0.2774674892425537, 0.2553351819515228, 0.21761849522590637, 0.2050732970237732]}