{"PSNR": [20.786516666412354, 16.280477046966553, 14.739013910293579, 14.10892367362976, 16.84122323989868, 14.636839628219604, 13.956035375595093, 15.151205062866211, 14.356372356414795, 12.965656518936157, 12.996617555618286, 13.85714054107666, 14.784115552902222, 14.922869205474854, 13.06416630744934, 13.891401290893555, 13.552162647247314, 13.522834777832031, 12.582547664642334, 13.737995624542236, 16.144121885299683, 13.76315951347351, 12.895309925079346, 13.194046020507812, 15.769790410995483, 12.48727560043335, 12.961151599884033, 14.539546966552734, 15.740752220153809, 15.371085405349731, 13.225537538528442, 12.7823007106781, 13.466495275497437, 14.400867223739624, 12.416274547576904, 13.759030103683472, 15.460541248321533, 14.393589496612549, 13.384203910827637, 13.68993878364563, 15.531597137451172, 15.0539231300354, 14.047268629074097, 16.534435749053955, 14.98331904411316, 15.309909582138062, 16.499909162521362, 15.874300003051758], "SSIM": [0.8730940818786621, 0.706706702709198, 0.6437842845916748, 0.5952680110931396, 0.7020553946495056, 0.6220285892486572, 0.6477432250976562, 0.6827490329742432, 0.6411253213882446, 0.5744895935058594, 0.5467312932014465, 0.5843893885612488, 0.6206612586975098, 0.6204879879951477, 0.5968862175941467, 0.6760398745536804, 0.6388541460037231, 0.6076475977897644, 0.5611882209777832, 0.5974546074867249, 0.6557139754295349, 0.6215035915374756, 0.6067097187042236, 0.6459603309631348, 0.6995048522949219, 0.581672191619873, 0.5738118886947632, 0.6513457894325256, 0.6582976579666138, 0.67128586769104, 0.6133627891540527, 0.6390887498855591, 0.6249327063560486, 0.6315549612045288, 0.5739926099777222, 0.610466718673706, 0.6634440422058105, 0.6527789831161499, 0.6471680402755737, 0.6726417541503906, 0.6867300271987915, 0.6774324178695679, 0.6211780309677124, 0.6958348155021667, 0.6570287942886353, 0.705460786819458, 0.7192499041557312, 0.6877874135971069], "MSE": [0.008343502879142761, 0.023547908291220665, 0.033581383526325226, 0.038824662566185, 0.02069558948278427, 0.03438081592321396, 0.04021577909588814, 0.030540738254785538, 0.0366743728518486, 0.05051663517951965, 0.05015777796506882, 0.0411420576274395, 0.03323444724082947, 0.032189421355724335, 0.049383681267499924, 0.040818776935338974, 0.04413505643606186, 0.044434115290641785, 0.05517536401748657, 0.042286377400159836, 0.02429896965622902, 0.042042069137096405, 0.05134156346321106, 0.04792867228388786, 0.026486283168196678, 0.056399136781692505, 0.050569064915180206, 0.03515971451997757, 0.026663966476917267, 0.029032975435256958, 0.047582387924194336, 0.05269505828619003, 0.04501430317759514, 0.036300551146268845, 0.057328760623931885, 0.04208206385374069, 0.028441069647669792, 0.036361437290906906, 0.04587538540363312, 0.04275689646601677, 0.027979528531432152, 0.031232573091983795, 0.039379771798849106, 0.02221040427684784, 0.031744468957185745, 0.02944483421742916, 0.022387683391571045, 0.025856515392661095], "LPIPS": [0.16549891233444214, 0.250735878944397, 0.34946197271347046, 0.3457183837890625, 0.27125251293182373, 0.27833497524261475, 0.3496687412261963, 0.301177442073822, 0.3544446527957916, 0.4063453674316406, 0.3885937035083771, 0.3391512632369995, 0.3366972804069519, 0.30460062623023987, 0.3452678322792053, 0.3458680510520935, 0.349165141582489, 0.3640446066856384, 0.3897048234939575, 0.35941430926322937, 0.305202454328537, 0.3615894317626953, 0.3927367031574249, 0.3665350377559662, 0.29731255769729614, 0.38025549054145813, 0.35212472081184387, 0.34854936599731445, 0.3105427324771881, 0.31153321266174316, 0.3791103661060333, 0.37280386686325073, 0.29905176162719727, 0.3192596137523651, 0.3673914968967438, 0.33815068006515503, 0.34297916293144226, 0.33357131481170654, 0.3156033158302307, 0.28054630756378174, 0.30097314715385437, 0.3197716474533081, 0.31604084372520447, 0.28690585494041443, 0.3226449489593506, 0.28423672914505005, 0.2950335144996643, 0.2723144590854645]}