{
    "PSNR": [
        21.07029676437378,
        18.953758478164673,
        15.980461835861206,
        16.686136722564697,
        18.658647537231445,
        17.512009143829346,
        17.870715856552124,
        18.28545093536377,
        15.095597505569458,
        15.00053882598877,
        16.018599271774292,
        17.69938588142395,
        17.838547229766846,
        16.75761342048645,
        17.077051401138306,
        17.272820472717285,
        16.899166107177734,
        14.74652886390686,
        15.119117498397827,
        16.32372498512268,
        16.148029565811157,
        16.537833213806152,
        17.044402360916138,
        18.989598751068115,
        16.35145902633667,
        15.023512840270996,
        15.36007046699524,
        17.576788663864136,
        16.56815767288208,
        15.759241580963135,
        16.496247053146362,
        17.679041624069214,
        18.16485285758972,
        15.926740169525146,
        15.49386739730835,
        17.120424509048462,
        16.584829092025757,
        16.139652729034424,
        17.13868260383606,
        18.647541999816895,
        18.248883485794067,
        16.496869325637817,
        16.915478706359863,
        18.428256511688232,
        17.351603507995605,
        18.774197101593018,
        19.27248239517212,
        19.728881120681763
    ],
    "SSIM": [
        0.8785468935966492,
        0.8106169700622559,
        0.6692120432853699,
        0.7257471084594727,
        0.7911748886108398,
        0.7176609039306641,
        0.7377907633781433,
        0.7909407615661621,
        0.6199241280555725,
        0.6000363826751709,
        0.6671270132064819,
        0.7664452791213989,
        0.7449048757553101,
        0.6766482591629028,
        0.6643234491348267,
        0.7033305168151855,
        0.7213472127914429,
        0.5887100100517273,
        0.6112064123153687,
        0.6740541458129883,
        0.6505494117736816,
        0.6397772431373596,
        0.6551834344863892,
        0.7936919927597046,
        0.6802953481674194,
        0.5977112054824829,
        0.6233231425285339,
        0.7290660738945007,
        0.6884000301361084,
        0.6065850257873535,
        0.6139768362045288,
        0.7062847018241882,
        0.7850944399833679,
        0.6551011800765991,
        0.6293603777885437,
        0.6911110877990723,
        0.6624314785003662,
        0.6016406416893005,
        0.6496186256408691,
        0.7741804122924805,
        0.7851141691207886,
        0.7060139179229736,
        0.693771481513977,
        0.7694751024246216,
        0.6743748188018799,
        0.7434369921684265,
        0.8272129893302917,
        0.7994674444198608
    ],
    "MSE": [
        0.00781574472784996,
        0.012724014930427074,
        0.02523212693631649,
        0.021447977051138878,
        0.013618690893054008,
        0.01773369312286377,
        0.016327831894159317,
        0.01484072208404541,
        0.030934300273656845,
        0.03161885589361191,
        0.025011520832777023,
        0.016984838992357254,
        0.0164492167532444,
        0.021097874268889427,
        0.01960175111889839,
        0.01873777247965336,
        0.020421303808689117,
        0.033523328602313995,
        0.030767221003770828,
        0.023314576596021652,
        0.02427711710333824,
        0.02219303511083126,
        0.019749663770198822,
        0.01261944230645895,
        0.02316616289317608,
        0.03145203739404678,
        0.029106706380844116,
        0.01747114211320877,
        0.022038612514734268,
        0.026550693437457085,
        0.022406568750739098,
        0.017064591869711876,
        0.015258598141372204,
        0.025546183809638023,
        0.028223654255270958,
        0.019406963139772415,
        0.02195417694747448,
        0.02432398498058319,
        0.01932554692029953,
        0.013653556816279888,
        0.014966204762458801,
        0.022403359413146973,
        0.020344741642475128,
        0.014360656961798668,
        0.018400929868221283,
        0.013261127285659313,
        0.011823654174804688,
        0.010644173249602318
    ],
    "LPIPS": [
        0.17545540630817413,
        0.201901376247406,
        0.31196659803390503,
        0.2771766781806946,
        0.23533132672309875,
        0.2722524404525757,
        0.240595281124115,
        0.26084285974502563,
        0.33201736211776733,
        0.3970225751399994,
        0.33532851934432983,
        0.24790683388710022,
        0.23785074055194855,
        0.33954930305480957,
        0.34501779079437256,
        0.28282076120376587,
        0.3033907115459442,
        0.38579806685447693,
        0.4167470335960388,
        0.3173961043357849,
        0.34832412004470825,
        0.3840102255344391,
        0.3557431697845459,
        0.22843003273010254,
        0.3229484558105469,
        0.3996136486530304,
        0.3859269320964813,
        0.28794094920158386,
        0.3245241045951843,
        0.3970301151275635,
        0.38545018434524536,
        0.30122876167297363,
        0.23362739384174347,
        0.3419160544872284,
        0.3834227919578552,
        0.3023260533809662,
        0.33712244033813477,
        0.38598671555519104,
        0.348489910364151,
        0.2464989274740219,
        0.25651681423187256,
        0.2978511452674866,
        0.26135796308517456,
        0.295671671628952,
        0.31914782524108887,
        0.27085959911346436,
        0.20869603753089905,
        0.22580239176750183
    ],
    "complexity": {
        "normal_roughness": [
            0.050889335572719574,
            0.04107172042131424,
            0.04599685221910477,
            0.03769143298268318,
            0.05296698212623596,
            0.05782230943441391,
            0.05110251158475876,
            0.03287200629711151,
            0.04819358512759209,
            0.05568592995405197,
            0.048262618482112885,
            0.03476481884717941,
            0.045370329171419144,
            0.061087556183338165,
            0.05999002605676651,
            0.04329157620668411,
            0.0382515974342823,
            0.0557972714304924,
            0.0578974112868309,
            0.044459447264671326,
            0.053795285522937775,
            0.0618346631526947,
            0.05484173446893692,
            0.03422234207391739,
            0.049447253346443176,
            0.05918186157941818,
            0.05630821734666824,
            0.03349236026406288,
            0.0439729169011116,
            0.05869188532233238,
            0.06042411923408508,
            0.04405655711889267,
            0.045918744057416916,
            0.05698971450328827,
            0.05931955575942993,
            0.04664415121078491,
            0.05066923052072525,
            0.05589720979332924,
            0.05316440761089325,
            0.03599679097533226,
            0.053491197526454926,
            0.05746582895517349,
            0.05159527808427811,
            0.03515033423900604,
            0.04555823281407356,
            0.039309557527303696,
            0.047752998769283295,
            0.038302283734083176
        ],