{"PSNR": [20.241549015045166, 17.33465313911438, 17.012696266174316, 18.77856969833374, 16.485772132873535, 15.555670261383057, 15.417462587356567, 17.02844262123108, 16.533825397491455, 15.812768936157227, 16.637550592422485, 18.29619288444519, 16.782902479171753, 14.690340757369995, 14.297702312469482, 15.484294891357422, 16.273183822631836, 15.244661569595337, 15.451874732971191, 17.626197338104248, 15.267188549041748, 14.075498580932617, 14.439171552658081, 16.987712383270264, 15.265111923217773, 15.00751256942749, 16.010069847106934, 18.550225496292114, 17.63131856918335, 14.652445316314697, 14.112930297851562, 16.035724878311157, 16.134846210479736, 15.179626941680908, 15.497390031814575, 16.950137615203857, 17.266011238098145, 14.85278606414795, 15.270634889602661, 18.175628185272217, 16.16154432296753, 16.11954689025879, 16.58720374107361, 19.30140256881714, 17.299598455429077, 18.098653554916382, 17.739981412887573, 18.960399627685547], "SSIM": [0.8791830539703369, 0.8050815463066101, 0.7398455142974854, 0.8010567426681519, 0.7382421493530273, 0.6947392225265503, 0.7025599479675293, 0.8019987940788269, 0.7294391393661499, 0.6723617911338806, 0.7025883197784424, 0.8009950518608093, 0.7610599994659424, 0.6341344714164734, 0.63134765625, 0.7248565554618835, 0.7303745746612549, 0.661001443862915, 0.6474671363830566, 0.7394306063652039, 0.6744384765625, 0.6094114780426025, 0.6577554941177368, 0.8007810115814209, 0.675877571105957, 0.631922721862793, 0.6708453893661499, 0.7870116233825684, 0.7674562335014343, 0.6446225643157959, 0.62358558177948, 0.7384214401245117, 0.7595208883285522, 0.6588764786720276, 0.6591606140136719, 0.7089509963989258, 0.7458404302597046, 0.6418022513389587, 0.6690338850021362, 0.797857940196991, 0.7262194156646729, 0.7056480646133423, 0.7085286378860474, 0.8063923120498657, 0.7243716716766357, 0.7659138441085815, 0.7751097679138184, 0.7998618483543396], "MSE": [0.009459001012146473, 0.018472883850336075, 0.019894376397132874, 0.01324777863919735, 0.02246067300438881, 0.027824856340885162, 0.028724584728479385, 0.0198223814368248, 0.02221352979540825, 0.026225458830595016, 0.021689273416996002, 0.014804055914282799, 0.020975377410650253, 0.03395986184477806, 0.037173181772232056, 0.028285933658480644, 0.023587485775351524, 0.029890548437833786, 0.028497885912656784, 0.017273498699069023, 0.029735907912254333, 0.03912461921572685, 0.03598179668188095, 0.020009156316518784, 0.029750129207968712, 0.031568124890327454, 0.025060689076781273, 0.013962959870696068, 0.017253145575523376, 0.03425748646259308, 0.03878885507583618, 0.024913085624575615, 0.02435091882944107, 0.03034152463078499, 0.028200771659612656, 0.020183026790618896, 0.01876717433333397, 0.03271308168768883, 0.029712315648794174, 0.01522078923881054, 0.024201681837439537, 0.02443685755133629, 0.021942174062132835, 0.011745180003345013, 0.01862259767949581, 0.015492968261241913, 0.016826815903186798, 0.0127045763656497], "LPIPS": [0.14278867840766907, 0.2143901139497757, 0.24961763620376587, 0.19122228026390076, 0.2454170286655426, 0.28044548630714417, 0.2888530492782593, 0.2545541524887085, 0.28470849990844727, 0.3350675106048584, 0.28087764978408813, 0.22125083208084106, 0.2988799214363098, 0.34534141421318054, 0.32869982719421387, 0.33124130964279175, 0.2896770238876343, 0.3696654140949249, 0.35253438353538513, 0.3083387613296509, 0.32893210649490356, 0.3670048117637634, 0.3363878130912781, 0.2649827301502228, 0.35502082109451294, 0.3568187952041626, 0.3516616225242615, 0.29086291790008545, 0.27770936489105225, 0.3501198887825012, 0.3700701892375946, 0.2925616502761841, 0.2876772880554199, 0.3497508764266968, 0.3558017313480377, 0.31944024562835693, 0.2836308777332306, 0.3440551459789276, 0.35134458541870117, 0.21644975244998932, 0.26847538352012634, 0.29125353693962097, 0.3052827715873718, 0.25619515776634216, 0.2733669877052307, 0.22952263057231903, 0.25204965472221375, 0.23202042281627655]}