{"PSNR": [19.758517742156982, 17.788209915161133, 17.121338844299316, 14.64579463005066, 15.606634616851807, 18.179200887680054, 15.546088218688965, 16.235145330429077, 17.504305839538574, 15.100637674331665, 13.36773157119751, 13.50805401802063, 13.918871879577637, 17.880702018737793, 14.928860664367676, 14.600330591201782, 17.022998332977295, 17.03411340713501, 13.672879934310913, 12.963687181472778, 15.875792503356934, 15.602519512176514, 14.098836183547974, 14.849534034729004, 17.28791117668152, 15.68721890449524, 13.210166692733765, 13.330209255218506, 15.16390323638916, 17.04971671104431, 14.272557497024536, 14.221268892288208, 15.726914405822754, 19.18882131576538, 14.918466806411743, 13.865857124328613, 18.287954330444336, 14.935065507888794, 14.334790706634521, 15.054360628128052, 17.608718872070312, 20.173747539520264, 16.133073568344116, 16.40323042869568, 16.949117183685303, 15.661550760269165, 18.72872829437256, 20.414423942565918], "SSIM": [0.8769315481185913, 0.793548583984375, 0.7949554324150085, 0.6830980181694031, 0.7261561155319214, 0.8132681846618652, 0.6872570514678955, 0.7059652209281921, 0.7894073724746704, 0.708044707775116, 0.6055716276168823, 0.6090347766876221, 0.6245415210723877, 0.8097323775291443, 0.6628310680389404, 0.6226677894592285, 0.7202068567276001, 0.7810015678405762, 0.6239109039306641, 0.5704059600830078, 0.7317857146263123, 0.7248844504356384, 0.6030099391937256, 0.6262983083724976, 0.7443413138389587, 0.7220565676689148, 0.585946261882782, 0.5785239934921265, 0.6566510200500488, 0.776726484298706, 0.6288282871246338, 0.5952841639518738, 0.6668300628662109, 0.8037635684013367, 0.6743305921554565, 0.6041014790534973, 0.7730263471603394, 0.6609348058700562, 0.6126410961151123, 0.6437218189239502, 0.7406500577926636, 0.828561007976532, 0.7142881155014038, 0.6972247958183289, 0.7414957284927368, 0.6834539771080017, 0.7888121604919434, 0.821568489074707], "MSE": [0.010571783408522606, 0.016640987247228622, 0.01940287835896015, 0.0343099869787693, 0.02750024013221264, 0.015208274126052856, 0.027886323630809784, 0.023794986307621002, 0.01776517927646637, 0.03089841827750206, 0.046049706637859344, 0.04458559677004814, 0.04056138917803764, 0.016290325671434402, 0.03214503824710846, 0.034671053290367126, 0.019847244024276733, 0.01979651302099228, 0.04292517900466919, 0.050539545714855194, 0.02584763430058956, 0.02752631902694702, 0.038914941251277924, 0.03273759037256241, 0.018672775477170944, 0.026994675397872925, 0.04775109142065048, 0.046449288725852966, 0.030451571568846703, 0.019725516438484192, 0.03738903999328613, 0.03783320263028145, 0.026749059557914734, 0.012053631246089935, 0.03222206234931946, 0.04105956107378006, 0.014832166954874992, 0.03209914639592171, 0.036857083439826965, 0.031229421496391296, 0.017343154177069664, 0.009607828222215176, 0.024360863491892815, 0.02289164625108242, 0.020187772810459137, 0.027154698967933655, 0.013400694355368614, 0.00908986758440733], "LPIPS": [0.16664698719978333, 0.20861729979515076, 0.25368255376815796, 0.31788963079452515, 0.28175273537635803, 0.2311091125011444, 0.2901543974876404, 0.2797609865665436, 0.2349761426448822, 0.31142574548721313, 0.3468060791492462, 0.3417235016822815, 0.332201212644577, 0.212096706032753, 0.31404250860214233, 0.33346644043922424, 0.309395968914032, 0.2910665273666382, 0.37122827768325806, 0.3834051787853241, 0.3131086230278015, 0.28119176626205444, 0.3603256940841675, 0.3583637475967407, 0.2715272903442383, 0.2732330858707428, 0.3641124665737152, 0.374419629573822, 0.36972105503082275, 0.2682979106903076, 0.3466726243495941, 0.3590102195739746, 0.33796873688697815, 0.223520427942276, 0.28674036264419556, 0.3314531147480011, 0.23305565118789673, 0.32177674770355225, 0.34927061200141907, 0.3413819968700409, 0.24825450778007507, 0.1900089830160141, 0.282640665769577, 0.26353660225868225, 0.2628108859062195, 0.3201085031032562, 0.23972131311893463, 0.1743822991847992]}