{"PSNR": [19.79300856590271, 15.365477800369263, 13.828341960906982, 14.11716103553772, 16.626908779144287, 17.570836544036865, 16.21373414993286, 15.453991889953613, 14.353388547897339, 13.492436408996582, 13.80250096321106, 14.542744159698486, 16.42425537109375, 17.02512264251709, 15.191969871520996, 14.968645572662354, 15.153632164001465, 14.655016660690308, 14.340280294418335, 14.7139310836792, 16.95778250694275, 15.30158519744873, 14.547730684280396, 14.717069864273071, 15.599898099899292, 14.581941366195679, 14.793057441711426, 15.343338251113892, 16.571292877197266, 15.5758535861969, 14.5599365234375, 15.190623998641968, 15.431289672851562, 15.756254196166992, 15.539296865463257, 15.98469614982605, 16.219979524612427, 14.556397199630737, 14.007221460342407, 14.990193843841553, 16.532676219940186, 16.701780557632446, 16.552540063858032, 17.104638814926147, 15.309404134750366, 15.049974918365479, 16.767479181289673, 17.02010750770569], "SSIM": [0.8514647483825684, 0.6323236227035522, 0.5689176917076111, 0.6180610656738281, 0.6772418022155762, 0.6734058856964111, 0.6158194541931152, 0.6318575739860535, 0.5943267941474915, 0.561404824256897, 0.608524739742279, 0.6331773996353149, 0.666542649269104, 0.6578460335731506, 0.5817804336547852, 0.6193726062774658, 0.6465414762496948, 0.6264176368713379, 0.6135732531547546, 0.6222442388534546, 0.6535167098045349, 0.5984763503074646, 0.5901744365692139, 0.6529144048690796, 0.6734902262687683, 0.6185280680656433, 0.6386973261833191, 0.6541446447372437, 0.6616320610046387, 0.6102888584136963, 0.5880184173583984, 0.6304659843444824, 0.6526596546173096, 0.6672323942184448, 0.6634626388549805, 0.6879691481590271, 0.626407265663147, 0.5731977224349976, 0.5668475031852722, 0.6364666819572449, 0.6893135905265808, 0.7038688659667969, 0.6915766596794128, 0.6901017427444458, 0.5963204503059387, 0.616727352142334, 0.6991228461265564, 0.6867401599884033], "MSE": [0.010488158091902733, 0.029070477932691574, 0.041415780782699585, 0.03875109180808067, 0.021742483600974083, 0.01749509945511818, 0.023912589997053146, 0.02848399244248867, 0.03669958934187889, 0.04474623128771782, 0.04166293889284134, 0.03513383865356445, 0.022781092673540115, 0.01983753591775894, 0.030255412682890892, 0.031851910054683685, 0.030523676425218582, 0.03423721715807915, 0.03681052476167679, 0.03377590700984001, 0.020147530362010002, 0.029501324519515038, 0.0350935161113739, 0.03375149890780449, 0.02754293940961361, 0.034818168729543686, 0.03316608816385269, 0.02921905368566513, 0.022022707387804985, 0.027695849537849426, 0.034995030611753464, 0.03026479110121727, 0.028633274137973785, 0.02656896412372589, 0.02792995795607567, 0.02520754002034664, 0.023878227919340134, 0.035023562610149384, 0.03974457085132599, 0.031694259494543076, 0.022219400852918625, 0.02137085795402527, 0.022118007764220238, 0.019477631896734238, 0.0294482558965683, 0.03126097470521927, 0.02105000428855419, 0.019860457628965378], "LPIPS": [0.13780561089515686, 0.2997767925262451, 0.3685075640678406, 0.35488224029541016, 0.2930411100387573, 0.2801276445388794, 0.3381362557411194, 0.32060348987579346, 0.37921708822250366, 0.3804228901863098, 0.35242122411727905, 0.3179333209991455, 0.3018011152744293, 0.3498922884464264, 0.34961840510368347, 0.35398197174072266, 0.34558379650115967, 0.36934393644332886, 0.34393206238746643, 0.35235828161239624, 0.33245885372161865, 0.3844922184944153, 0.376640260219574, 0.3429453372955322, 0.3151528239250183, 0.34823107719421387, 0.3500257134437561, 0.3112080693244934, 0.3083612620830536, 0.3783775568008423, 0.38543155789375305, 0.33750468492507935, 0.34612688422203064, 0.31472253799438477, 0.32463759183883667, 0.2844776213169098, 0.35154813528060913, 0.3864569664001465, 0.37563467025756836, 0.33066612482070923, 0.2779713273048401, 0.322733610868454, 0.26046863198280334, 0.29354366660118103, 0.356497198343277, 0.34152939915657043, 0.2707464098930359, 0.2975679039955139]}