{"PSNR": [21.557862758636475, 18.335803747177124, 19.2766535282135, 19.62018132209778, 19.36090350151062, 18.524845838546753, 17.205182313919067, 17.21240520477295, 18.365600109100342, 18.439990282058716, 17.432197332382202, 17.033687829971313, 17.10772395133972, 18.47827672958374, 16.96712017059326, 16.378577947616577, 16.67578101158142, 17.175495624542236, 16.006476879119873, 16.14073872566223, 17.670018672943115, 17.04215407371521, 16.37796640396118, 16.32911443710327, 17.75726318359375, 15.613175630569458, 15.420904159545898, 16.335169076919556, 16.77130937576294, 17.28323459625244, 16.400623321533203, 16.475003957748413, 17.138975858688354, 16.03161931037903, 15.138273239135742, 15.517826080322266, 17.16347336769104, 16.84612512588501, 16.75987720489502, 17.059444189071655, 17.671315670013428, 16.041743755340576, 15.371718406677246, 16.139544248580933, 16.926991939544678, 17.60413885116577, 17.0981764793396, 16.33069396018982], "SSIM": [0.8653098940849304, 0.7534894347190857, 0.7653517723083496, 0.7560884356498718, 0.7733293771743774, 0.7312332987785339, 0.6758899092674255, 0.6981697082519531, 0.7382611632347107, 0.7261600494384766, 0.691807746887207, 0.697334885597229, 0.6988478899002075, 0.7301286458969116, 0.647538423538208, 0.6399765014648438, 0.6685492396354675, 0.6780543327331543, 0.6304450035095215, 0.6417018175125122, 0.743748664855957, 0.6603092551231384, 0.6326688528060913, 0.6594364047050476, 0.7031945586204529, 0.6296151876449585, 0.6107097864151001, 0.6676594614982605, 0.7103840708732605, 0.726279616355896, 0.631847620010376, 0.660108208656311, 0.7103745341300964, 0.646075963973999, 0.6143831610679626, 0.6216373443603516, 0.7771172523498535, 0.6914891600608826, 0.6747217178344727, 0.7157496809959412, 0.7570750117301941, 0.6963398456573486, 0.6457844972610474, 0.6971933841705322, 0.7668869495391846, 0.7567200660705566, 0.7825376987457275, 0.7374140024185181], "MSE": [0.006985760293900967, 0.014669648371636868, 0.011812306009232998, 0.010913952253758907, 0.011585365049540997, 0.014044794254004955, 0.019031886011362076, 0.019000260159373283, 0.01456934493035078, 0.01432191114872694, 0.01806260086596012, 0.01979845203459263, 0.0194637980312109, 0.014196207746863365, 0.020104261115193367, 0.02302195131778717, 0.021499184891581535, 0.019162427634000778, 0.025081433355808258, 0.0243179090321064, 0.017100080847740173, 0.0197598934173584, 0.02302519790828228, 0.02328566275537014, 0.01675998978316784, 0.027458854019641876, 0.02870183438062668, 0.023253222927451134, 0.021031444892287254, 0.01869289204478264, 0.022905394434928894, 0.022516435012221336, 0.01932424120604992, 0.024936646223068237, 0.030631817877292633, 0.028068384155631065, 0.019215546548366547, 0.02067224122583866, 0.021086882799863815, 0.019681381061673164, 0.017094973474740982, 0.02487858198583126, 0.029028743505477905, 0.02432459220290184, 0.020290881395339966, 0.017361454665660858, 0.019506637006998062, 0.023277197033166885], "LPIPS": [0.1672591269016266, 0.2751254439353943, 0.2627922296524048, 0.27506840229034424, 0.23580321669578552, 0.28231239318847656, 0.31732726097106934, 0.3228178024291992, 0.2972368001937866, 0.30885186791419983, 0.30513817071914673, 0.2720054090023041, 0.2853081226348877, 0.2874212861061096, 0.34706977009773254, 0.3581952154636383, 0.31132471561431885, 0.3546965718269348, 0.37903106212615967, 0.3572216033935547, 0.27545636892318726, 0.35052990913391113, 0.3801228404045105, 0.3185115158557892, 0.2740749716758728, 0.35947370529174805, 0.3681475520133972, 0.33363446593284607, 0.3028951585292816, 0.29340487718582153, 0.38107091188430786, 0.38616716861724854, 0.2684314548969269, 0.29932600259780884, 0.3453415632247925, 0.3550316095352173, 0.2850322127342224, 0.3290552496910095, 0.3347708284854889, 0.33677220344543457, 0.24303258955478668, 0.3187408447265625, 0.33375173807144165, 0.3233746290206909, 0.26935267448425293, 0.30452609062194824, 0.28863969445228577, 0.26944980025291443]}