{"PSNR": [19.72535729408264, 14.751936197280884, 14.084291458129883, 13.89669418334961, 15.818192958831787, 13.70456576347351, 12.749736309051514, 13.380025625228882, 13.750101327896118, 13.50717306137085, 12.588391304016113, 13.894413709640503, 14.51554536819458, 13.735069036483765, 11.718950271606445, 11.789374351501465, 13.168318271636963, 12.601931095123291, 12.021198272705078, 12.710462808609009, 14.450477361679077, 11.875373125076294, 11.917039155960083, 12.853713035583496, 13.28294038772583, 12.112756967544556, 11.511173248291016, 12.334721088409424, 13.59883189201355, 12.88662075996399, 11.948370933532715, 12.862045764923096, 14.63019609451294, 13.785802125930786, 12.007052898406982, 11.602945327758789, 14.890236854553223, 12.77002215385437, 12.326502799987793, 14.266530275344849, 16.159837245941162, 15.13708233833313, 13.311213254928589, 13.849334716796875, 14.946424961090088, 14.438663721084595, 17.236329317092896, 15.763049125671387], "SSIM": [0.8607347011566162, 0.6232751607894897, 0.5854889750480652, 0.5904555916786194, 0.646642804145813, 0.5717427730560303, 0.5458825826644897, 0.5575937032699585, 0.5520061254501343, 0.5768176317214966, 0.5573209524154663, 0.6196752786636353, 0.5956348776817322, 0.5727186799049377, 0.517133355140686, 0.5136787295341492, 0.5522297620773315, 0.5163094997406006, 0.5390011668205261, 0.5769103765487671, 0.5869610905647278, 0.508062481880188, 0.5187281370162964, 0.5526182055473328, 0.5473618507385254, 0.565222978591919, 0.5557218790054321, 0.541071891784668, 0.54689621925354, 0.5208608508110046, 0.5306195020675659, 0.5524566173553467, 0.5908001661300659, 0.5905598998069763, 0.5940629839897156, 0.5292271375656128, 0.5774177312850952, 0.5331208109855652, 0.5236986875534058, 0.5999229550361633, 0.6727573275566101, 0.6714462041854858, 0.5822117328643799, 0.5431910753250122, 0.5933241248130798, 0.5843270421028137, 0.726834237575531, 0.6361498832702637], "MSE": [0.010652813129127026, 0.03348161280155182, 0.039045486599206924, 0.040769051760435104, 0.02619273215532303, 0.04261314123868942, 0.05309167131781578, 0.04591953754425049, 0.04216866195201874, 0.04459464177489281, 0.0551011860370636, 0.040790461003780365, 0.03535456210374832, 0.04231487959623337, 0.06731393933296204, 0.06623119115829468, 0.04821345955133438, 0.05492965877056122, 0.06278850883245468, 0.053573958575725555, 0.035888247191905975, 0.06493258476257324, 0.06431259959936142, 0.051835667341947556, 0.046957604587078094, 0.061478644609451294, 0.07061266899108887, 0.05841547250747681, 0.04366333410143852, 0.05144438147544861, 0.0638502985239029, 0.05173632130026817, 0.03443344682455063, 0.04182343930006027, 0.0629933625459671, 0.06913620233535767, 0.0324321985244751, 0.05284426733851433, 0.05852612107992172, 0.03744097054004669, 0.024211203679442406, 0.030640214681625366, 0.0466529056429863, 0.041216060519218445, 0.032015301287174225, 0.03598600625991821, 0.01889587566256523, 0.026527423411607742], "LPIPS": [0.1527215540409088, 0.3091411292552948, 0.34362560510635376, 0.32494285702705383, 0.2829628586769104, 0.32160425186157227, 0.38114407658576965, 0.3720526099205017, 0.38014131784439087, 0.37556886672973633, 0.3672291338443756, 0.38571301102638245, 0.3526597023010254, 0.3749610483646393, 0.43725430965423584, 0.43485161662101746, 0.4074908494949341, 0.37979981303215027, 0.4344768524169922, 0.40950682759284973, 0.39200425148010254, 0.4261128604412079, 0.41584694385528564, 0.3721045255661011, 0.4328189194202423, 0.4122329354286194, 0.4120270013809204, 0.3897273540496826, 0.395184189081192, 0.38969647884368896, 0.43101590871810913, 0.4042026996612549, 0.3507861793041229, 0.37729617953300476, 0.4042412042617798, 0.42812323570251465, 0.3633665442466736, 0.40042513608932495, 0.41661107540130615, 0.37976184487342834, 0.29671555757522583, 0.3027316629886627, 0.34839510917663574, 0.38071590662002563, 0.334039568901062, 0.34088489413261414, 0.27777981758117676, 0.3152341842651367]}