{"PSNR": [20.30672788619995, 16.615054607391357, 17.14092493057251, 18.395869731903076, 18.033249378204346, 17.041326761245728, 15.487889051437378, 15.794521570205688, 16.600388288497925, 16.8407940864563, 16.657406091690063, 17.3433518409729, 17.471104860305786, 17.207125425338745, 15.270310640335083, 15.271141529083252, 17.163621187210083, 16.638656854629517, 16.106022596359253, 16.86748743057251, 18.60642671585083, 16.303526163101196, 14.71972107887268, 15.92137336730957, 17.533985376358032, 16.23949646949768, 15.647064447402954, 16.426149606704712, 18.248841762542725, 17.72637963294983, 15.86217999458313, 15.539544820785522, 17.90277600288391, 17.134722471237183, 16.2301242351532, 16.29773497581482, 19.31155800819397, 17.567617893218994, 16.94930672645569, 17.684744596481323, 18.246058225631714, 17.59679675102234, 16.87337636947632, 17.597540616989136, 17.925373315811157, 17.053624391555786, 18.275222778320312, 18.04318070411682], "SSIM": [0.86660236120224, 0.7155102491378784, 0.7300726771354675, 0.7775012254714966, 0.7620226740837097, 0.7383382320404053, 0.658711850643158, 0.6654578447341919, 0.7132902145385742, 0.7124630808830261, 0.7295896410942078, 0.745631217956543, 0.7413479089736938, 0.714301586151123, 0.6446718573570251, 0.6534147262573242, 0.7387628555297852, 0.6909543871879578, 0.6863970160484314, 0.7097350358963013, 0.7552899122238159, 0.6782091856002808, 0.6008998155593872, 0.6999306678771973, 0.7351056933403015, 0.685022234916687, 0.6478563547134399, 0.6542371511459351, 0.7152891159057617, 0.7301343679428101, 0.6486909985542297, 0.6490203142166138, 0.7655892372131348, 0.7450817823410034, 0.6816179752349854, 0.6570388078689575, 0.7639411687850952, 0.7246710062026978, 0.708361804485321, 0.7405427694320679, 0.7895585894584656, 0.7639267444610596, 0.6986824870109558, 0.7019132971763611, 0.7493289709091187, 0.7287012934684753, 0.7851478457450867, 0.7476272583007812], "MSE": [0.0093180937692523, 0.021801916882395744, 0.019315572455525398, 0.014468151144683361, 0.01572805643081665, 0.019763659685850143, 0.028262536972761154, 0.026335883885622025, 0.021875664591789246, 0.02069762721657753, 0.021590333431959152, 0.018435921519994736, 0.017901502549648285, 0.01902337372303009, 0.029714535921812057, 0.029708852991461754, 0.019214890897274017, 0.021683748811483383, 0.024513069540262222, 0.020570805296301842, 0.013783430680632591, 0.023423269391059875, 0.03373090177774429, 0.02557777240872383, 0.017644185572862625, 0.023771164938807487, 0.027245422825217247, 0.02277115359902382, 0.014966349117457867, 0.016879592090845108, 0.02592877671122551, 0.027928367257118225, 0.0162077434360981, 0.01934317871928215, 0.023822512477636337, 0.02345452271401882, 0.011717751622200012, 0.017508070915937424, 0.020186886191368103, 0.017042197287082672, 0.01497594453394413, 0.01739083044230938, 0.02054292894899845, 0.01738785207271576, 0.01612362638115883, 0.019707774743437767, 0.014875715598464012, 0.015692129731178284], "LPIPS": [0.19122278690338135, 0.29909273982048035, 0.2749693989753723, 0.23870891332626343, 0.2535715699195862, 0.21796022355556488, 0.3099812865257263, 0.34495553374290466, 0.3127356171607971, 0.33695828914642334, 0.2711943984031677, 0.27269548177719116, 0.2848415672779083, 0.28398481011390686, 0.3124470114707947, 0.3667347729206085, 0.2939903736114502, 0.3417045772075653, 0.3136238157749176, 0.2890227138996124, 0.2767789959907532, 0.32245558500289917, 0.36869844794273376, 0.32609981298446655, 0.27453839778900146, 0.2987954914569855, 0.3510592579841614, 0.33364808559417725, 0.29444387555122375, 0.3137856125831604, 0.3273566961288452, 0.31727442145347595, 0.30518320202827454, 0.2708290219306946, 0.29461169242858887, 0.3535640239715576, 0.31085288524627686, 0.3109658658504486, 0.31881290674209595, 0.27108824253082275, 0.222979336977005, 0.21029631793498993, 0.30951523780822754, 0.30852293968200684, 0.27977246046066284, 0.2641716003417969, 0.22737018764019012, 0.27641910314559937]}