{"PSNR": [20.950872898101807, 17.719260454177856, 16.830248832702637, 18.193761110305786, 17.60053038597107, 18.623762130737305, 17.940962314605713, 14.942258596420288, 14.44806694984436, 16.076072454452515, 17.152845859527588, 17.030479907989502, 16.044414043426514, 16.900335550308228, 17.233352661132812, 15.925464630126953, 14.012415409088135, 15.173702239990234, 16.95254683494568, 16.440387964248657, 15.910000801086426, 16.95613741874695, 16.739801168441772, 15.114340782165527, 14.795767068862915, 16.38150930404663, 16.660510301589966, 15.21944522857666, 16.095354557037354, 16.50237798690796, 17.267647981643677, 17.044668197631836, 16.002299785614014, 15.644530057907104, 15.908010005950928, 16.63140058517456, 17.008280754089355, 17.657225131988525, 17.203136682510376, 16.99288010597229, 16.419236660003662, 15.889737606048584, 16.770577430725098, 17.056559324264526, 17.915488481521606, 17.442411184310913, 17.51516103744507, 17.778574228286743], "SSIM": [0.8685894012451172, 0.7278510928153992, 0.7102893590927124, 0.7579174041748047, 0.722928524017334, 0.7500883936882019, 0.7448747158050537, 0.6584591865539551, 0.6227931976318359, 0.6744657754898071, 0.7226108312606812, 0.7154495716094971, 0.6457924246788025, 0.6516343355178833, 0.6745882034301758, 0.6872867345809937, 0.5847686529159546, 0.614951491355896, 0.7001866102218628, 0.6770182847976685, 0.6107385158538818, 0.6292820572853088, 0.6922256350517273, 0.6451938152313232, 0.5946242809295654, 0.6562964916229248, 0.6860383749008179, 0.6098589301109314, 0.6433436870574951, 0.6155333518981934, 0.680261492729187, 0.7235196828842163, 0.6654040217399597, 0.6316874027252197, 0.6328920722007751, 0.6717219352722168, 0.6554617881774902, 0.67979896068573, 0.7058370113372803, 0.7302007675170898, 0.6910039782524109, 0.6801401972770691, 0.6781802177429199, 0.6985608339309692, 0.7078989744186401, 0.7424614429473877, 0.7867295145988464, 0.7223066091537476], "MSE": [0.008033648133277893, 0.016907287761569023, 0.020747948437929153, 0.015157374553382397, 0.0173758827149868, 0.013728521764278412, 0.016065850853919983, 0.03204603120684624, 0.03590817376971245, 0.024682706221938133, 0.01926262676715851, 0.01981307938694954, 0.024863287806510925, 0.020415807142853737, 0.018908832222223282, 0.025553686544299126, 0.0396970734000206, 0.03038293868303299, 0.02017183229327202, 0.02269662171602249, 0.025644835084676743, 0.020155157893896103, 0.02118457853794098, 0.03080108016729355, 0.03314541280269623, 0.023006420582532883, 0.02157491259276867, 0.030064603313803673, 0.02457336150109768, 0.0223749577999115, 0.018760105594992638, 0.019748462364077568, 0.025105565786361694, 0.02726132795214653, 0.025656593963503838, 0.021720007061958313, 0.019914619624614716, 0.017150528728961945, 0.019040850922465324, 0.01998535916209221, 0.02280743047595024, 0.025764770805835724, 0.02103499136865139, 0.019694462418556213, 0.01616036519408226, 0.01802017167210579, 0.017720825970172882, 0.01667794957756996], "LPIPS": [0.13681067526340485, 0.3161311447620392, 0.35091882944107056, 0.26513671875, 0.2578354477882385, 0.2605377435684204, 0.23338142037391663, 0.38007140159606934, 0.38725292682647705, 0.3792715072631836, 0.3140992522239685, 0.26206400990486145, 0.33345961570739746, 0.35588333010673523, 0.3469419777393341, 0.33150559663772583, 0.39379486441612244, 0.38877031207084656, 0.3143463134765625, 0.3007827401161194, 0.3745405077934265, 0.39104411005973816, 0.3472679555416107, 0.3590816855430603, 0.37384939193725586, 0.3598805069923401, 0.37217140197753906, 0.35540324449539185, 0.33817610144615173, 0.3904297649860382, 0.33002087473869324, 0.297779381275177, 0.3254135549068451, 0.3672849237918854, 0.3573870062828064, 0.3230515122413635, 0.34919285774230957, 0.33581605553627014, 0.3264114558696747, 0.29544514417648315, 0.29869455099105835, 0.33621078729629517, 0.3176184296607971, 0.326286256313324, 0.31152382493019104, 0.30003830790519714, 0.23225745558738708, 0.30473992228507996]}