{"PSNR": [20.730726718902588, 17.54771113395691, 16.067500114440918, 17.109081745147705, 17.526113986968994, 17.105731964111328, 16.827038526535034, 16.866532564163208, 15.247174501419067, 14.968411922454834, 15.728979110717773, 17.323330640792847, 16.414225101470947, 16.322919130325317, 16.317790746688843, 17.257555723190308, 15.734319686889648, 14.52541708946228, 14.168723821640015, 16.039412021636963, 16.169222593307495, 15.966315269470215, 16.702243089675903, 17.724483013153076, 15.30763030052185, 14.740053415298462, 14.251033067703247, 17.302361726760864, 16.403790712356567, 16.14663600921631, 16.32420301437378, 17.599120140075684, 16.84427261352539, 15.439376831054688, 14.433459043502808, 16.049803495407104, 17.118797302246094, 16.596596240997314, 17.462940216064453, 17.676827907562256, 16.464871168136597, 15.752643346786499, 15.63048005104065, 17.52651810646057, 18.277180194854736, 17.935739755630493, 17.19694972038269, 18.31775426864624], "SSIM": [0.8734720945358276, 0.7490352392196655, 0.6894997954368591, 0.7134964466094971, 0.743300199508667, 0.7265667915344238, 0.7088996171951294, 0.7443975210189819, 0.6453559994697571, 0.6235696077346802, 0.6569256782531738, 0.7178215980529785, 0.6814090013504028, 0.6702860593795776, 0.665397047996521, 0.7216183543205261, 0.6767169833183289, 0.604701042175293, 0.595244288444519, 0.6509232521057129, 0.6570473909378052, 0.619509220123291, 0.6790777444839478, 0.7616001963615417, 0.6362695693969727, 0.6259233951568604, 0.5839450359344482, 0.7274106740951538, 0.6793686747550964, 0.6301190257072449, 0.6410567164421082, 0.7187236547470093, 0.7245132327079773, 0.6641131639480591, 0.6056718230247498, 0.6630792617797852, 0.6805288195610046, 0.6310305595397949, 0.6822330355644226, 0.7409013509750366, 0.712088942527771, 0.6819275617599487, 0.6623243093490601, 0.7347506284713745, 0.7095504999160767, 0.7168697714805603, 0.7507978677749634, 0.753038763999939], "MSE": [0.008451377041637897, 0.017588501796126366, 0.024731477722525597, 0.01945771835744381, 0.01767619326710701, 0.019472729414701462, 0.020763292908668518, 0.020575331524014473, 0.029873257502913475, 0.03185362368822098, 0.026736345142126083, 0.018521107733249664, 0.02283376269042492, 0.023318901658058167, 0.02334645390510559, 0.018803749233484268, 0.0267034899443388, 0.035274289548397064, 0.03829373046755791, 0.024891942739486694, 0.024158930405974388, 0.0253144484013319, 0.02136858180165291, 0.016886966302990913, 0.02946028672158718, 0.03357335180044174, 0.03757481276988983, 0.018610751256346703, 0.02288869395852089, 0.024284904822707176, 0.023312008008360863, 0.01738153025507927, 0.02068106271326542, 0.028580009937286377, 0.036029160022735596, 0.024832457304000854, 0.01941423863172531, 0.021894771605730057, 0.017935197800397873, 0.017073288559913635, 0.02256903052330017, 0.026591062545776367, 0.027349665760993958, 0.01767454668879509, 0.014869007281959057, 0.01608518697321415, 0.019067995250225067, 0.014730742201209068], "LPIPS": [0.14486631751060486, 0.2441701740026474, 0.31868574023246765, 0.2593481242656708, 0.23599758744239807, 0.2889944314956665, 0.28617092967033386, 0.2893531024456024, 0.34834253787994385, 0.3658403754234314, 0.3564695417881012, 0.3023586869239807, 0.30889463424682617, 0.33720889687538147, 0.318725049495697, 0.29028165340423584, 0.32104986906051636, 0.3799368143081665, 0.4026777744293213, 0.37357622385025024, 0.35475122928619385, 0.35974591970443726, 0.3261891007423401, 0.29665467143058777, 0.3485467731952667, 0.38180869817733765, 0.40891963243484497, 0.333273321390152, 0.28749018907546997, 0.36450815200805664, 0.3631123900413513, 0.30173322558403015, 0.3146710693836212, 0.3541766405105591, 0.3802454173564911, 0.35690754652023315, 0.2983548939228058, 0.35123521089553833, 0.3203650414943695, 0.3120233416557312, 0.27729642391204834, 0.3010776937007904, 0.30104947090148926, 0.29159486293792725, 0.27293044328689575, 0.3092685341835022, 0.26535773277282715, 0.21698418259620667]}