{
    "PSNR": [
        20.54257869720459,
        15.889616012573242,
        15.808380842208862,
        17.529805898666382,
        17.052348852157593,
        17.622183561325073,
        15.063832998275757,
        13.899106979370117,
        14.40050721168518,
        15.705926418304443,
        15.543615818023682,
        15.611205101013184,
        14.68912959098816,
        16.612305641174316,
        15.187203884124756,
        13.281651735305786,
        13.858698606491089,
        15.176657438278198,
        14.999130964279175,
        14.440116882324219,
        14.623287916183472,
        15.13480544090271,
        14.220306873321533,
        13.339790105819702,
        14.633628129959106,
        15.669915676116943,
        14.930522441864014,
        13.948060274124146,
        13.877478837966919,
        15.160998106002808,
        14.707028865814209,
        14.049429893493652,
        14.333600997924805,
        15.653592348098755,
        14.567070007324219,
        14.592204093933105,
        14.880526065826416,
        15.95935583114624,
        14.663574695587158,
        15.588477849960327,
        15.77511191368103,
        14.983888864517212,
        14.727538824081421,
        14.215221405029297,
        16.116209030151367,
        17.05057144165039,
        16.713446378707886,
        15.245113372802734
    ],
    "SSIM": [
        0.8535740375518799,
        0.6348132491111755,
        0.6367675065994263,
        0.7283409833908081,
        0.6967880129814148,
        0.7263193130493164,
        0.6068434119224548,
        0.5663983821868896,
        0.5684399604797363,
        0.6160483360290527,
        0.6404706239700317,
        0.6461732983589172,
        0.6328834891319275,
        0.6912073493003845,
        0.6220608949661255,
        0.538418173789978,
        0.6031457185745239,
        0.6192330718040466,
        0.6233465671539307,
        0.6244754791259766,
        0.6190537214279175,
        0.6378291249275208,
        0.60234534740448,
        0.5676424503326416,
        0.6358067393302917,
        0.613741397857666,
        0.6286455988883972,
        0.5864455699920654,
        0.5608127117156982,
        0.6322504878044128,
        0.6635081768035889,
        0.621990442276001,
        0.6290051937103271,
        0.6398361921310425,
        0.5668029189109802,
        0.5834841728210449,
        0.5874843597412109,
        0.6939749121665955,
        0.6449918150901794,
        0.6872726678848267,
        0.6832725405693054,
        0.6144460439682007,
        0.6051669120788574,
        0.5616087913513184,
        0.6864854693412781,
        0.7498583793640137,
        0.7702592611312866,
        0.6253408789634705
    ],
    "MSE": [
        0.008825559169054031,
        0.025765489786863327,
        0.02625196985900402,
        0.017661167308688164,
        0.019713565707206726,
        0.01728947088122368,
        0.03116137906908989,
        0.04074641689658165,
        0.0363035649061203,
        0.02687864564359188,
        0.027902204543352127,
        0.02747131884098053,
        0.03396933525800705,
        0.021815717220306396,
        0.030288629233837128,
        0.046971552073955536,
        0.04112730175256729,
        0.030362270772457123,
        0.031629111617803574,
        0.035973962396383286,
        0.0344882570207119,
        0.03065628372132778,
        0.037841588258743286,
        0.04634692892432213,
        0.03440623730421066,
        0.02710244432091713,
        0.03213274106383324,
        0.04028970003128052,
        0.04094983637332916,
        0.03047195076942444,
        0.033829618245363235,
        0.039360180497169495,
        0.0368671789765358,
        0.027204502373933792,
        0.03493759408593178,
        0.03473598510026932,
        0.032504793256521225,
        0.02535504661500454,
        0.03416980430483818,
        0.027615457773208618,
        0.026453843340277672,
        0.03174030780792236,
        0.03367023169994354,
        0.03788593411445618,
        0.02445564791560173,
        0.019721634685993195,
        0.021313529461622238,
        0.02988743782043457
    ],
    "LPIPS": [
        0.18956950306892395,
        0.295757532119751,
        0.3375186622142792,
        0.27543318271636963,
        0.28697270154953003,
        0.278231680393219,
        0.3458203673362732,
        0.3877469301223755,
        0.3828442096710205,
        0.3514610230922699,
        0.33959877490997314,
        0.31517264246940613,
        0.3636082410812378,
        0.30002397298812866,
        0.3575359284877777,
        0.411153107881546,
        0.3670945465564728,
        0.36801081895828247,
        0.39040687680244446,
        0.3443845212459564,
        0.3771243989467621,
        0.3215893805027008,
        0.3426041305065155,
        0.41958606243133545,
        0.37398332357406616,
        0.3923034071922302,
        0.34353673458099365,
        0.3695991635322571,
        0.3978659510612488,
        0.3587311804294586,
        0.3773656487464905,
        0.3599187135696411,
        0.37327075004577637,
        0.3012252748012543,
        0.36301231384277344,
        0.384249210357666,
        0.4011947214603424,
        0.3146350383758545,
        0.32182741165161133,
        0.3273034691810608,
        0.29064619541168213,
        0.2963968813419342,
        0.3472854495048523,
        0.3863827586174011,
        0.31191208958625793,
        0.25933754444122314,
        0.23715408146381378,
        0.3312467932701111
    ],
    "complexity": {
        "normal_roughness": [
            0.06009541451931,
            0.061107806861400604,
            0.05789664387702942,
            0.05588209629058838,
            0.05272751674056053,
            0.056258171796798706,
            0.060241617262363434,
            0.0587698370218277,
            0.05390094593167305,
            0.04954483360052109,
            0.04563623666763306,
            0.04997563362121582,
            0.03627318888902664,
            0.04314257204532623,
            0.05111604183912277,
            0.0562705397605896,
            0.051259350031614304,
            0.04148516431450844,
            0.03515082970261574,
            0.03650248795747757,
            0.034731607884168625,
            0.03714624047279358,
            0.049127355217933655,
            0.04608447104692459,
            0.03639039024710655,
            0.046885669231414795,
            0.045189470052719116,
            0.04769562929868698,
            0.0513884499669075,
            0.034194279462099075,
            0.03322453796863556,
            0.036021359264850616,
            0.035304658114910126,
            0.046852242201566696,
            0.053633082658052444,
            0.05386659502983093,
            0.049771517515182495,
            0.04450962319970131,
            0.046649180352687836,
            0.04720653221011162,
            0.049237124621868134,
            0.05744433030486107,
            0.0600653700530529,
            0.05782276391983032,
            0.054253969341516495,
            0.05459093302488327,
            0.05731654539704323,
            0.05939289554953575
        ],