{"PSNR": [20.43487548828125, 16.55686378479004, 15.084422826766968, 15.824973583221436, 17.01837420463562, 15.559056997299194, 15.973485708236694, 16.259357929229736, 14.482783079147339, 14.296567440032959, 14.896284341812134, 16.494776010513306, 16.63819909095764, 15.222400426864624, 15.141171216964722, 16.283808946609497, 15.381813049316406, 13.953230381011963, 13.847135305404663, 15.66635251045227, 15.964287519454956, 15.040925741195679, 16.13504648208618, 16.227025985717773, 15.425002574920654, 13.733696937561035, 14.640253782272339, 16.622363328933716, 16.949727535247803, 16.054483652114868, 16.16159677505493, 17.195788621902466, 17.15066432952881, 14.638850688934326, 14.06116247177124, 15.775978565216064, 17.404240369796753, 16.882909536361694, 16.93843960762024, 17.706257104873657, 16.938748359680176, 15.048528909683228, 15.664746761322021, 16.521601676940918, 17.065929174423218, 17.393805980682373, 18.04298162460327, 16.89629554748535], "SSIM": [0.870062530040741, 0.7514263987541199, 0.692043662071228, 0.6855435371398926, 0.7402233481407166, 0.6715530157089233, 0.697887659072876, 0.7205542922019958, 0.6658321619033813, 0.6059712171554565, 0.6183373928070068, 0.6649554967880249, 0.6804581880569458, 0.6166273355484009, 0.6346608400344849, 0.6869297027587891, 0.7129747867584229, 0.5932693481445312, 0.5773825645446777, 0.6101067066192627, 0.6666765213012695, 0.5904268622398376, 0.6608704328536987, 0.718083381652832, 0.6862019300460815, 0.5598266124725342, 0.6053692698478699, 0.6998671293258667, 0.719807505607605, 0.6339960098266602, 0.6464471220970154, 0.7083637118339539, 0.7613332271575928, 0.6247670650482178, 0.5795211791992188, 0.6548305749893188, 0.688818633556366, 0.66814124584198, 0.6760352849960327, 0.7498010993003845, 0.7459352016448975, 0.642137348651886, 0.6819814443588257, 0.7215039134025574, 0.7000150680541992, 0.7380184531211853, 0.7842807769775391, 0.7459840774536133], "MSE": [0.00904716458171606, 0.022096000611782074, 0.03101399540901184, 0.026151861995458603, 0.019868386909365654, 0.027803173288702965, 0.025272687897086143, 0.02366269752383232, 0.03562227636575699, 0.037182893604040146, 0.03238706663250923, 0.022414162755012512, 0.02168603241443634, 0.030044158920645714, 0.03061138093471527, 0.02352984808385372, 0.028961345553398132, 0.04024176299571991, 0.04123695194721222, 0.027124693617224693, 0.025326278060674667, 0.03132617473602295, 0.024349799379706383, 0.023839518427848816, 0.028674757108092308, 0.042328253388404846, 0.03435378521680832, 0.02176525443792343, 0.02018493227660656, 0.0248057059943676, 0.024201391264796257, 0.01907309517264366, 0.019272305071353912, 0.034364886581897736, 0.03925398737192154, 0.02644856832921505, 0.01817924901843071, 0.0204978846013546, 0.02023746445775032, 0.016957983374595642, 0.020236022770404816, 0.03127139061689377, 0.027134720236063004, 0.02227613888680935, 0.01965201273560524, 0.018222985789179802, 0.015692852437496185, 0.020434800535440445], "LPIPS": [0.14466476440429688, 0.22393886744976044, 0.31326574087142944, 0.30943405628204346, 0.24297493696212769, 0.2876965403556824, 0.2504836618900299, 0.2673760652542114, 0.3194352686405182, 0.35407471656799316, 0.3483816385269165, 0.2763676941394806, 0.2930668294429779, 0.3280710279941559, 0.30525487661361694, 0.3061438202857971, 0.29704999923706055, 0.37718260288238525, 0.36643868684768677, 0.3497151732444763, 0.32273221015930176, 0.3305610418319702, 0.3298102617263794, 0.3238120675086975, 0.284342497587204, 0.35373738408088684, 0.35921192169189453, 0.2746683955192566, 0.3061954379081726, 0.32351207733154297, 0.3242688775062561, 0.3186785578727722, 0.24048146605491638, 0.3309341073036194, 0.3421856760978699, 0.33378371596336365, 0.26539498567581177, 0.31193453073501587, 0.3090522885322571, 0.23070985078811646, 0.2782121002674103, 0.3141482174396515, 0.30990877747535706, 0.24847780168056488, 0.292623907327652, 0.30271410942077637, 0.23462840914726257, 0.258273720741272]}