{"PSNR": [20.554187297821045, 18.817912340164185, 18.511431217193604, 18.46575140953064, 19.26941990852356, 20.72162389755249, 20.521681308746338, 19.561065435409546, 18.042234182357788, 17.54928231239319, 17.387735843658447, 18.556392192840576, 18.667515516281128, 20.445446968078613, 19.83054280281067, 18.14953923225403, 19.30163860321045, 17.527097463607788, 17.104263305664062, 17.49256730079651, 19.680708646774292, 18.394416570663452, 17.479984760284424, 17.064756155014038, 19.142061471939087, 17.544374465942383, 17.20850110054016, 18.288488388061523, 20.03549098968506, 17.69853711128235, 17.308284044265747, 16.776881217956543, 17.148972749710083, 19.405890703201294, 18.24302911758423, 18.328241109848022, 17.697691917419434, 16.88407063484192, 16.45018219947815, 16.36793851852417, 17.351880073547363, 18.96019697189331, 20.044193267822266, 20.00586986541748, 16.837451457977295, 16.146315336227417, 16.99296236038208, 18.584226369857788], "SSIM": [0.8572015166282654, 0.8017551302909851, 0.7810021638870239, 0.7676658630371094, 0.7925949096679688, 0.8436047434806824, 0.855218768119812, 0.8313168287277222, 0.7695932388305664, 0.745637834072113, 0.7124309539794922, 0.7591139674186707, 0.7571675181388855, 0.8495243787765503, 0.8069404363632202, 0.7670145034790039, 0.8311354517936707, 0.7671587467193604, 0.7144044637680054, 0.7176002860069275, 0.834713339805603, 0.7834154367446899, 0.7288855314254761, 0.7406960725784302, 0.8390650749206543, 0.7380591630935669, 0.7025270462036133, 0.7477550506591797, 0.8323282599449158, 0.7618367075920105, 0.7243298292160034, 0.7222877740859985, 0.7683920860290527, 0.8198935389518738, 0.7536236047744751, 0.7687579989433289, 0.7643390893936157, 0.734373927116394, 0.7104737162590027, 0.7414745688438416, 0.7739526033401489, 0.7899847030639648, 0.8231393694877625, 0.8374716639518738, 0.7528713941574097, 0.7249130606651306, 0.7577525973320007, 0.800769031047821], "MSE": [0.00880199670791626, 0.013128310441970825, 0.014088246040046215, 0.014237209223210812, 0.011831994168460369, 0.00846911035478115, 0.008868127129971981, 0.011063523590564728, 0.01569555513560772, 0.017582137137651443, 0.01824847236275673, 0.013943145982921124, 0.013590912334620953, 0.009025168605148792, 0.010397900827229023, 0.015312498435378075, 0.011744546703994274, 0.017672182992100716, 0.019479315727949142, 0.01781325787305832, 0.010762895457446575, 0.014472994953393936, 0.01786493882536888, 0.019657324999570847, 0.012184116058051586, 0.017602024599909782, 0.01901734620332718, 0.014830338768661022, 0.00991861242800951, 0.016988161951303482, 0.018585387617349625, 0.021004481241106987, 0.019279811531305313, 0.011465974152088165, 0.014986395835876465, 0.014695212244987488, 0.016991468146443367, 0.02049240842461586, 0.02264549396932125, 0.023078426718711853, 0.018399754539132118, 0.012705168686807156, 0.009898758493363857, 0.009986497461795807, 0.02071356400847435, 0.024286698549985886, 0.019984982907772064, 0.013854069635272026], "LPIPS": [0.1608591377735138, 0.18911796808242798, 0.21878483891487122, 0.1972486674785614, 0.21514356136322021, 0.14163964986801147, 0.21024233102798462, 0.25040003657341003, 0.2468520551919937, 0.2297784388065338, 0.23813697695732117, 0.2202526032924652, 0.24200046062469482, 0.22180607914924622, 0.22996720671653748, 0.28397896885871887, 0.22864407300949097, 0.23975345492362976, 0.27658745646476746, 0.25176024436950684, 0.22243189811706543, 0.2408062070608139, 0.2904345393180847, 0.2977447807788849, 0.2219637632369995, 0.28235408663749695, 0.3103329539299011, 0.2586139738559723, 0.21273168921470642, 0.27396994829177856, 0.289925754070282, 0.27430862188339233, 0.23773479461669922, 0.19961801171302795, 0.27762335538864136, 0.21783334016799927, 0.2661189138889313, 0.2822534143924713, 0.24940186738967896, 0.25634926557540894, 0.2006465494632721, 0.20850861072540283, 0.17791777849197388, 0.21327584981918335, 0.23109087347984314, 0.2189224660396576, 0.25570470094680786, 0.21426932513713837]}