{"PSNR": [19.627716541290283, 17.85860538482666, 14.028044939041138, 14.217215776443481, 19.963932037353516, 16.42591953277588, 15.547152757644653, 16.69669508934021, 14.491080045700073, 13.044952154159546, 13.151693344116211, 14.827039241790771, 18.235410451889038, 16.26564860343933, 14.656776189804077, 14.876582622528076, 16.096653938293457, 13.576451539993286, 12.88824200630188, 13.746551275253296, 17.230056524276733, 14.794166088104248, 14.130305051803589, 14.950493574142456, 15.279103517532349, 13.51549506187439, 13.457762002944946, 15.879414081573486, 18.64031672477722, 15.500868558883667, 14.197255373001099, 14.281798601150513, 15.916643142700195, 15.214910507202148, 14.153776168823242, 15.06685733795166, 16.28913402557373, 14.645347595214844, 14.374382495880127, 14.845606088638306, 17.108874320983887, 16.687427759170532, 16.150764226913452, 18.150850534439087, 15.704721212387085, 15.337295532226562, 18.073278665542603, 18.131781816482544], "SSIM": [0.8492829203605652, 0.8107857704162598, 0.6624835729598999, 0.6344382762908936, 0.8198766708374023, 0.7114579677581787, 0.7037588357925415, 0.8055723905563354, 0.7106844186782837, 0.5993555784225464, 0.583814799785614, 0.6616749167442322, 0.800743818283081, 0.7034003138542175, 0.6298595666885376, 0.6769000291824341, 0.7870429754257202, 0.646859884262085, 0.5747945308685303, 0.617970883846283, 0.7518200874328613, 0.6276659965515137, 0.6114189624786377, 0.692447304725647, 0.7600376605987549, 0.6275744438171387, 0.6063252687454224, 0.718498706817627, 0.7936868667602539, 0.6619212627410889, 0.6027189493179321, 0.6372639536857605, 0.7626986503601074, 0.7366175651550293, 0.6568970084190369, 0.6859873533248901, 0.6988528966903687, 0.6332418322563171, 0.6297861337661743, 0.6919820308685303, 0.8241883516311646, 0.7848047018051147, 0.7468924522399902, 0.8030966520309448, 0.6939317584037781, 0.6947702169418335, 0.8278055191040039, 0.8124469518661499], "MSE": [0.010895026847720146, 0.016373425722122192, 0.03955446928739548, 0.037868525832891464, 0.010083397850394249, 0.02277236059308052, 0.027879483997821808, 0.02139589749276638, 0.03555428609251976, 0.04960264265537262, 0.04839835688471794, 0.03290758654475212, 0.015012706629931927, 0.02362844906747341, 0.034223344177007675, 0.03253432363271713, 0.024566009640693665, 0.043888919055461884, 0.05142518877983093, 0.0422031506896019, 0.018923191353678703, 0.03315763175487518, 0.03863398730754852, 0.0319853201508522, 0.02965444140136242, 0.04450927674770355, 0.04510491341352463, 0.025826087221503258, 0.013676292262971401, 0.028178200125694275, 0.038042984902858734, 0.037309568375349045, 0.025605645030736923, 0.030096007511019707, 0.038425758481025696, 0.031139686703681946, 0.023501016199588776, 0.03431352227926254, 0.03652261197566986, 0.03276720643043518, 0.019458644092082977, 0.02144160121679306, 0.024261832237243652, 0.015307880006730556, 0.02688610553741455, 0.02925974130630493, 0.01558375358581543, 0.01537524163722992], "LPIPS": [0.1625189185142517, 0.23431022465229034, 0.31078821420669556, 0.3564266860485077, 0.19892999529838562, 0.2785969078540802, 0.2730381488800049, 0.26862627267837524, 0.3429047465324402, 0.38869720697402954, 0.3932194113731384, 0.290280282497406, 0.2977578043937683, 0.296772301197052, 0.34857016801834106, 0.30843061208724976, 0.3337557911872864, 0.36497700214385986, 0.40409860014915466, 0.3651482164859772, 0.2985137104988098, 0.3584098815917969, 0.36111611127853394, 0.3350197672843933, 0.30900371074676514, 0.3492022752761841, 0.39540037512779236, 0.317960262298584, 0.3296116292476654, 0.3584411144256592, 0.3603559136390686, 0.3418053686618805, 0.3212714195251465, 0.2947945296764374, 0.33562636375427246, 0.33492591977119446, 0.3063248097896576, 0.37590378522872925, 0.36946046352386475, 0.3016289472579956, 0.23801866173744202, 0.243851438164711, 0.26066315174102783, 0.2598811388015747, 0.3004213273525238, 0.3254600763320923, 0.21689817309379578, 0.24652767181396484]}