{"PSNR": [20.47480821609497, 17.16736674308777, 17.51588225364685, 17.50038504600525, 17.87893772125244, 18.78870964050293, 16.9985032081604, 16.028084754943848, 16.48410201072693, 16.577575206756592, 16.32305383682251, 16.957446336746216, 17.06999182701111, 17.744123935699463, 17.08110213279724, 15.196976661682129, 15.057933330535889, 17.063053846359253, 16.452730894088745, 16.488627195358276, 17.312506437301636, 17.613747119903564, 15.767598152160645, 14.737915992736816, 16.01751208305359, 17.298072576522827, 16.509053707122803, 16.719753742218018, 17.50965714454651, 17.250676155090332, 16.584179401397705, 15.51952838897705, 15.543553829193115, 15.540400743484497, 17.009315490722656, 17.04222798347473, 17.07084894180298, 16.393438577651978, 16.144410371780396, 16.408969163894653, 15.975375175476074, 15.919326543807983, 16.454486846923828, 17.665399312973022, 17.0235538482666, 17.37813115119934, 16.492987871170044, 16.765211820602417], "SSIM": [0.8589209318161011, 0.6781286001205444, 0.7058895826339722, 0.7292002439498901, 0.7088024020195007, 0.7549776434898376, 0.6732274889945984, 0.6226138472557068, 0.6568942666053772, 0.6583468317985535, 0.6573635339736938, 0.671731173992157, 0.6473979949951172, 0.6785795092582703, 0.675722599029541, 0.6112673282623291, 0.6313266158103943, 0.6945199966430664, 0.6462035179138184, 0.6280720829963684, 0.6149609088897705, 0.6765550374984741, 0.6213761568069458, 0.5806010961532593, 0.6415212750434875, 0.6753109693527222, 0.6287122964859009, 0.6562095880508423, 0.6600017547607422, 0.6623448133468628, 0.662125825881958, 0.6170961856842041, 0.6311569809913635, 0.6143665313720703, 0.6713547706604004, 0.6697759032249451, 0.6737308502197266, 0.6398760080337524, 0.6710924506187439, 0.6936487555503845, 0.6784458160400391, 0.6297695636749268, 0.6229928731918335, 0.677863359451294, 0.6928488612174988, 0.7553287744522095, 0.727393627166748, 0.6716453433036804], "MSE": [0.008964361622929573, 0.019198328256607056, 0.017717882990837097, 0.017781220376491547, 0.016296951100230217, 0.013216882944107056, 0.019959505647420883, 0.024956954643130302, 0.02246931754052639, 0.021990876644849777, 0.023318177089095116, 0.02014908939599991, 0.019633641466498375, 0.01681077480316162, 0.019583478569984436, 0.030220549553632736, 0.031203743070364, 0.019665034487843513, 0.022632207721471786, 0.0224459171295166, 0.01856733113527298, 0.01732308603823185, 0.026499655097723007, 0.03358987718820572, 0.025017786771059036, 0.01862913742661476, 0.02234058640897274, 0.02128259837627411, 0.017743296921253204, 0.01883356086909771, 0.021957462653517723, 0.028057381510734558, 0.027902599424123764, 0.027922866865992546, 0.019909871742129326, 0.019759561866521835, 0.019629765301942825, 0.022943314164876938, 0.024297356605529785, 0.0228614192456007, 0.02526169642806053, 0.025589831173419952, 0.022623060271143913, 0.01711827889084816, 0.019844703376293182, 0.018288876861333847, 0.02242339216172695, 0.021060992032289505], "LPIPS": [0.14962492883205414, 0.304116427898407, 0.28736412525177, 0.28678590059280396, 0.3027772307395935, 0.2449416220188141, 0.2960442900657654, 0.3623414933681488, 0.32116037607192993, 0.34909576177597046, 0.33654576539993286, 0.3353606164455414, 0.3418869078159332, 0.3456156253814697, 0.3077438771724701, 0.3710111379623413, 0.3547229468822479, 0.31811773777008057, 0.34219756722450256, 0.3850339651107788, 0.358941912651062, 0.35513103008270264, 0.35037216544151306, 0.40151140093803406, 0.3918013572692871, 0.35107922554016113, 0.3525315523147583, 0.3531211316585541, 0.3612973690032959, 0.3841504454612732, 0.32059067487716675, 0.3560772240161896, 0.3599590063095093, 0.3301374018192291, 0.32978102564811707, 0.332018107175827, 0.3289068639278412, 0.3567422032356262, 0.32746565341949463, 0.3180483877658844, 0.3178667426109314, 0.32831937074661255, 0.329426646232605, 0.3480798602104187, 0.31409016251564026, 0.2692131996154785, 0.2717931866645813, 0.312068909406662]}