{
    "PSNR": [
        20.48616886138916,
        17.528029680252075,
        15.937354564666748,
        17.017693519592285,
        16.775656938552856,
        17.487508058547974,
        17.52321720123291,
        16.31298303604126,
        14.836736917495728,
        15.16679048538208,
        17.1599280834198,
        16.557241678237915,
        15.675524473190308,
        16.623709201812744,
        16.85048222541809,
        17.259997129440308,
        14.653249979019165,
        14.549392461776733,
        16.171284914016724,
        16.460444927215576,
        16.034058332443237,
        16.464269161224365,
        17.754201889038086,
        15.275839567184448,
        14.96195673942566,
        15.034161806106567,
        17.02818274497986,
        15.458441972732544,
        15.557115077972412,
        16.997169256210327,
        17.269455194473267,
        16.76781177520752,
        15.17479658126831,
        14.898545742034912,
        15.83177924156189,
        17.538834810256958,
        16.820058822631836,
        17.840545177459717,
        16.922330856323242,
        16.45084023475647,
        15.688807964324951,
        15.820144414901733,
        18.38043212890625,
        16.482852697372437,
        18.547232151031494,
        18.018254041671753,
        17.270108461380005,
        18.746802806854248
    ],
    "SSIM": [
        0.8622249364852905,
        0.740170419216156,
        0.672663688659668,
        0.7388910055160522,
        0.6925589442253113,
        0.7035976648330688,
        0.7300578355789185,
        0.6749628782272339,
        0.5777053833007812,
        0.6282120943069458,
        0.7468618154525757,
        0.7056069374084473,
        0.6230486631393433,
        0.6520025730133057,
        0.6607621312141418,
        0.7189664840698242,
        0.5723394155502319,
        0.5856158137321472,
        0.6946002840995789,
        0.7017821669578552,
        0.6156041026115417,
        0.6097400188446045,
        0.73572838306427,
        0.6261190176010132,
        0.5933998823165894,
        0.621130108833313,
        0.7130166888237,
        0.61605304479599,
        0.5859838724136353,
        0.633751392364502,
        0.662218451499939,
        0.7167447805404663,
        0.6207082271575928,
        0.6125096678733826,
        0.6514170169830322,
        0.69378662109375,
        0.6291481852531433,
        0.6588685512542725,
        0.7090898752212524,
        0.7221764922142029,
        0.680140495300293,
        0.6669472455978394,
        0.717098593711853,
        0.632387638092041,
        0.7147130966186523,
        0.7563580274581909,
        0.7527891993522644,
        0.734149158000946
    ],
    "MSE": [
        0.008940938860177994,
        0.01766839809715748,
        0.02548382245004177,
        0.01987149938941002,
        0.021010402590036392,
        0.01783401519060135,
        0.017687983810901642,
        0.023372318595647812,
        0.03283419460058212,
        0.030431335791945457,
        0.019231237471103668,
        0.02209407649934292,
        0.02706746757030487,
        0.021758507937192917,
        0.02065151184797287,
        0.01879318244755268,
        0.0342511422932148,
        0.03508009761571884,
        0.02414746582508087,
        0.022592049092054367,
        0.024922650307416916,
        0.02257215976715088,
        0.01677180826663971,
        0.029676731675863266,
        0.03190100938081741,
        0.03137500584125519,
        0.01982356607913971,
        0.028454815968871117,
        0.02781560644507408,
        0.019965633749961853,
        0.01875229738652706,
        0.021048393100500107,
        0.030375279486179352,
        0.03237021341919899,
        0.026110917329788208,
        0.017624488100409508,
        0.02079669013619423,
        0.016441654413938522,
        0.02031266689300537,
        0.02264205925166607,
        0.0269848071038723,
        0.02618095837533474,
        0.014519676566123962,
        0.02247578278183937,
        0.01397258322685957,
        0.015782460570335388,
        0.018749475479125977,
        0.01334503572434187
    ],
    "LPIPS": [
        0.1442108005285263,
        0.2710610032081604,
        0.3681190609931946,
        0.285639226436615,
        0.3119818866252899,
        0.2813108563423157,
        0.2605414390563965,
        0.306437224149704,
        0.4015650153160095,
        0.35570284724235535,
        0.31880274415016174,
        0.3020700514316559,
        0.3886386454105377,
        0.3792893886566162,
        0.3028080463409424,
        0.26513028144836426,
        0.3950352668762207,
        0.39996278285980225,
        0.32669103145599365,
        0.30035901069641113,
        0.3937854766845703,
        0.40562134981155396,
        0.33682411909103394,
        0.34673717617988586,
        0.38118690252304077,
        0.40374475717544556,
        0.31703615188598633,
        0.35133254528045654,
        0.4158158004283905,
        0.38208380341529846,
        0.3434087336063385,
        0.3309746980667114,
        0.37259888648986816,
        0.3756502866744995,
        0.30151861906051636,
        0.2899545431137085,
        0.37797266244888306,
        0.3454543948173523,
        0.33198410272598267,
        0.2818048596382141,
        0.31345033645629883,
        0.33835017681121826,
        0.2675924003124237,
        0.3405762314796448,
        0.3321918845176697,
        0.2819506525993347,
        0.2647642493247986,
        0.2790473699569702
    ],
    "complexity": {
        "normal_roughness": [
            0.05926143378019333,
            0.032077692449092865,
            0.036435630172491074,
            0.051171813160181046,
            0.060499418526887894,
            0.05093291774392128,
            0.03345542028546333,
            0.04133656620979309,
            0.050855621695518494,
            0.046033501625061035,
            0.04356997460126877,
            0.05624309554696083,
            0.06150819733738899,
            0.059995561838150024,
            0.04321032762527466,
            0.038877926766872406,
            0.05205914378166199,
            0.05601644515991211,
            0.039841070771217346,
            0.050631653517484665,
            0.06145881116390228,
            0.055410511791706085,
            0.03545884042978287,
            0.051728107035160065,
            0.059267058968544006,
            0.05108228325843811,
            0.03556599095463753,
            0.05499441176652908,
            0.057455554604530334,
            0.057382553815841675,
            0.04397362470626831,
            0.05143048241734505,
            0.059264056384563446,
            0.06048811227083206,
            0.04648947715759277,
            0.04475381225347519,
            0.05267290771007538,
            0.04730828106403351,
            0.043480753898620605,
            0.056109003722667694,
            0.059164419770240784,
            0.05317894369363785,
            0.04039289802312851,
            0.04686390608549118,
            0.03830975294113159,
            0.04671946167945862,
            0.05290069431066513,
            0.03433015197515488
        ],