{
    "PSNR": [
        20.969088077545166,
        15.838711261749268,
        14.835481643676758,
        17.47848153114319,
        18.099170923233032,
        19.5751690864563,
        16.504735946655273,
        14.24953579902649,
        13.796074390411377,
        14.602177143096924,
        16.520638465881348,
        18.30813765525818,
        16.37339472770691,
        17.56664276123047,
        19.716031551361084,
        15.17446756362915,
        13.860608339309692,
        13.985985517501831,
        15.769456624984741,
        17.702163457870483,
        15.171997547149658,
        17.223633527755737,
        18.89100193977356,
        15.37062406539917,
        14.587428569793701,
        15.69615364074707,
        17.18693256378174,
        16.74253225326538,
        14.722089767456055,
        15.154467821121216,
        17.3930823802948,
        17.90965437889099,
        16.923874616622925,
        17.21218228340149,
        17.445964813232422,
        15.72453498840332,
        14.813038110733032,
        15.633349418640137,
        16.293827295303345,
        17.086933851242065,
        18.858790397644043,
        18.792052268981934,
        16.64817452430725,
        15.000451803207397,
        15.396057367324829,
        16.250396966934204,
        17.806836366653442,
        15.937700271606445
    ],
    "SSIM": [
        0.8786730170249939,
        0.6546756029129028,
        0.6205998659133911,
        0.7796245813369751,
        0.7729605436325073,
        0.8129205703735352,
        0.692844569683075,
        0.5779709219932556,
        0.5773206949234009,
        0.6359497308731079,
        0.7401396036148071,
        0.7837749719619751,
        0.715671956539154,
        0.7409581542015076,
        0.78737872838974,
        0.6235626339912415,
        0.5829669833183289,
        0.6137234568595886,
        0.7018212676048279,
        0.7647743225097656,
        0.6377582550048828,
        0.7080667018890381,
        0.7796661257743835,
        0.6673657298088074,
        0.6478174924850464,
        0.6981229782104492,
        0.780462920665741,
        0.7182329893112183,
        0.6034281253814697,
        0.628722071647644,
        0.7180894613265991,
        0.7562416791915894,
        0.7439154982566833,
        0.7602249979972839,
        0.7748101949691772,
        0.6936402320861816,
        0.6095983982086182,
        0.6384366154670715,
        0.6950380206108093,
        0.7392539978027344,
        0.8067245483398438,
        0.8098944425582886,
        0.7307661771774292,
        0.6270608901977539,
        0.6426692008972168,
        0.7284034490585327,
        0.7943684458732605,
        0.6870958805084229
    ],
    "MSE": [
        0.008000023663043976,
        0.026069276034832,
        0.032843682914972305,
        0.017871126532554626,
        0.015491120517253876,
        0.011027654632925987,
        0.02236281707882881,
        0.037587765604257584,
        0.041724637150764465,
        0.034656308591365814,
        0.02228107862174511,
        0.014763399958610535,
        0.023049449548125267,
        0.0175120010972023,
        0.010675711557269096,
        0.03037758730351925,
        0.04110921546816826,
        0.03993939608335495,
        0.02648831531405449,
        0.01697397790849209,
        0.030394872650504112,
        0.01895119808614254,
        0.012909216806292534,
        0.029036056250333786,
        0.03477420285344124,
        0.02693919837474823,
        0.019112026318907738,
        0.021171268075704575,
        0.03371250629425049,
        0.030517805367708206,
        0.018226012587547302,
        0.01618208736181259,
        0.020305447280406952,
        0.01900123432278633,
        0.018005430698394775,
        0.02676371857523918,
        0.03301385045051575,
        0.027331601828336716,
        0.023475632071495056,
        0.019557200372219086,
        0.01300531905144453,
        0.013206718489527702,
        0.02163628116250038,
        0.031619489192962646,
        0.028866510838270187,
        0.023711567744612694,
        0.016569770872592926,
        0.02548179402947426
    ],
    "LPIPS": [
        0.15493276715278625,
        0.3138381242752075,
        0.34682077169418335,
        0.25241410732269287,
        0.23906093835830688,
        0.2346387803554535,
        0.2897064983844757,
        0.3966948091983795,
        0.3919716477394104,
        0.34466367959976196,
        0.2801640033721924,
        0.23235753178596497,
        0.3083800673484802,
        0.28005069494247437,
        0.2807389199733734,
        0.35638895630836487,
        0.3981911540031433,
        0.37098172307014465,
        0.30352601408958435,
        0.2577665448188782,
        0.35631880164146423,
        0.3172049820423126,
        0.25684159994125366,
        0.3898352384567261,
        0.36299338936805725,
        0.3242146968841553,
        0.279400110244751,
        0.3505896031856537,
        0.37230372428894043,
        0.37463849782943726,
        0.3007509112358093,
        0.3081067204475403,
        0.3231579065322876,
        0.2920569181442261,
        0.25512805581092834,
        0.32747167348861694,
        0.3875334858894348,
        0.34730035066604614,
        0.3062853515148163,
        0.2305801957845688,
        0.21231858432292938,
        0.23944565653800964,
        0.28426772356033325,
        0.3657853603363037,
        0.3596441149711609,
        0.28196489810943604,
        0.21808865666389465,
        0.3058227002620697
    ],
    "complexity": {
        "normal_roughness": [
            0.053277283906936646,
            0.057833075523376465,
            0.05729503184556961,
            0.04993083328008652,
            0.03821912407875061,
            0.04407113045454025,
            0.049752943217754364,
            0.05850896239280701,
            0.06005091220140457,
            0.05624829977750778,
            0.04519060626626015,
            0.03736867755651474,
            0.037357643246650696,
            0.04726000875234604,
            0.03545451536774635,
            0.04842871427536011,
            0.05810156837105751,
            0.055330801755189896,
            0.04955846071243286,
            0.034756407141685486,
            0.05305103212594986,
            0.050997741520404816,
            0.035373423248529434,
            0.04671856015920639,
            0.05028834566473961,
            0.05003298819065094,
            0.03398042917251587,
            0.04351792111992836,
            0.05636446177959442,
            0.05998099595308304,
            0.05235915631055832,
            0.03346424549818039,
            0.04135151207447052,
            0.04160430282354355,
            0.035890694707632065,
            0.047575950622558594,
            0.06164238601922989,
            0.05890834704041481,
            0.05044505372643471,
            0.043490245938301086,
            0.03576402738690376,
            0.04337156191468239,
            0.05304933339357376,
            0.05769707262516022,
            0.05892457067966461,
            0.05339132249355316,
            0.052063941955566406,
            0.05775997042655945
        ],