{"PSNR": [19.63204264640808, 17.521610260009766, 18.346436023712158, 17.07642436027527, 15.018551349639893, 16.729739904403687, 16.199179887771606, 16.169261932373047, 16.983715295791626, 18.49510431289673, 16.1029314994812, 14.941368103027344, 14.303950071334839, 15.14250636100769, 16.560603380203247, 15.314297676086426, 15.66527247428894, 16.796164512634277, 17.214272022247314, 14.909756183624268, 14.43274974822998, 16.305009126663208, 15.505119562149048, 15.072940587997437, 16.02215051651001, 17.44362711906433, 15.607534646987915, 14.461278915405273, 15.028297901153564, 15.44116497039795, 16.87061905860901, 15.1686692237854, 15.160837173461914, 17.024636268615723, 18.021262884140015, 15.388284921646118, 15.622780323028564, 17.339293956756592, 15.575313568115234, 15.265698432922363, 15.986546277999878, 17.93104887008667, 18.615354299545288, 17.10529327392578, 18.445308208465576, 16.206281185150146, 17.503657341003418, 18.895007371902466], "SSIM": [0.8594545722007751, 0.7676624059677124, 0.7838518023490906, 0.7570691108703613, 0.6815251111984253, 0.7722880244255066, 0.7260394096374512, 0.6860665082931519, 0.7226324081420898, 0.7873743772506714, 0.6969606280326843, 0.6411733031272888, 0.616500973701477, 0.70048588514328, 0.7606433629989624, 0.6350455284118652, 0.657312273979187, 0.7132574915885925, 0.7526898384094238, 0.6248824596405029, 0.6454366445541382, 0.7613016366958618, 0.6775571703910828, 0.6197932362556458, 0.678557276725769, 0.7278153896331787, 0.6669957637786865, 0.6200582981109619, 0.6589705944061279, 0.6900364756584167, 0.7722041010856628, 0.639480710029602, 0.6255943179130554, 0.7206796407699585, 0.7596690654754639, 0.6603193283081055, 0.6686052083969116, 0.7655251026153564, 0.6901590824127197, 0.6407300233840942, 0.682247519493103, 0.7647373080253601, 0.7773094177246094, 0.7283972501754761, 0.7521686553955078, 0.6927632093429565, 0.75597083568573, 0.7666988372802734], "MSE": [0.0108841797336936, 0.017694532871246338, 0.014633774757385254, 0.019604580476880074, 0.03148798644542694, 0.02123372256755829, 0.023992866277694702, 0.024158719927072525, 0.020027577877044678, 0.014141309075057507, 0.024530526250600815, 0.032052602618932724, 0.037119753658771515, 0.030601974576711655, 0.022076979279518127, 0.029415098950266838, 0.02713143453001976, 0.02091142162680626, 0.018992092460393906, 0.03228675574064255, 0.036035045981407166, 0.02341526374220848, 0.02815062366425991, 0.031096098944544792, 0.024991078302264214, 0.018015127629041672, 0.02749454230070114, 0.03579910099506378, 0.031417399644851685, 0.028568243607878685, 0.020555980503559113, 0.030418168753385544, 0.030473073944449425, 0.019839758053421974, 0.0157715305685997, 0.028918219730257988, 0.02739819698035717, 0.01845315657556057, 0.027699295431375504, 0.02974611334502697, 0.025196805596351624, 0.016102567315101624, 0.013755127787590027, 0.0194746982306242, 0.01430438831448555, 0.02395365759730339, 0.017767829820513725, 0.012897312641143799], "LPIPS": [0.15854784846305847, 0.2747185230255127, 0.24298949539661407, 0.28483206033706665, 0.3163306415081024, 0.2707449495792389, 0.31168919801712036, 0.30733561515808105, 0.3012808859348297, 0.26841285824775696, 0.2935582399368286, 0.34429994225502014, 0.36484235525131226, 0.2992859482765198, 0.2861301600933075, 0.36482152342796326, 0.36959660053253174, 0.3717687427997589, 0.3404310345649719, 0.3651658892631531, 0.39739543199539185, 0.32216039299964905, 0.32713252305984497, 0.3908454179763794, 0.35081321001052856, 0.32363688945770264, 0.35872966051101685, 0.3811037242412567, 0.3892395496368408, 0.3657144606113434, 0.2848092019557953, 0.34998488426208496, 0.375957727432251, 0.3022724986076355, 0.29388388991355896, 0.3464396595954895, 0.38185977935791016, 0.27264687418937683, 0.3099881708621979, 0.37231844663619995, 0.3231261670589447, 0.23652082681655884, 0.28852158784866333, 0.27551698684692383, 0.2622765302658081, 0.3307301998138428, 0.26154688000679016, 0.23547343909740448]}