{
    "PSNR": [
        22.271952629089355,
        19.79459047317505,
        14.845370054244995,
        15.399115085601807,
        20.608158111572266,
        16.740485429763794,
        16.441447734832764,
        18.699806928634644,
        15.100429058074951,
        13.617199659347534,
        13.925349712371826,
        16.124906539916992,
        19.27180767059326,
        16.67850136756897,
        15.264204740524292,
        15.576907396316528,
        17.675318717956543,
        13.922414779663086,
        13.460206985473633,
        14.590083360671997,
        17.554014921188354,
        15.191123485565186,
        14.812413454055786,
        16.016407012939453,
        15.819406509399414,
        13.681336641311646,
        14.025663137435913,
        16.749805212020874,
        18.88822317123413,
        15.665149688720703,
        14.687234163284302,
        14.96835708618164,
        16.716588735580444,
        15.04459023475647,
        14.247305393218994,
        15.594645738601685,
        16.69967532157898,
        15.158398151397705,
        14.827280044555664,
        15.653177499771118,
        17.489150762557983,
        16.108144521713257,
        16.64091467857361,
        18.188388347625732,
        16.179747581481934,
        15.611300468444824,
        18.36254119873047,
        20.069029331207275
    ],
    "SSIM": [
        0.8833100199699402,
        0.8195589780807495,
        0.6362119913101196,
        0.6623718738555908,
        0.8410937190055847,
        0.7055699229240417,
        0.7097858190536499,
        0.82948899269104,
        0.6802870631217957,
        0.5769996643066406,
        0.5924692153930664,
        0.7135069370269775,
        0.8156495094299316,
        0.6959823369979858,
        0.6244773268699646,
        0.6939080953598022,
        0.8209909200668335,
        0.624950647354126,
        0.5598134398460388,
        0.6386176943778992,
        0.7286213636398315,
        0.6143302321434021,
        0.6195224523544312,
        0.7393092513084412,
        0.7564370632171631,
        0.5938012003898621,
        0.6049798130989075,
        0.7516260147094727,
        0.803565502166748,
        0.6427220702171326,
        0.5889363288879395,
        0.6494355797767639,
        0.7888835668563843,
        0.7032291889190674,
        0.6314936876296997,
        0.7128838896751404,
        0.7118822932243347,
        0.6266478300094604,
        0.6181093454360962,
        0.6988732218742371,
        0.8372947573661804,
        0.760661780834198,
        0.7681495547294617,
        0.8330745100975037,
        0.6973471641540527,
        0.6852377653121948,
        0.8477786779403687,
        0.8646370768547058
    ],
    "MSE": [
        0.005926589481532574,
        0.010484340600669384,
        0.032768990844488144,
        0.028846194967627525,
        0.008693291805684566,
        0.021181248128414154,
        0.022691085934638977,
        0.013490232639014721,
        0.030899908393621445,
        0.04347904771566391,
        0.0405009388923645,
        0.02440671995282173,
        0.011825492605566978,
        0.021485716104507446,
        0.029756342992186546,
        0.027689125388860703,
        0.017079222947359085,
        0.0405283197760582,
        0.04507952928543091,
        0.03475295007228851,
        0.017562998458743095,
        0.03026130609214306,
        0.033018603920936584,
        0.02502415142953396,
        0.0261854138225317,
        0.04284166917204857,
        0.03957616910338402,
        0.02113584242761135,
        0.012917479500174522,
        0.027132203802466393,
        0.033984165638685226,
        0.03185403347015381,
        0.021298116073012352,
        0.031299762427806854,
        0.037607066333293915,
        0.0275762639939785,
        0.02138121984899044,
        0.030490195378661156,
        0.03290576860308647,
        0.027207106351852417,
        0.01782727614045143,
        0.024501100182533264,
        0.021672477945685387,
        0.015176135115325451,
        0.02410045824944973,
        0.02747071348130703,
        0.014579609036445618,
        0.009842313826084137
    ],
    "LPIPS": [
        0.15599898993968964,
        0.2309444546699524,
        0.3317409157752991,
        0.2935924232006073,
        0.24315251410007477,
        0.2999325692653656,
        0.3173429071903229,
        0.2583957612514496,
        0.3464609384536743,
        0.4017513692378998,
        0.4067908227443695,
        0.29958367347717285,
        0.26056385040283203,
        0.30996692180633545,
        0.35770493745803833,
        0.3296865224838257,
        0.2856917977333069,
        0.38224655389785767,
        0.42765000462532043,
        0.3915594816207886,
        0.2961590588092804,
        0.37523552775382996,
        0.38094913959503174,
        0.280133992433548,
        0.31741076707839966,
        0.3984891176223755,
        0.3911171555519104,
        0.29719898104667664,
        0.27213555574417114,
        0.3732810616493225,
        0.3931386172771454,
        0.36451202630996704,
        0.2727464437484741,
        0.3543441891670227,
        0.3594502806663513,
        0.3099091947078705,
        0.3111356198787689,
        0.367529034614563,
        0.3731043040752411,
        0.30113524198532104,
        0.23879000544548035,
        0.3009610176086426,
        0.2894435226917267,
        0.26864954829216003,
        0.29726463556289673,
        0.2923962473869324,
        0.21390265226364136,
        0.17399154603481293
    ],
    "complexity": {
        "normal_roughness": [
            0.03442392125725746,
            0.033916570246219635,
            0.05194468796253204,
            0.05249325558543205,
            0.03520948067307472,
            0.048252902925014496,
            0.04613163322210312,
            0.035994142293930054,
            0.048395395278930664,
            0.05879329890012741,
            0.05868549644947052,
            0.04910619929432869,
            0.03895530104637146,
            0.05198482424020767,
            0.05528024584054947,
            0.05086757242679596,
            0.03500981628894806,
            0.05374886840581894,
            0.058796923607587814,
            0.05615116283297539,
            0.04879342019557953,
            0.05935245752334595,
            0.05971004068851471,
            0.04777941852807999,
            0.04562247544527054,
            0.057604290544986725,
            0.05584245175123215,
            0.04844888299703598,
            0.03601203113794327,
            0.05844034254550934,
            0.06020965427160263,
            0.05708414316177368,
            0.039368778467178345,
            0.05165021866559982,
            0.05280368775129318,
            0.049618009477853775,
            0.05003073811531067,
            0.05929707735776901,
            0.06049882620573044,
            0.054099708795547485,
            0.035141073167324066,
            0.045474983751773834,
            0.039790257811546326,
            0.03444159775972366,
            0.04871530085802078,
            0.05071116238832474,
            0.03210895508527756,
            0.03214719519019127
        ],