{
    "PSNR": [
        21.667025089263916,
        16.542707681655884,
        13.914657831192017,
        15.261398553848267,
        17.31119155883789,
        16.58134698867798,
        14.815164804458618,
        14.771625995635986,
        13.68179440498352,
        13.668315410614014,
        13.811769485473633,
        15.740495920181274,
        16.53855323791504,
        15.05717396736145,
        14.486894607543945,
        13.826464414596558,
        13.954943418502808,
        13.968961238861084,
        13.918145895004272,
        14.227014780044556,
        15.607260465621948,
        14.10293698310852,
        13.538321256637573,
        13.546370267868042,
        13.851648569107056,
        13.6160147190094,
        13.400862216949463,
        15.894672870635986,
        14.697164297103882,
        14.23076868057251,
        13.464046716690063,
        13.660556077957153,
        14.497830867767334,
        13.985494375228882,
        13.70470643043518,
        15.11888861656189,
        14.062594175338745,
        13.92985463142395,
        13.783104419708252,
        13.713963031768799,
        15.213611125946045,
        16.08222246170044,
        15.051778554916382,
        15.883122682571411,
        14.857430458068848,
        14.894094467163086,
        16.98102593421936,
        16.58542275428772
    ],
    "SSIM": [
        0.8863102793693542,
        0.6958829760551453,
        0.5730738639831543,
        0.6192626357078552,
        0.6707696914672852,
        0.6926190257072449,
        0.6190340518951416,
        0.6178443431854248,
        0.5869160890579224,
        0.5611780285835266,
        0.5589898824691772,
        0.6404334902763367,
        0.6227962970733643,
        0.6168684959411621,
        0.6077617406845093,
        0.5687882304191589,
        0.6005975604057312,
        0.5633326768875122,
        0.5659579634666443,
        0.549440860748291,
        0.6315433979034424,
        0.5980200171470642,
        0.5769168138504028,
        0.5774708390235901,
        0.5867540836334229,
        0.5724289417266846,
        0.5300215482711792,
        0.5996844172477722,
        0.6042174696922302,
        0.6102259159088135,
        0.5831801295280457,
        0.6130149364471436,
        0.6267242431640625,
        0.5805321931838989,
        0.5698738098144531,
        0.6029115915298462,
        0.6263937950134277,
        0.6336536407470703,
        0.6351919174194336,
        0.5945168137550354,
        0.6462477445602417,
        0.6923906207084656,
        0.6245483756065369,
        0.6578032970428467,
        0.6570394039154053,
        0.6471370458602905,
        0.752467155456543,
        0.707931637763977
    ],
    "MSE": [
        0.006812356412410736,
        0.02216813713312149,
        0.04060077294707298,
        0.029775574803352356,
        0.01857294701039791,
        0.02197178266942501,
        0.03299769386649132,
        0.03333016484975815,
        0.04283715784549713,
        0.042970314621925354,
        0.04157412797212601,
        0.026665544137358665,
        0.02218935638666153,
        0.031209200620651245,
        0.035588569939136505,
        0.04143368825316429,
        0.04022589325904846,
        0.04009626433253288,
        0.040568169206380844,
        0.037783183157444,
        0.02749628573656082,
        0.038878217339515686,
        0.044275954365730286,
        0.04419397562742233,
        0.041194114834070206,
        0.04349091649055481,
        0.045699745416641235,
        0.025735512375831604,
        0.03390655666589737,
        0.03775053843855858,
        0.045039694756269455,
        0.04304715618491173,
        0.03549906983971596,
        0.039943911135196686,
        0.04261175915598869,
        0.03076884150505066,
        0.03924104943871498,
        0.04045894369482994,
        0.04184943437576294,
        0.042521025985479355,
        0.030105022713541985,
        0.024647777900099754,
        0.031247993931174278,
        0.025804048404097557,
        0.03267810866236687,
        0.03240339457988739,
        0.020039990544319153,
        0.02195117436349392
    ],
    "LPIPS": [
        0.14155066013336182,
        0.2726854383945465,
        0.35424792766571045,
        0.32293975353240967,
        0.26891860365867615,
        0.2500394582748413,
        0.31084078550338745,
        0.3224296569824219,
        0.36401301622390747,
        0.4317687153816223,
        0.41803956031799316,
        0.3329031467437744,
        0.3142094612121582,
        0.3278122544288635,
        0.33698534965515137,
        0.3502846360206604,
        0.3575021028518677,
        0.3691650629043579,
        0.4028647840023041,
        0.3900531530380249,
        0.3064575791358948,
        0.3650851845741272,
        0.35231268405914307,
        0.3735549747943878,
        0.35734042525291443,
        0.3623521625995636,
        0.39537736773490906,
        0.3628055453300476,
        0.3425784111022949,
        0.3750301003456116,
        0.3817581832408905,
        0.3693278729915619,
        0.3318183124065399,
        0.3437364101409912,
        0.3712679445743561,
        0.30346059799194336,
        0.333293080329895,
        0.395380437374115,
        0.38489270210266113,
        0.3538435101509094,
        0.2686525583267212,
        0.22963351011276245,
        0.2958124876022339,
        0.3203750252723694,
        0.30785661935806274,
        0.3189694881439209,
        0.2624855041503906,
        0.28479939699172974
    ],
    "complexity": {
        "normal_roughness": [
            0.04439341649413109,
            0.05684760585427284,
            0.04521865397691727,
            0.04675779864192009,
            0.055527012795209885,
            0.06329493224620819,
            0.06167107820510864,
            0.052386581897735596,
            0.03909368813037872,
            0.03760302811861038,
            0.03399095684289932,
            0.042656876146793365,
            0.04650835692882538,
            0.0584765188395977,
            0.0618729442358017,
            0.055759504437446594,
            0.04023611918091774,
            0.043398819863796234,
            0.0504460409283638,
            0.04153148829936981,
            0.04978045076131821,
            0.055134475231170654,
            0.05436738207936287,
            0.04732853174209595,
            0.04326729103922844,
            0.05591278523206711,
            0.05648587644100189,
            0.04325079917907715,
            0.04020429402589798,
            0.04347988963127136,
            0.0471281036734581,
            0.04412867873907089,
            0.04452967643737793,
            0.05525211989879608,
            0.05908028781414032,
            0.055011674761772156,
            0.03688777983188629,
            0.033397577702999115,
            0.031698860228061676,
            0.041861530393362045,
            0.05558336153626442,
            0.058908283710479736,
            0.05809830129146576,
            0.05391363799571991,
            0.03882942721247673,
            0.043983034789562225,
            0.054108984768390656,
            0.05295611172914505
        ],