{"PSNR": [21.32481575012207, 19.5362651348114, 16.326979398727417, 15.42189359664917, 19.992492198944092, 16.54424548149109, 16.328023672103882, 18.580244779586792, 16.952710151672363, 14.756174087524414, 14.41322922706604, 15.72460412979126, 18.258601427078247, 17.179981470108032, 15.5804443359375, 15.875705480575562, 18.60853910446167, 15.751348733901978, 14.524738788604736, 15.080701112747192, 19.661771059036255, 16.02434515953064, 15.547018051147461, 16.49545192718506, 18.187556266784668, 15.393902063369751, 15.005367994308472, 16.985061168670654, 20.84200620651245, 17.318092584609985, 15.772820711135864, 15.927388668060303, 17.749810218811035, 17.740248441696167, 15.765788555145264, 16.707077026367188, 18.950480222702026, 16.5245521068573, 16.124842166900635, 17.158256769180298, 20.011990070343018, 17.678141593933105, 17.44287133216858, 21.0448956489563, 17.97224521636963, 17.255789041519165, 19.717092514038086, 20.63990831375122], "SSIM": [0.8922319412231445, 0.8596112728118896, 0.7323936223983765, 0.6708210706710815, 0.8190189599990845, 0.7198750376701355, 0.7107648849487305, 0.8129646182060242, 0.769744873046875, 0.6391002535820007, 0.604150652885437, 0.6546573638916016, 0.7428698539733887, 0.7209102511405945, 0.652084231376648, 0.6707015037536621, 0.8316353559494019, 0.6992429494857788, 0.6008288264274597, 0.6170388460159302, 0.8008500933647156, 0.6508240699768066, 0.6439815759658813, 0.7090755701065063, 0.825567901134491, 0.6536195278167725, 0.6168823838233948, 0.7003024816513062, 0.8166308403015137, 0.7022241353988647, 0.6284953355789185, 0.6625670790672302, 0.7871786952018738, 0.7778329849243164, 0.6636029481887817, 0.6945711970329285, 0.7665814757347107, 0.6499305963516235, 0.6481902599334717, 0.7111732363700867, 0.8475139141082764, 0.7766369581222534, 0.7419379949569702, 0.8327915072441101, 0.7129650115966797, 0.696158766746521, 0.8376214504241943, 0.850155770778656], "MSE": [0.007370864972472191, 0.011126885190606117, 0.023297112435102463, 0.028695296496152878, 0.010017303749918938, 0.02216029167175293, 0.023291513323783875, 0.01386677660048008, 0.02017107605934143, 0.0334489569067955, 0.03619737923145294, 0.026763303205370903, 0.014932754449546337, 0.019142646342515945, 0.027666587382555008, 0.025848153978586197, 0.013776728883385658, 0.026598989963531494, 0.035279806703329086, 0.03104059398174286, 0.010809930972754955, 0.024978455156087875, 0.02788035199046135, 0.022410672158002853, 0.015179043635725975, 0.028880838304758072, 0.03158371523022652, 0.020021377131342888, 0.00823757704347372, 0.018543463200330734, 0.026467805728316307, 0.025542374700307846, 0.016788773238658905, 0.016825776547193527, 0.026510698720812798, 0.02134481444954872, 0.012733625248074532, 0.022261004894971848, 0.024407079443335533, 0.019238639622926712, 0.009972430765628815, 0.017068129032850266, 0.018018264323472977, 0.007861592806875706, 0.01595054753124714, 0.01881140097975731, 0.010673108510673046, 0.008629970252513885], "LPIPS": [0.1609009951353073, 0.21252861618995667, 0.28026485443115234, 0.2959939241409302, 0.23500622808933258, 0.26465165615081787, 0.2981666922569275, 0.2530950605869293, 0.2963925898075104, 0.3450602889060974, 0.36761578917503357, 0.33483055233955383, 0.2809944152832031, 0.3172903060913086, 0.3280646800994873, 0.3167012333869934, 0.2745562791824341, 0.30751070380210876, 0.37949055433273315, 0.3615838289260864, 0.23748525977134705, 0.3381316363811493, 0.3503788709640503, 0.31831514835357666, 0.21015843749046326, 0.3286101818084717, 0.3871428072452545, 0.29430821537971497, 0.28705260157585144, 0.3064363896846771, 0.35205039381980896, 0.33759820461273193, 0.2920032739639282, 0.25929754972457886, 0.341601699590683, 0.3320724368095398, 0.2565906047821045, 0.32093262672424316, 0.3490084409713745, 0.27931129932403564, 0.20759545266628265, 0.24238614737987518, 0.30127161741256714, 0.2527232766151428, 0.28044021129608154, 0.31869325041770935, 0.21869510412216187, 0.22143977880477905]}