{
    "PSNR": [
        19.78644371032715,
        17.98615574836731,
        15.800163745880127,
        18.256477117538452,
        17.64042377471924,
        18.419198989868164,
        18.006633520126343,
        15.882812738418579,
        14.924688339233398,
        15.441089868545532,
        16.82007074356079,
        17.402182817459106,
        15.868664979934692,
        15.996742248535156,
        16.60495638847351,
        16.572927236557007,
        15.081115961074829,
        15.158467292785645,
        16.16840958595276,
        16.82331085205078,
        15.375314950942993,
        15.120761394500732,
        16.358226537704468,
        16.631534099578857,
        15.555922985076904,
        15.965043306350708,
        16.14681601524353,
        16.72576069831848,
        15.818781852722168,
        14.945545196533203,
        15.015380382537842,
        17.334738969802856,
        16.716034412384033,
        16.855902671813965,
        17.229812145233154,
        17.333883047103882,
        16.634209156036377,
        15.546326637268066,
        16.596956253051758,
        17.688173055648804,
        18.510419130325317,
        19.051859378814697,
        18.97197723388672,
        18.133928775787354,
        17.623045444488525,
        17.237353324890137,
        19.113054275512695,
        18.855472803115845
    ],
    "SSIM": [
        0.8562935590744019,
        0.7400498390197754,
        0.712851881980896,
        0.7928060293197632,
        0.749327540397644,
        0.7856578230857849,
        0.7689489126205444,
        0.713976263999939,
        0.6647716164588928,
        0.7130152583122253,
        0.74420565366745,
        0.7421733140945435,
        0.6629029512405396,
        0.6697183847427368,
        0.7134250402450562,
        0.7357273101806641,
        0.6420605182647705,
        0.650043785572052,
        0.7214556932449341,
        0.7138534784317017,
        0.6417873501777649,
        0.6181637048721313,
        0.7318300008773804,
        0.7077754735946655,
        0.6427229642868042,
        0.6782883405685425,
        0.7150571346282959,
        0.700061559677124,
        0.6735477447509766,
        0.6012873649597168,
        0.6284639835357666,
        0.7400009036064148,
        0.6886965036392212,
        0.7064682841300964,
        0.7394232153892517,
        0.751644492149353,
        0.7158923149108887,
        0.6642559766769409,
        0.7079655528068542,
        0.7513655424118042,
        0.7718422412872314,
        0.8035926818847656,
        0.7790734767913818,
        0.7509099841117859,
        0.7399977445602417,
        0.7314268350601196,
        0.8093394041061401,
        0.7608826160430908
    ],
    "MSE": [
        0.010504025965929031,
        0.0158995371311903,
        0.02630169317126274,
        0.014940060675144196,
        0.0172170028090477,
        0.014390645548701286,
        0.01582474261522293,
        0.025805886834859848,
        0.0321759395301342,
        0.028568735346198082,
        0.020796626806259155,
        0.01818787306547165,
        0.025890087708830833,
        0.02513772062957287,
        0.021852662786841393,
        0.022014422342181206,
        0.031037624925374985,
        0.030489709228277206,
        0.024163460358977318,
        0.020781122148036957,
        0.029004713520407677,
        0.030755575746297836,
        0.023130089044570923,
        0.021719342097640038,
        0.027823245152831078,
        0.025321871042251587,
        0.02428390085697174,
        0.021253179758787155,
        0.026189178228378296,
        0.03202178329229355,
        0.03151097893714905,
        0.018472518771886826,
        0.02130083739757538,
        0.020625753328204155,
        0.018924258649349213,
        0.01847616396844387,
        0.02170597016811371,
        0.027884788811206818,
        0.021892953664064407,
        0.017028748989105225,
        0.014091531746089458,
        0.012439817190170288,
        0.012670747004449368,
        0.015367641113698483,
        0.017286036163568497,
        0.01889142580330372,
        0.012265763245522976,
        0.013015261851251125
    ],
    "LPIPS": [
        0.1815171241760254,
        0.24502591788768768,
        0.27574434876441956,
        0.2590647339820862,
        0.2645909786224365,
        0.2179114669561386,
        0.24518172442913055,
        0.312906950712204,
        0.3531491160392761,
        0.28999921679496765,
        0.27208879590034485,
        0.2801096737384796,
        0.30637332797050476,
        0.32756757736206055,
        0.2931250333786011,
        0.31397610902786255,
        0.32946068048477173,
        0.3488527536392212,
        0.2970508933067322,
        0.2772078216075897,
        0.36632606387138367,
        0.347005158662796,
        0.3115055561065674,
        0.2942429184913635,
        0.33676397800445557,
        0.327240914106369,
        0.28646472096443176,
        0.3018539845943451,
        0.33848926424980164,
        0.3666722774505615,
        0.35114234685897827,
        0.256326824426651,
        0.27502262592315674,
        0.2914423644542694,
        0.27987128496170044,
        0.2726745307445526,
        0.309006005525589,
        0.3175655007362366,
        0.28990525007247925,
        0.25378549098968506,
        0.26177072525024414,
        0.23555338382720947,
        0.25096338987350464,
        0.28238511085510254,
        0.24507880210876465,
        0.26229268312454224,
        0.23402637243270874,
        0.26929908990859985
    ],
    "complexity": {
        "normal_roughness": [
            0.054108984768390656,
            0.04913676157593727,
            0.03515838086605072,
            0.04446834325790405,
            0.05892372131347656,
            0.05813794955611229,
            0.05117548629641533,
            0.03509675711393356,
            0.04108325392007828,
            0.03800108656287193,
            0.035469215363264084,
            0.05204698443412781,
            0.057415224611759186,
            0.05994419381022453,
            0.053457111120224,
            0.03625096380710602,
            0.05054834112524986,
            0.05084606632590294,
            0.04029487818479538,
            0.044394318014383316,
            0.0578480027616024,
            0.05591052770614624,
            0.03870721906423569,
            0.050423361361026764,
            0.05940020829439163,
            0.055134497582912445,
            0.042599715292453766,
            0.05032609403133392,
            0.04781065881252289,
            0.05380558222532272,
            0.044797949492931366,
            0.04251941293478012,
            0.05855607986450195,
            0.05961117893457413,
            0.05717604607343674,
            0.03688927739858627,
            0.04168277606368065,
            0.04690989851951599,
            0.04019933566451073,
            0.05529000610113144,
            0.05852612107992172,
            0.06172450631856918,
            0.05305751785635948,
            0.035579320043325424,
            0.038085632026195526,
            0.04978133738040924,
            0.05849684402346611,
            0.049588821828365326
        ],