{
    "PSNR": [
        19.683014154434204,
        15.469692945480347,
        14.14811372756958,
        15.692468881607056,
        15.179020166397095,
        14.62769627571106,
        15.184836387634277,
        13.906500339508057,
        12.998799085617065,
        13.332464694976807,
        14.837692975997925,
        14.994823932647705,
        14.638172388076782,
        13.247346878051758,
        12.927955389022827,
        14.637190103530884,
        13.622595071792603,
        12.418745756149292,
        13.103296756744385,
        14.141666889190674,
        13.624755144119263,
        12.580527067184448,
        13.318753242492676,
        14.372868537902832,
        13.499399423599243,
        12.45871901512146,
        13.757469654083252,
        14.76430058479309,
        15.00414490699768,
        13.070647716522217,
        12.822836637496948,
        14.232946634292603,
        14.671015739440918,
        14.359893798828125,
        13.378962278366089,
        14.045319557189941,
        13.847302198410034,
        12.865794897079468,
        13.121482133865356,
        15.016405582427979,
        15.781944990158081,
        15.562726259231567,
        15.070081949234009,
        14.682817459106445,
        13.769105672836304,
        15.382894277572632,
        17.152172327041626,
        15.51313042640686
    ],
    "SSIM": [
        0.8641714453697205,
        0.6649686098098755,
        0.6141619682312012,
        0.6657038331031799,
        0.6606900095939636,
        0.6301243305206299,
        0.6659687757492065,
        0.6422807574272156,
        0.6111519932746887,
        0.5946755409240723,
        0.6322183012962341,
        0.6256988644599915,
        0.6081995964050293,
        0.5646030902862549,
        0.5823134779930115,
        0.6281154155731201,
        0.592954158782959,
        0.6142759323120117,
        0.5663707852363586,
        0.5783694982528687,
        0.5891869068145752,
        0.5736708641052246,
        0.5731770396232605,
        0.5870330333709717,
        0.6080300807952881,
        0.6121730804443359,
        0.598706841468811,
        0.597205638885498,
        0.6433349847793579,
        0.5946593284606934,
        0.5664884448051453,
        0.5994306802749634,
        0.5834643244743347,
        0.6757630109786987,
        0.6133654117584229,
        0.5998022556304932,
        0.6167382597923279,
        0.5464591979980469,
        0.5384695529937744,
        0.6035242080688477,
        0.6556726098060608,
        0.6737302541732788,
        0.6132503747940063,
        0.6335777640342712,
        0.567838728427887,
        0.6088882684707642,
        0.7098445296287537,
        0.6452016234397888
    ],
    "MSE": [
        0.010757185518741608,
        0.028381194919347763,
        0.0384758822619915,
        0.026962067931890488,
        0.03034575656056404,
        0.034453269094228745,
        0.03030514344573021,
        0.04067709669470787,
        0.050132595002651215,
        0.04642517492175102,
        0.03282696008682251,
        0.03166049346327782,
        0.03437025472521782,
        0.04734405130147934,
        0.0509570837020874,
        0.03437802940607071,
        0.0434250682592392,
        0.05729614943265915,
        0.048940710723400116,
        0.038533054292201996,
        0.04340347647666931,
        0.055201053619384766,
        0.04657198116183281,
        0.036535345017910004,
        0.04467453807592392,
        0.056771211326122284,
        0.04209718108177185,
        0.03338643163442612,
        0.03159261494874954,
        0.04931002855300903,
        0.052205514162778854,
        0.03773161768913269,
        0.03411131724715233,
        0.03664465248584747,
        0.045930784195661545,
        0.03939744085073471,
        0.04123535752296448,
        0.05169166624546051,
        0.04873621091246605,
        0.031503550708293915,
        0.026412254199385643,
        0.02777968905866146,
        0.031116578727960587,
        0.03401874378323555,
        0.04198455065488815,
        0.02895413339138031,
        0.019265612587332726,
        0.028098754584789276
    ],
    "LPIPS": [
        0.13336241245269775,
        0.25249969959259033,
        0.34776777029037476,
        0.256048321723938,
        0.27625465393066406,
        0.29600077867507935,
        0.313442587852478,
        0.33956342935562134,
        0.3903247117996216,
        0.3796587586402893,
        0.35571733117103577,
        0.2945537567138672,
        0.2983554005622864,
        0.36355939507484436,
        0.355008989572525,
        0.32722926139831543,
        0.36611202359199524,
        0.3869011104106903,
        0.40290963649749756,
        0.34602007269859314,
        0.32722610235214233,
        0.4238572418689728,
        0.35471564531326294,
        0.339968740940094,
        0.34381037950515747,
        0.4085644483566284,
        0.3322030007839203,
        0.33006685972213745,
        0.34268486499786377,
        0.40028589963912964,
        0.38672545552253723,
        0.34023332595825195,
        0.34017640352249146,
        0.2943269908428192,
        0.3559795022010803,
        0.3408624827861786,
        0.3464110195636749,
        0.41021040081977844,
        0.40201336145401,
        0.2984743118286133,
        0.31535595655441284,
        0.27210888266563416,
        0.28704553842544556,
        0.3441503047943115,
        0.34407198429107666,
        0.30334556102752686,
        0.264498233795166,
        0.2602522671222687
    ],
    "complexity": {
        "normal_roughness": [
            0.05731654539704323,
            0.051930271089076996,
            0.051922932267189026,
            0.05727251619100571,
            0.05823946371674538,
            0.05345296114683151,
            0.04283066838979721,
            0.03908601403236389,
            0.03889079391956329,
            0.044508520513772964,
            0.052951160818338394,
            0.05989242345094681,
            0.05776715278625488,
            0.05167005956172943,
            0.0356309749186039,
            0.0419195294380188,
            0.04537507891654968,
            0.03250068426132202,
            0.04017148166894913,
            0.05490582063794136,
            0.048780955374240875,
            0.03719674050807953,
            0.044592566788196564,
            0.05469043552875519,
            0.04855480417609215,
            0.031147494912147522,
            0.04559701681137085,
            0.05241779983043671,
            0.04145753011107445,
            0.035016920417547226,
            0.04636826366186142,
            0.05503656715154648,
            0.059007011353969574,
            0.04915008693933487,
            0.034141216427087784,
            0.041576214134693146,
            0.039409998804330826,
            0.04954477772116661,
            0.056129079312086105,
            0.061812423169612885,
            0.05678977072238922,
            0.05181744694709778,
            0.0475749745965004,
            0.04062258079648018,
            0.053417354822158813,
            0.060505058616399765,
            0.06009541451931,
            0.053752340376377106
        ],