{
    "PSNR": [
        23.03119659423828,
        18.769456148147583,
        14.375094175338745,
        14.9531888961792,
        20.354316234588623,
        17.80807614326477,
        17.230058908462524,
        17.557872533798218,
        14.044792652130127,
        12.857884168624878,
        13.255345821380615,
        15.961446762084961,
        19.005908966064453,
        17.02451467514038,
        15.429133176803589,
        16.149388551712036,
        15.790609121322632,
        13.252848386764526,
        12.789232730865479,
        14.424163103103638,
        17.653180360794067,
        14.842180013656616,
        14.36928391456604,
        17.402043342590332,
        14.828604459762573,
        13.10320496559143,
        13.708055019378662,
        18.708630800247192,
        18.100446462631226,
        15.224999189376831,
        13.90857219696045,
        14.412167072296143,
        17.85900115966797,
        15.073919296264648,
        14.272856712341309,
        17.07587242126465,
        16.06050729751587,
        14.2384934425354,
        13.959516286849976,
        15.784802436828613,
        19.180806875228882,
        17.15155601501465,
        17.18910813331604,
        18.07872176170349,
        15.033824443817139,
        14.844735860824585,
        17.741540670394897,
        17.49946117401123
    ],
    "SSIM": [
        0.9009461402893066,
        0.7632178068161011,
        0.6177976131439209,
        0.6562008261680603,
        0.8070801496505737,
        0.7339717149734497,
        0.7012877464294434,
        0.7404112815856934,
        0.5951356291770935,
        0.5381901860237122,
        0.5680601596832275,
        0.7085827589035034,
        0.7912032008171082,
        0.679624080657959,
        0.636205792427063,
        0.6809557676315308,
        0.7046459913253784,
        0.5782575607299805,
        0.5397790670394897,
        0.6442236304283142,
        0.7068852186203003,
        0.59795081615448,
        0.5860397815704346,
        0.7627623081207275,
        0.6638932228088379,
        0.5707045793533325,
        0.599978506565094,
        0.8038047552108765,
        0.7466520071029663,
        0.6136433482170105,
        0.5547515153884888,
        0.6144179701805115,
        0.8016619682312012,
        0.6796684265136719,
        0.6354765892028809,
        0.7585222125053406,
        0.6678709983825684,
        0.571968674659729,
        0.5800999402999878,
        0.6965932846069336,
        0.8298246264457703,
        0.7672173380851746,
        0.7744121551513672,
        0.7927810549736023,
        0.6300113797187805,
        0.6376127004623413,
        0.784625768661499,
        0.7693721652030945
    ],
    "MSE": [
        0.004976001568138599,
        0.01327560469508171,
        0.036516617983579636,
        0.031965479254722595,
        0.009216553531587124,
        0.01656503975391388,
        0.01892317831516266,
        0.017547396942973137,
        0.039402227848768234,
        0.051785908639431,
        0.04725692793726921,
        0.025342842563986778,
        0.012572137638926506,
        0.019840311259031296,
        0.02864750288426876,
        0.024269521236419678,
        0.026359617710113525,
        0.04728410765528679,
        0.05261101573705673,
        0.03610635921359062,
        0.017166506499052048,
        0.032793063670396805,
        0.03656550869345665,
        0.01818845421075821,
        0.032895732671022415,
        0.048941753804683685,
        0.042578913271427155,
        0.013462848961353302,
        0.015486571006476879,
        0.030026182532310486,
        0.04065769910812378,
        0.03620623052120209,
        0.01637193188071251,
        0.031089093536138535,
        0.0373864620923996,
        0.019607074558734894,
        0.024771330878138542,
        0.037683453410863876,
        0.04018356651067734,
        0.026394888758659363,
        0.012075897306203842,
        0.019268345087766647,
        0.01910245791077614,
        0.015564240515232086,
        0.03137744963169098,
        0.03277377411723137,
        0.016820769757032394,
        0.017784997820854187
    ],
    "LPIPS": [
        0.15885230898857117,
        0.2544099688529968,
        0.36129993200302124,
        0.3631226718425751,
        0.22239148616790771,
        0.29331037402153015,
        0.2833339273929596,
        0.3235631585121155,
        0.3918575644493103,
        0.3941655457019806,
        0.4169121980667114,
        0.3080652058124542,
        0.21930056810379028,
        0.3088815212249756,
        0.35322773456573486,
        0.3037712574005127,
        0.31908857822418213,
        0.39057058095932007,
        0.4114419221878052,
        0.3584681749343872,
        0.29030880331993103,
        0.3817659020423889,
        0.38517260551452637,
        0.2953945994377136,
        0.3157983422279358,
        0.38340985774993896,
        0.37823647260665894,
        0.26269078254699707,
        0.2750738263130188,
        0.3571550250053406,
        0.38342395424842834,
        0.38335829973220825,
        0.2421819269657135,
        0.30436909198760986,
        0.34856149554252625,
        0.2864415645599365,
        0.32639279961586,
        0.38195091485977173,
        0.4132464528083801,
        0.35252588987350464,
        0.23265640437602997,
        0.23543867468833923,
        0.23680928349494934,
        0.25901225209236145,
        0.36046960949897766,
        0.37391963601112366,
        0.2517661452293396,
        0.27010953426361084
    ],
    "complexity": {
        "normal_roughness": [
            0.04926244169473648,
            0.04156722128391266,
            0.05726878345012665,
            0.05530118942260742,
            0.03643517196178436,
            0.043457865715026855,
            0.04219464212656021,
            0.0424741767346859,
            0.05359581112861633,
            0.06028187647461891,
            0.05973450094461441,
            0.05262479931116104,
            0.03666023910045624,
            0.05185803398489952,
            0.054202690720558167,
            0.04522773623466492,
            0.04168001189827919,
            0.05748268589377403,
            0.0580596849322319,
            0.053255658596754074,
            0.0501418262720108,
            0.05868677794933319,
            0.055175598710775375,
            0.04271601885557175,
            0.04366803914308548,
            0.057650789618492126,
            0.04966671019792557,
            0.04173964262008667,
            0.039049044251441956,
            0.05948041379451752,
            0.060635246336460114,
            0.0542217381298542,
            0.03776705265045166,
            0.050001710653305054,
            0.05139493942260742,
            0.03874065726995468,
            0.05133228749036789,
            0.06061134487390518,
            0.06071913242340088,
            0.05163104087114334,
            0.03605670481920242,
            0.04371136054396629,
            0.03662968426942825,
            0.034505054354667664,
            0.054040152579545975,
            0.05677606537938118,
            0.04184264689683914,
            0.036590225994586945
        ],