{"PSNR": [20.974373817443848, 16.52403950691223, 16.117268800735474, 17.179534435272217, 17.97553777694702, 16.8209445476532, 15.853182077407837, 14.625303745269775, 14.893486499786377, 14.768121242523193, 15.64283013343811, 16.240540742874146, 15.40232539176941, 16.165133714675903, 15.267492532730103, 14.00970458984375, 13.946144580841064, 14.31978464126587, 14.148296117782593, 14.789705276489258, 15.890686511993408, 14.812384843826294, 14.261670112609863, 13.639827966690063, 15.091352462768555, 13.170585632324219, 14.523217678070068, 13.752347230911255, 14.014135599136353, 14.903380870819092, 14.420000314712524, 13.844819068908691, 14.070593118667603, 14.166431427001953, 13.731461763381958, 13.987244367599487, 14.957668781280518, 15.4642915725708, 14.77298378944397, 14.414290189743042, 15.795478820800781, 14.449691772460938, 14.644967317581177, 14.42585825920105, 15.870717763900757, 14.777313470840454, 17.02792763710022, 15.567662715911865], "SSIM": [0.8616940379142761, 0.6704437136650085, 0.6524615287780762, 0.6974517703056335, 0.70445716381073, 0.662287712097168, 0.6244639158248901, 0.6036664247512817, 0.6334415674209595, 0.6058900356292725, 0.5941747426986694, 0.6168631315231323, 0.6082255840301514, 0.6628586053848267, 0.5724737048149109, 0.5360723733901978, 0.5967313051223755, 0.6004133224487305, 0.5543920397758484, 0.5433249473571777, 0.6612169146537781, 0.5726131200790405, 0.5363848209381104, 0.559783399105072, 0.6226802468299866, 0.5317590236663818, 0.5581024885177612, 0.5271424651145935, 0.5751931667327881, 0.6453770995140076, 0.5637056827545166, 0.54510498046875, 0.6041250824928284, 0.5990681648254395, 0.523428738117218, 0.5457836985588074, 0.6546913385391235, 0.6792007684707642, 0.6188534498214722, 0.6133191585540771, 0.6728520393371582, 0.5987660884857178, 0.5946821570396423, 0.5958001017570496, 0.6936197280883789, 0.6531052589416504, 0.7521573901176453, 0.6717805862426758], "MSE": [0.007990293204784393, 0.022263631224632263, 0.024449680000543594, 0.019144613295793533, 0.01593845896422863, 0.020792445167899132, 0.025982549414038658, 0.03447224572300911, 0.032407935708761215, 0.03335706889629364, 0.027272000908851624, 0.0237654447555542, 0.028824880719184875, 0.02418169006705284, 0.029733827337622643, 0.039721857756376266, 0.04030747339129448, 0.03698465973138809, 0.03847426921129227, 0.033191703259944916, 0.025759145617485046, 0.0330188162624836, 0.037482887506484985, 0.043253093957901, 0.030964553356170654, 0.04818829149007797, 0.035292163491249084, 0.04214686155319214, 0.03968135267496109, 0.03233418986201286, 0.036140985786914825, 0.04125894233584404, 0.03916884586215019, 0.03831394016742706, 0.04235004633665085, 0.03992782160639763, 0.0319325216114521, 0.028416519984602928, 0.03331974893808365, 0.03618853539228439, 0.02633008360862732, 0.035894740372896194, 0.0343165248632431, 0.03609227389097214, 0.025877853855490685, 0.033286549150943756, 0.01982472650706768, 0.027748137712478638], "LPIPS": [0.17939816415309906, 0.2783408761024475, 0.3176167607307434, 0.28793543577194214, 0.2652474045753479, 0.2689635753631592, 0.3038730025291443, 0.3033061921596527, 0.3569764494895935, 0.4011966586112976, 0.35479897260665894, 0.30892303586006165, 0.34463977813720703, 0.28139257431030273, 0.3570138216018677, 0.38264694809913635, 0.3570139706134796, 0.37106630206108093, 0.406233549118042, 0.3425006866455078, 0.34203463792800903, 0.3469788134098053, 0.3812563717365265, 0.40316298604011536, 0.3346569836139679, 0.4117916226387024, 0.37352001667022705, 0.35552430152893066, 0.35883474349975586, 0.3470996022224426, 0.3711150884628296, 0.3673645555973053, 0.3475932478904724, 0.34888243675231934, 0.3753024935722351, 0.4012400507926941, 0.3316604793071747, 0.3742181658744812, 0.3444247543811798, 0.33115631341934204, 0.25975608825683594, 0.3120403289794922, 0.3161201477050781, 0.34724563360214233, 0.302696168422699, 0.27518126368522644, 0.239990696310997, 0.3090395927429199]}