{"PSNR": [20.476512908935547, 14.645533561706543, 15.21931529045105, 15.823559761047363, 16.24033212661743, 15.782899856567383, 13.80422830581665, 13.381707668304443, 14.059748649597168, 14.960082769393921, 15.392680168151855, 14.730285406112671, 14.192590713500977, 16.55693531036377, 14.463244676589966, 13.922158479690552, 14.301062822341919, 14.799846410751343, 15.90152621269226, 14.48471188545227, 15.0847327709198, 15.57021975517273, 13.609766960144043, 14.48011040687561, 15.039647817611694, 15.03172755241394, 14.414048194885254, 13.784277439117432, 14.579927921295166, 16.07048511505127, 14.409537315368652, 13.756412267684937, 13.921840190887451, 14.868495464324951, 14.856170415878296, 13.770142793655396, 14.943457841873169, 15.554811954498291, 13.873822689056396, 14.088114500045776, 15.721875429153442, 16.05913281440735, 14.691866636276245, 13.994752168655396, 16.39437198638916, 15.602033138275146, 17.10163116455078, 15.19181489944458], "SSIM": [0.8726257085800171, 0.6204098463058472, 0.6231464743614197, 0.6528021097183228, 0.6880547404289246, 0.670343279838562, 0.5888419151306152, 0.5746424198150635, 0.5724819898605347, 0.5959368944168091, 0.6427655816078186, 0.6464599370956421, 0.6755321025848389, 0.675047755241394, 0.5989983677864075, 0.5648040771484375, 0.6212930679321289, 0.6001713275909424, 0.6580950617790222, 0.6412186622619629, 0.6255937814712524, 0.6326200366020203, 0.6066311597824097, 0.6615128517150879, 0.6530494689941406, 0.6339268088340759, 0.6437156200408936, 0.6469848155975342, 0.6093152761459351, 0.6265462636947632, 0.595851719379425, 0.6001629829406738, 0.6478763818740845, 0.6458358764648438, 0.6633046269416809, 0.6187933683395386, 0.5758983492851257, 0.6138544082641602, 0.5816442966461182, 0.5955661535263062, 0.6908245086669922, 0.69010990858078, 0.6453345417976379, 0.5919243693351746, 0.6592046618461609, 0.6280285120010376, 0.7338764071464539, 0.6364085078239441], "MSE": [0.008960842154920101, 0.03431205078959465, 0.03006550669670105, 0.026160379871726036, 0.023766588419675827, 0.02640645205974579, 0.04164637252688408, 0.04590175673365593, 0.03926677256822586, 0.03191477805376053, 0.028888963162899017, 0.03364895284175873, 0.03808385133743286, 0.022095635533332825, 0.03578289970755577, 0.04053071141242981, 0.037144437432289124, 0.03311429172754288, 0.02569492720067501, 0.03560646250844002, 0.031011786311864853, 0.027731802314519882, 0.04355353116989136, 0.03564421832561493, 0.03133540600538254, 0.03139260411262512, 0.03619055449962616, 0.041838131844997406, 0.03483430668711662, 0.024714482948184013, 0.036228157579898834, 0.04210744425654411, 0.04053367301821709, 0.032594963908195496, 0.03268760070204735, 0.041974522173404694, 0.03203717991709709, 0.02783036231994629, 0.04098432883620262, 0.03901113569736481, 0.02678012102842331, 0.024779168888926506, 0.033947937190532684, 0.0398588553071022, 0.022938385605812073, 0.027529394254088402, 0.019491130486130714, 0.030256494879722595], "LPIPS": [0.13634556531906128, 0.3158265948295593, 0.31746166944503784, 0.2873814105987549, 0.24248765408992767, 0.2271144837141037, 0.3317757248878479, 0.3469078838825226, 0.3491951823234558, 0.34725573658943176, 0.31886208057403564, 0.27814340591430664, 0.27214333415031433, 0.32712066173553467, 0.33874019980430603, 0.37893813848495483, 0.33109351992607117, 0.3498396873474121, 0.3333251476287842, 0.32181015610694885, 0.34603798389434814, 0.33817940950393677, 0.34409940242767334, 0.35261136293411255, 0.33588096499443054, 0.2981945276260376, 0.34229135513305664, 0.35853660106658936, 0.3417094945907593, 0.32329052686691284, 0.3783445954322815, 0.3542976975440979, 0.30423539876937866, 0.3501456677913666, 0.33015549182891846, 0.35029011964797974, 0.3596557676792145, 0.3583020269870758, 0.4058910608291626, 0.3211660385131836, 0.23421138525009155, 0.26746147871017456, 0.288319855928421, 0.35252177715301514, 0.3146037459373474, 0.28826767206192017, 0.2437889575958252, 0.3148951828479767]}