{
    "PSNR": [
        20.6530499458313,
        15.701988935470581,
        13.89341115951538,
        15.077697038650513,
        16.56386137008667,
        16.46641492843628,
        14.283196926116943,
        12.671111822128296,
        12.127704620361328,
        12.808418273925781,
        12.42384672164917,
        13.638468980789185,
        14.04913067817688,
        16.039410829544067,
        14.18150544166565,
        12.040611505508423,
        11.069446802139282,
        13.351041078567505,
        12.327350378036499,
        12.300347089767456,
        14.677618741989136,
        14.939408302307129,
        12.669315338134766,
        10.94794511795044,
        12.369534969329834,
        12.672748565673828,
        12.408472299575806,
        12.467237710952759,
        13.37575078010559,
        14.474996328353882,
        13.57649564743042,
        11.70676589012146,
        12.15572476387024,
        14.571750164031982,
        12.039157152175903,
        13.020814657211304,
        13.78254771232605,
        14.019356966018677,
        13.662159442901611,
        13.406728506088257,
        15.092740058898926,
        14.843541383743286,
        12.808175086975098,
        13.509824275970459,
        13.505210876464844,
        14.200524091720581,
        16.651206016540527,
        15.08664608001709
    ],
    "SSIM": [
        0.8680695295333862,
        0.6621873378753662,
        0.599219560623169,
        0.6388527154922485,
        0.6911158561706543,
        0.6719154119491577,
        0.6427618265151978,
        0.574482798576355,
        0.5451928377151489,
        0.5651198625564575,
        0.5362132787704468,
        0.5882986783981323,
        0.6101076006889343,
        0.6110071539878845,
        0.6062206625938416,
        0.5652620792388916,
        0.5051623582839966,
        0.5945678353309631,
        0.5306353569030762,
        0.5647708177566528,
        0.574509859085083,
        0.5846479535102844,
        0.5697817802429199,
        0.5443288683891296,
        0.5434324741363525,
        0.513430655002594,
        0.5453858375549316,
        0.5721301436424255,
        0.5651165246963501,
        0.5435386896133423,
        0.5597141981124878,
        0.5774424076080322,
        0.5493381023406982,
        0.606012225151062,
        0.49907931685447693,
        0.5756472945213318,
        0.5610983967781067,
        0.5774884819984436,
        0.6120619177818298,
        0.6317274570465088,
        0.6616201400756836,
        0.62238609790802,
        0.5509450435638428,
        0.6100049018859863,
        0.5656113624572754,
        0.6279585957527161,
        0.7374095916748047,
        0.6445473432540894
    ],
    "MSE": [
        0.008603892289102077,
        0.026903029531240463,
        0.040799885988235474,
        0.031062066555023193,
        0.02206042967736721,
        0.02256101183593273,
        0.0372975617647171,
        0.05406159162521362,
        0.0612674206495285,
        0.05237913131713867,
        0.05722890421748161,
        0.04326663538813591,
        0.039362892508506775,
        0.02489195019006729,
        0.03818120062351227,
        0.0625084713101387,
        0.0781727284193039,
        0.04622701555490494,
        0.05851469933986664,
        0.05887967348098755,
        0.034059491008520126,
        0.03206706792116165,
        0.05408397316932678,
        0.08039064705371857,
        0.057949088513851166,
        0.05404122173786163,
        0.05743184685707092,
        0.056659962981939316,
        0.04596474766731262,
        0.03568620979785919,
        0.04388847202062607,
        0.06750306487083435,
        0.060873400419950485,
        0.034899964928627014,
        0.06252939999103546,
        0.04987909644842148,
        0.04185479134321213,
        0.039633676409721375,
        0.04303125664591789,
        0.0456380657851696,
        0.030954662710428238,
        0.03278278559446335,
        0.052382051944732666,
        0.04456743597984314,
        0.04461479187011719,
        0.038014356046915054,
        0.021621186286211014,
        0.030998121947050095
    ],
    "LPIPS": [
        0.15554043650627136,
        0.300525963306427,
        0.33551815152168274,
        0.28891226649284363,
        0.2712322473526001,
        0.2667355239391327,
        0.33605027198791504,
        0.3901464343070984,
        0.4193888306617737,
        0.4146416187286377,
        0.42694544792175293,
        0.34913796186447144,
        0.35213786363601685,
        0.360981822013855,
        0.3720722496509552,
        0.4169081449508667,
        0.432325541973114,
        0.3865206241607666,
        0.42595046758651733,
        0.4249877333641052,
        0.35758209228515625,
        0.38091617822647095,
        0.3766095042228699,
        0.41844114661216736,
        0.40245968103408813,
        0.43520689010620117,
        0.42365914583206177,
        0.36603832244873047,
        0.3910931348800659,
        0.4116688370704651,
        0.40318965911865234,
        0.4201256036758423,
        0.3765579164028168,
        0.36404949426651,
        0.44530296325683594,
        0.3950651288032532,
        0.3941616714000702,
        0.3991538882255554,
        0.39719918370246887,
        0.3317422568798065,
        0.32773077487945557,
        0.314397931098938,
        0.38563430309295654,
        0.3442591428756714,
        0.37052711844444275,
        0.3134423494338989,
        0.26492825150489807,
        0.2964869737625122
    ],
    "complexity": {
        "normal_roughness": [
            0.060183458030223846,
            0.053658511489629745,
            0.04179992526769638,
            0.050966840237379074,
            0.05933921039104462,
            0.06135454773902893,
            0.055564701557159424,
            0.04552005976438522,
            0.03746652230620384,
            0.03686243295669556,
            0.035918429493904114,
            0.04973139613866806,
            0.05453939735889435,
            0.06164254993200302,
            0.056145019829273224,
            0.04210444912314415,
            0.042937688529491425,
            0.049740687012672424,
            0.04691043123602867,
            0.03415907546877861,
            0.05490458756685257,
            0.057383500039577484,
            0.044648561626672745,
            0.03837630897760391,
            0.055402956902980804,
            0.0572611503303051,
            0.046997979283332825,
            0.04063988849520683,
            0.04311264306306839,
            0.05356947332620621,
            0.04382772743701935,
            0.03260065242648125,
            0.05231679230928421,
            0.06007076054811478,
            0.0573355033993721,
            0.0422322154045105,
            0.03942444920539856,
            0.03990844637155533,
            0.03405413404107094,
            0.044998250901699066,
            0.05656284838914871,
            0.05988457798957825,
            0.05456879734992981,
            0.04155533388257027,
            0.044031642377376556,
            0.04883255064487457,
            0.05657223239541054,
            0.05257769674062729
        ],