{
    "PSNR": [
        20.521235466003418,
        16.943230628967285,
        15.81048846244812,
        14.909348487854004,
        15.715464353561401,
        17.539992332458496,
        15.409574508666992,
        15.108433961868286,
        15.964025259017944,
        14.586635828018188,
        14.40134882926941,
        14.582650661468506,
        14.519544839859009,
        15.956733226776123,
        14.685183763504028,
        14.582444429397583,
        15.418815612792969,
        15.590406656265259,
        14.483649730682373,
        14.02589201927185,
        16.45699381828308,
        14.800714254379272,
        14.175060987472534,
        14.337230920791626,
        14.90840196609497,
        15.327752828598022,
        14.108422994613647,
        14.120503664016724,
        15.830802917480469,
        14.971698522567749,
        13.999724388122559,
        14.353554248809814,
        15.16808271408081,
        15.320643186569214,
        15.273672342300415,
        14.45959210395813,
        15.594921112060547,
        14.033727645874023,
        14.515329599380493,
        15.125340223312378,
        16.614748239517212,
        15.583162307739258,
        15.391151905059814,
        15.277700424194336,
        15.247563123703003,
        15.330299139022827,
        17.30191707611084,
        16.72185778617859
    ],
    "SSIM": [
        0.8807213306427002,
        0.7614883184432983,
        0.7160803079605103,
        0.656304657459259,
        0.7088920474052429,
        0.7891418933868408,
        0.680051326751709,
        0.6975841522216797,
        0.7562295794487,
        0.6318169236183167,
        0.6070327162742615,
        0.6309314966201782,
        0.6213365793228149,
        0.7184485793113708,
        0.656168520450592,
        0.6036348342895508,
        0.6963393688201904,
        0.725712239742279,
        0.6075955629348755,
        0.5751949548721313,
        0.7283522486686707,
        0.662605881690979,
        0.5872530937194824,
        0.5887010097503662,
        0.7254206538200378,
        0.7065643072128296,
        0.5796468257904053,
        0.5820676684379578,
        0.7121683955192566,
        0.6751613616943359,
        0.5873357057571411,
        0.5685563087463379,
        0.636543869972229,
        0.7481746077537537,
        0.6770150661468506,
        0.6022528409957886,
        0.7189590334892273,
        0.5949544906616211,
        0.6023603677749634,
        0.6220788359642029,
        0.714543342590332,
        0.7385873794555664,
        0.6926879286766052,
        0.7003957629203796,
        0.6701404452323914,
        0.644779622554779,
        0.7492462992668152,
        0.7364166975021362
    ],
    "MSE": [
        0.00886903703212738,
        0.020215151831507683,
        0.026239236816763878,
        0.03228979557752609,
        0.026819683611392975,
        0.017619788646697998,
        0.028776805847883224,
        0.03084300085902214,
        0.025327805429697037,
        0.03478054702281952,
        0.036296527832746506,
        0.034812480211257935,
        0.035322025418281555,
        0.025370365008711815,
        0.0340002179145813,
        0.03481413051486015,
        0.02871564030647278,
        0.02760319411754608,
        0.03561516851186752,
        0.03957407921552658,
        0.022610004991292953,
        0.03310767561197281,
        0.038237884640693665,
        0.036836378276348114,
        0.03229682147502899,
        0.029324103146791458,
        0.03882914036512375,
        0.038721270859241486,
        0.026116784662008286,
        0.03182952105998993,
        0.03981325030326843,
        0.03669818490743637,
        0.030422285199165344,
        0.02937215194106102,
        0.02969154343008995,
        0.03581300377845764,
        0.02757452055811882,
        0.03950273618102074,
        0.03535632789134979,
        0.030723169445991516,
        0.02180344983935356,
        0.027649279683828354,
        0.02889913320541382,
        0.029664024710655212,
        0.029870590195059776,
        0.029306918382644653,
        0.018612658604979515,
        0.021272294223308563
    ],
    "LPIPS": [
        0.16080379486083984,
        0.27286797761917114,
        0.2616828680038452,
        0.281585156917572,
        0.24518294632434845,
        0.2346569001674652,
        0.2659514248371124,
        0.30191415548324585,
        0.2540181577205658,
        0.3396480679512024,
        0.3930022418498993,
        0.3407161235809326,
        0.32768821716308594,
        0.2758590579032898,
        0.2996375560760498,
        0.37643197178840637,
        0.31978514790534973,
        0.3056536614894867,
        0.4107954800128937,
        0.4197205901145935,
        0.28243598341941833,
        0.3450610041618347,
        0.4452795386314392,
        0.40702396631240845,
        0.29853731393814087,
        0.34144437313079834,
        0.43226343393325806,
        0.37695860862731934,
        0.27493816614151,
        0.3110182285308838,
        0.4299713969230652,
        0.44031888246536255,
        0.3474314212799072,
        0.28600865602493286,
        0.3521212339401245,
        0.4003801941871643,
        0.2852975130081177,
        0.36806344985961914,
        0.4042748212814331,
        0.3886735141277313,
        0.24307334423065186,
        0.28097420930862427,
        0.3148725628852844,
        0.3086168169975281,
        0.2912362813949585,
        0.2854115664958954,
        0.23833221197128296,
        0.2521500587463379
    ],
    "complexity": {
        "normal_roughness": [
            0.04655565693974495,
            0.039536453783512115,
            0.05112244561314583,
            0.05693097785115242,
            0.05078946799039841,
            0.03384730964899063,
            0.04465681314468384,
            0.04084334522485733,
            0.036767035722732544,
            0.04877110570669174,
            0.0579313188791275,
            0.060626305639743805,
            0.05537176504731178,
            0.03343583270907402,
            0.050178926438093185,
            0.05474720895290375,
            0.04281226545572281,
            0.03564073517918587,
            0.053130511194467545,
            0.06049167364835739,
            0.04390859231352806,
            0.04705692082643509,
            0.05744213983416557,
            0.05501822754740715,
            0.03690534085035324,
            0.044726040214300156,
            0.05797043442726135,
            0.057081710547208786,
            0.04441562294960022,
            0.04103774204850197,
            0.05690992623567581,
            0.062268346548080444,
            0.05271642655134201,
            0.031762734055519104,
            0.04998427629470825,
            0.052548378705978394,
            0.0401289239525795,
            0.05357449874281883,
            0.05990823358297348,
            0.060595981776714325,
            0.05157484859228134,
            0.03639202192425728,
            0.044166646897792816,
            0.03902147710323334,
            0.052490632981061935,
            0.059885554015636444,
            0.052462585270404816,
            0.043239012360572815
        ],