{"PSNR": [20.91285467147827, 17.02349305152893, 17.521326541900635, 18.155317306518555, 18.857004642486572, 18.11745285987854, 16.35525345802307, 15.900561809539795, 16.521916389465332, 18.12583327293396, 17.983577251434326, 17.305158376693726, 15.841619968414307, 17.649898529052734, 15.919474363327026, 15.510414838790894, 15.405510663986206, 17.716232538223267, 18.148415088653564, 15.42033076286316, 16.467455625534058, 16.49946689605713, 15.193507671356201, 15.250152349472046, 16.18886113166809, 18.047560453414917, 15.673186779022217, 14.77717399597168, 14.883321523666382, 18.003430366516113, 15.816236734390259, 15.528970956802368, 15.568504333496094, 17.943291664123535, 15.70244312286377, 14.626871347427368, 15.264230966567993, 16.16313338279724, 16.14048957824707, 16.22904896736145, 16.923882961273193, 15.713881254196167, 14.745938777923584, 14.643102884292603, 15.857491493225098, 16.13589882850647, 16.18943452835083, 15.038905143737793], "SSIM": [0.8559598922729492, 0.7011061906814575, 0.7332849502563477, 0.7309150695800781, 0.7877936363220215, 0.7456123232841492, 0.6543447375297546, 0.6459888815879822, 0.690835177898407, 0.7455033659934998, 0.7109845876693726, 0.7063050270080566, 0.6756492853164673, 0.7612993121147156, 0.6349439024925232, 0.6269046068191528, 0.6347716450691223, 0.7194290161132812, 0.7172077894210815, 0.6251192092895508, 0.7201433181762695, 0.7012357115745544, 0.599278450012207, 0.633372962474823, 0.6839221715927124, 0.7185589075088501, 0.6290798187255859, 0.594596266746521, 0.6283246874809265, 0.7737916707992554, 0.6665405035018921, 0.6450653076171875, 0.683212161064148, 0.7288753986358643, 0.6365601420402527, 0.6051496267318726, 0.6814953684806824, 0.7291594743728638, 0.7018921375274658, 0.7115341424942017, 0.744456946849823, 0.6763767600059509, 0.6306861639022827, 0.6308904886245728, 0.7353522777557373, 0.7436947822570801, 0.7476570010185242, 0.685157060623169], "MSE": [0.008104285225272179, 0.019844984635710716, 0.017695685848593712, 0.015292145311832428, 0.013010665774345398, 0.015426053665578365, 0.02314593456685543, 0.025700634345412254, 0.022274523973464966, 0.01539631187915802, 0.01590898260474205, 0.0185987688601017, 0.026051823049783707, 0.017179490998387337, 0.025588959455490112, 0.02811632677912712, 0.0288037471473217, 0.016919082030653954, 0.015316463075578213, 0.028705623000860214, 0.022555604577064514, 0.022389963269233704, 0.030244698747992516, 0.029852785170078278, 0.02404993586242199, 0.015676312148571014, 0.027082037180662155, 0.03328760713338852, 0.03248388320207596, 0.01583642140030861, 0.026204530149698257, 0.027996446937322617, 0.02774275839328766, 0.01605723798274994, 0.026900215074419975, 0.03445981815457344, 0.02975616604089737, 0.02419283054769039, 0.024319302290678024, 0.0238284133374691, 0.020305408164858818, 0.02682945691049099, 0.033527880907058716, 0.03433126583695412, 0.025956779718399048, 0.024345023557543755, 0.0240467619150877, 0.03134075924754143], "LPIPS": [0.14518699049949646, 0.33133289217948914, 0.29479753971099854, 0.24829524755477905, 0.2555655241012573, 0.27790766954421997, 0.33107852935791016, 0.3535732924938202, 0.34059786796569824, 0.31039026379585266, 0.3125322759151459, 0.28466880321502686, 0.31572526693344116, 0.29104310274124146, 0.33294564485549927, 0.3597697913646698, 0.38425537943840027, 0.29901909828186035, 0.3391129672527313, 0.355570912361145, 0.29911649227142334, 0.3285885751247406, 0.3523465692996979, 0.3888701796531677, 0.3027969300746918, 0.29742884635925293, 0.35717537999153137, 0.3908995985984802, 0.3902514576911926, 0.25153952836990356, 0.318380206823349, 0.3763431906700134, 0.3075413703918457, 0.2903667688369751, 0.3324609100818634, 0.3989642858505249, 0.3256233334541321, 0.3075488805770874, 0.3360249996185303, 0.31991809606552124, 0.25856927037239075, 0.2873806357383728, 0.3588493764400482, 0.38186490535736084, 0.30429700016975403, 0.3023568093776703, 0.24996010959148407, 0.3198626935482025]}