{"max": [12.4335, 7.74394, 28.6531], "centroid": [0.9084266316126988, 2.500304970713425, 14.08118425188792], "id": "1a32f10b20170883663e90eaf6b4ca52", "numVertices": 7813, "min": [-10.5637, -0.0470408, 1.64106]}
