{"PSNR": [21.81424617767334, 18.690379858016968, 17.966442108154297, 17.65668511390686, 18.657164573669434, 18.27422261238098, 17.990890741348267, 17.350469827651978, 17.547950744628906, 16.321442127227783, 15.910745859146118, 16.5344500541687, 16.374984979629517, 16.945220232009888, 16.83009147644043, 16.957831382751465, 16.625393629074097, 16.43488049507141, 15.459755659103394, 15.64345121383667, 16.296682357788086, 16.265140771865845, 16.51000738143921, 16.55272126197815, 16.668652296066284, 15.755332708358765, 15.188007354736328, 15.309172868728638, 15.40764331817627, 15.797758102416992, 15.898796319961548, 16.59805178642273, 16.309893131256104, 16.505192518234253, 15.27571439743042, 15.288269519805908, 15.522277355194092, 15.532866716384888, 15.992224216461182, 16.61682963371277, 17.40525722503662, 16.61150097846985, 15.481109619140625, 15.289381742477417, 15.619816780090332, 16.30141019821167, 20.27684211730957, 15.926029682159424], "SSIM": [0.8981229662895203, 0.8032757639884949, 0.8132752180099487, 0.7908903360366821, 0.8435288667678833, 0.7983134984970093, 0.7499784827232361, 0.7479056715965271, 0.8008314967155457, 0.7372403144836426, 0.6986594200134277, 0.7429745197296143, 0.7671747207641602, 0.7888360023498535, 0.722224235534668, 0.7070280909538269, 0.7488428950309753, 0.7670497894287109, 0.6816056966781616, 0.6840062141418457, 0.7965559959411621, 0.7240326404571533, 0.6928526163101196, 0.7194414138793945, 0.8000766634941101, 0.7103729248046875, 0.6707417368888855, 0.7004148364067078, 0.7547367811203003, 0.7542260885238647, 0.7038342952728271, 0.7034375071525574, 0.7530040144920349, 0.7910484075546265, 0.6873976588249207, 0.6957206726074219, 0.7940810918807983, 0.7332131266593933, 0.7151639461517334, 0.7244633436203003, 0.7959725856781006, 0.7419641017913818, 0.7090843915939331, 0.7397178411483765, 0.7898039221763611, 0.7405283451080322, 0.8555285930633545, 0.7732941508293152], "MSE": [0.006585296243429184, 0.01351954322308302, 0.015971872955560684, 0.017152665182948112, 0.013623340055346489, 0.014879135414958, 0.015882208943367004, 0.018405726179480553, 0.017587535083293915, 0.02332683466374874, 0.025640439242124557, 0.02221032977104187, 0.02304101549088955, 0.020205888897180557, 0.020748700946569443, 0.020147301256656647, 0.0217500701546669, 0.0227254256606102, 0.02844621241092682, 0.027268102392554283, 0.023460201919078827, 0.023631207644939423, 0.022335683926939964, 0.022117091342806816, 0.021534502506256104, 0.026574602350592613, 0.03028303198516369, 0.0294498261064291, 0.02878960222005844, 0.026316259056329727, 0.02571108564734459, 0.021887432783842087, 0.023388952016830444, 0.022360462695360184, 0.02967759035527706, 0.029591914266347885, 0.028039634227752686, 0.02797134779393673, 0.025163879618048668, 0.021793004125356674, 0.018174991011619568, 0.021819762885570526, 0.028306689113378525, 0.029584338888525963, 0.027416905388236046, 0.023434676229953766, 0.009382441639900208, 0.02555036172270775], "LPIPS": [0.16121530532836914, 0.23749478161334991, 0.23049482703208923, 0.2485516220331192, 0.1752554476261139, 0.20962539315223694, 0.2833525538444519, 0.2701120972633362, 0.3166920840740204, 0.35203927755355835, 0.3191361129283905, 0.27319926023483276, 0.2581560015678406, 0.268725723028183, 0.32143598794937134, 0.3154483437538147, 0.2992132306098938, 0.3171694576740265, 0.34335243701934814, 0.3493785262107849, 0.3052656054496765, 0.29699140787124634, 0.34124207496643066, 0.3120425343513489, 0.3316117525100708, 0.32435309886932373, 0.3255641758441925, 0.323492169380188, 0.2794981896877289, 0.2645973563194275, 0.33760595321655273, 0.3149677515029907, 0.30256128311157227, 0.28944048285484314, 0.3189625144004822, 0.3384062349796295, 0.29942774772644043, 0.2893192768096924, 0.3288923501968384, 0.29671794176101685, 0.28886449337005615, 0.2764078378677368, 0.2788424491882324, 0.2919030487537384, 0.29117047786712646, 0.2748904228210449, 0.1975075602531433, 0.24959076941013336]}