{"PSNR": [20.931835174560547, 16.997731924057007, 17.553706169128418, 19.440648555755615, 18.154873847961426, 18.275669813156128, 16.753073930740356, 15.695719718933105, 16.164917945861816, 16.817362308502197, 18.361144065856934, 17.516804933547974, 17.00052261352539, 17.410327196121216, 16.192305088043213, 16.01448655128479, 15.746245384216309, 16.4664888381958, 17.37852692604065, 17.735334634780884, 16.833003759384155, 16.94596529006958, 15.449992418289185, 15.713146924972534, 16.433111429214478, 17.27981925010681, 17.003506422042847, 16.525869369506836, 16.883466243743896, 17.02956795692444, 15.99414348602295, 15.873126983642578, 16.26742720603943, 17.608574628829956, 17.72002935409546, 16.90643072128296, 17.22768545150757, 17.072964906692505, 17.576740980148315, 17.18204379081726, 17.361059188842773, 18.865139484405518, 17.764275074005127, 17.019470930099487, 17.285563945770264, 18.202056884765625, 18.61873149871826, 17.801982164382935], "SSIM": [0.8629903793334961, 0.7118226885795593, 0.7475273013114929, 0.7863611578941345, 0.7585009336471558, 0.7594253420829773, 0.6785537600517273, 0.6591221690177917, 0.7263534069061279, 0.7222356796264648, 0.763546884059906, 0.7373536825180054, 0.7251372337341309, 0.7146071195602417, 0.6439340114593506, 0.655788004398346, 0.7285277247428894, 0.7090005874633789, 0.7209323644638062, 0.7336528301239014, 0.7356977462768555, 0.6782514452934265, 0.6079641580581665, 0.6998809576034546, 0.7313618063926697, 0.7146629095077515, 0.6906771659851074, 0.6726610064506531, 0.7099754214286804, 0.738003134727478, 0.6361960172653198, 0.6759672164916992, 0.7592228651046753, 0.7492704391479492, 0.7227377891540527, 0.6760038137435913, 0.7584142684936523, 0.7483856678009033, 0.7234260439872742, 0.7471177577972412, 0.7700076103210449, 0.7874259948730469, 0.7149612307548523, 0.6834276914596558, 0.7606596350669861, 0.7406048774719238, 0.7779371738433838, 0.7247294783592224], "MSE": [0.008068939670920372, 0.01996305212378502, 0.01756424643099308, 0.0113745778799057, 0.015293705277144909, 0.014874178916215897, 0.021119937300682068, 0.02694188617169857, 0.024182891473174095, 0.020809601992368698, 0.014584304764866829, 0.017714116722345352, 0.019950225949287415, 0.01815379038453102, 0.02403086982667446, 0.025035222992300987, 0.026630263775587082, 0.02256062626838684, 0.018287204205989838, 0.01684483140707016, 0.020734792575240135, 0.020202428102493286, 0.028510240837931633, 0.026833999902009964, 0.022734683007001877, 0.018707601353526115, 0.019936522468924522, 0.022254256531596184, 0.020495261996984482, 0.01981724053621292, 0.025152768939733505, 0.02586350217461586, 0.023618772625923157, 0.017343733459711075, 0.016904301941394806, 0.02038717083632946, 0.018933525308966637, 0.01962020993232727, 0.017471326515078545, 0.0191335529088974, 0.01836090348660946, 0.0129863191395998, 0.01673295348882675, 0.019863372668623924, 0.018682872876524925, 0.015128444880247116, 0.013744431547820568, 0.016588300466537476], "LPIPS": [0.1978086531162262, 0.28318870067596436, 0.30247563123703003, 0.19950303435325623, 0.28744029998779297, 0.22665256261825562, 0.32599905133247375, 0.35057079792022705, 0.3480725884437561, 0.30678024888038635, 0.3004080355167389, 0.29902714490890503, 0.3281247615814209, 0.3007968068122864, 0.33307546377182007, 0.39019685983657837, 0.35811853408813477, 0.3515264093875885, 0.3272630274295807, 0.30319124460220337, 0.33407115936279297, 0.34966105222702026, 0.38517752289772034, 0.36664819717407227, 0.32135117053985596, 0.35938888788223267, 0.33749106526374817, 0.3570098578929901, 0.348878413438797, 0.3233891725540161, 0.3948372006416321, 0.3568803071975708, 0.3266831636428833, 0.3029966950416565, 0.3229933977127075, 0.36536115407943726, 0.3254409432411194, 0.32448869943618774, 0.37317439913749695, 0.327705442905426, 0.2761552631855011, 0.26152071356773376, 0.32450538873672485, 0.3318934440612793, 0.31197530031204224, 0.24579854309558868, 0.27467334270477295, 0.29973340034484863]}