{"PSNR": [20.58570146560669, 16.372623443603516, 16.93078875541687, 18.351144790649414, 18.392127752304077, 17.823212146759033, 15.307397842407227, 14.549471139907837, 15.15205979347229, 16.400227546691895, 16.8733012676239, 17.178622484207153, 15.370330810546875, 18.19534659385681, 15.330194234848022, 13.89934778213501, 14.393799304962158, 15.383138656616211, 16.074615716934204, 15.233802795410156, 15.374444723129272, 16.35268807411194, 14.45359468460083, 14.083895683288574, 14.895981550216675, 15.768409967422485, 15.740792751312256, 14.412544965744019, 14.58370327949524, 16.4652681350708, 15.552691221237183, 14.743720293045044, 15.649206638336182, 16.321107149124146, 16.16536259651184, 14.979193210601807, 16.01301908493042, 16.836155652999878, 16.091333627700806, 15.51608920097351, 17.55351424217224, 17.657123804092407, 16.20666265487671, 15.03861665725708, 17.79274582862854, 17.532771825790405, 19.152549505233765, 16.701302528381348], "SSIM": [0.863007664680481, 0.6800689697265625, 0.6685125231742859, 0.7423486709594727, 0.7440750598907471, 0.7232871055603027, 0.6240177154541016, 0.6010897159576416, 0.6207248568534851, 0.6391527056694031, 0.6732676029205322, 0.7155498266220093, 0.6407784819602966, 0.740764856338501, 0.597470223903656, 0.5490718483924866, 0.6218844652175903, 0.6558007001876831, 0.6582323312759399, 0.6454390287399292, 0.6589605808258057, 0.6865576505661011, 0.5630258321762085, 0.5862087607383728, 0.6693183183670044, 0.6498674154281616, 0.643760085105896, 0.576606035232544, 0.5845668315887451, 0.6791693568229675, 0.6433224678039551, 0.6066821217536926, 0.6847479343414307, 0.6903950572013855, 0.6645213961601257, 0.6018864512443542, 0.640108048915863, 0.6735535860061646, 0.6331874132156372, 0.6510522365570068, 0.7487037181854248, 0.7464241981506348, 0.668023943901062, 0.6085591912269592, 0.6965824961662292, 0.6886457204818726, 0.8074721693992615, 0.6817238330841064], "MSE": [0.008738359436392784, 0.023053541779518127, 0.020273147150874138, 0.01461791805922985, 0.014480622485280037, 0.016507407650351524, 0.02946186624467373, 0.0350794680416584, 0.03053472749888897, 0.022907480597496033, 0.020543286576867104, 0.019148634746670723, 0.029038017615675926, 0.015151841565966606, 0.02930762991309166, 0.040744148194789886, 0.03635968640446663, 0.02895250916481018, 0.024690993130207062, 0.02996538206934929, 0.029010524973273277, 0.023159608244895935, 0.035862501710653305, 0.039049044251441956, 0.0323893241584301, 0.026494702324271202, 0.02666372060775757, 0.036203090101480484, 0.03480403870344162, 0.022566964849829674, 0.027843959629535675, 0.03354501724243164, 0.027231987565755844, 0.02332863211631775, 0.02418041229248047, 0.031774647533893585, 0.025043681263923645, 0.020719751715660095, 0.02459612488746643, 0.02807961031794548, 0.01756501942873001, 0.01715093106031418, 0.023951560258865356, 0.031342845410108566, 0.016623614355921745, 0.017649108543992043, 0.012154723517596722, 0.021373210474848747], "LPIPS": [0.18013647198677063, 0.31876951456069946, 0.31583285331726074, 0.24819794297218323, 0.3206787705421448, 0.30008915066719055, 0.3827584981918335, 0.35107219219207764, 0.3294566869735718, 0.34695732593536377, 0.3632798194885254, 0.32196512818336487, 0.37489575147628784, 0.33165180683135986, 0.42841440439224243, 0.42516523599624634, 0.34712231159210205, 0.33407700061798096, 0.3820631802082062, 0.4076908230781555, 0.38449305295944214, 0.36078354716300964, 0.45496830344200134, 0.3532750606536865, 0.3299182057380676, 0.3435054123401642, 0.3629441261291504, 0.38284194469451904, 0.3870726525783539, 0.34718698263168335, 0.36747682094573975, 0.4059714376926422, 0.34154677391052246, 0.30491217970848083, 0.32979241013526917, 0.38616275787353516, 0.36560937762260437, 0.3357594609260559, 0.4077180325984955, 0.3461233973503113, 0.2996399402618408, 0.28147512674331665, 0.3018614649772644, 0.39196646213531494, 0.34618324041366577, 0.326067715883255, 0.2376360446214676, 0.3260781168937683]}