{"PSNR": [21.29584312438965, 17.197991609573364, 15.69674015045166, 17.201539278030396, 17.09148406982422, 18.43948006629944, 17.768371105194092, 14.919235706329346, 14.127503633499146, 14.90476131439209, 16.0312819480896, 16.873066425323486, 15.83575963973999, 16.651500463485718, 17.59718656539917, 16.491711139678955, 14.485501050949097, 14.455589056015015, 15.919290781021118, 16.217007637023926, 15.455728769302368, 16.733872890472412, 17.456636428833008, 15.885266065597534, 14.597723484039307, 15.838067531585693, 16.69575333595276, 15.571165084838867, 15.25776982307434, 15.77385425567627, 17.302252054214478, 18.6063289642334, 15.885834693908691, 15.700262784957886, 15.790823698043823, 16.99550747871399, 15.822745561599731, 16.834230422973633, 17.628841400146484, 17.848986387252808, 16.588258743286133, 16.2104332447052, 17.38379955291748, 16.37038230895996, 17.072097063064575, 17.6132333278656, 17.80056357383728, 17.418185472488403], "SSIM": [0.8788067698478699, 0.7365462183952332, 0.6959508657455444, 0.7521957159042358, 0.6897257566452026, 0.7471427321434021, 0.7501252889633179, 0.6866477727890015, 0.6443611979484558, 0.6611829996109009, 0.6987377405166626, 0.7051599025726318, 0.6344307661056519, 0.6434857249259949, 0.6927464008331299, 0.7551338076591492, 0.6406140327453613, 0.6277685165405273, 0.6861308813095093, 0.6578929424285889, 0.6086856722831726, 0.6367042064666748, 0.7358612418174744, 0.6931735873222351, 0.6083692312240601, 0.6462893486022949, 0.7036842107772827, 0.6210874319076538, 0.632510781288147, 0.6123224496841431, 0.6978468894958496, 0.7574756145477295, 0.658767819404602, 0.651186466217041, 0.6477761268615723, 0.7028729319572449, 0.6549109220504761, 0.6946112513542175, 0.7379144430160522, 0.7467321157455444, 0.6999565958976746, 0.7034775614738464, 0.7138948440551758, 0.7250422835350037, 0.7274181246757507, 0.7523354887962341, 0.7831925749778748, 0.7586355209350586], "MSE": [0.007420203648507595, 0.019063420593738556, 0.026935558766126633, 0.01904786005616188, 0.019536718726158142, 0.014323590323328972, 0.016717178747057915, 0.03221636638045311, 0.03865891695022583, 0.03232391178607941, 0.024938587099313736, 0.020544392988085747, 0.026086991652846336, 0.02161971852183342, 0.017389269545674324, 0.02242998778820038, 0.03559999167919159, 0.0358460396528244, 0.025590037927031517, 0.023894574493169785, 0.02847260795533657, 0.02121352218091488, 0.017961248755455017, 0.025791317224502563, 0.03469186648726463, 0.026073139160871506, 0.021400541067123413, 0.027725761756300926, 0.02980046719312668, 0.026461511850357056, 0.01861121878027916, 0.013783740811049938, 0.02578793093562126, 0.026913722977042198, 0.026358311995863914, 0.019973276183009148, 0.026165282353758812, 0.020728934556245804, 0.017262982204556465, 0.016409730538725853, 0.021936845034360886, 0.02393077313899994, 0.0182650163769722, 0.02306544780731201, 0.019624128937721252, 0.01732514053583145, 0.01659371517598629, 0.01812097243964672], "LPIPS": [0.15641270577907562, 0.29294776916503906, 0.3548543155193329, 0.28886792063713074, 0.2984670400619507, 0.26659828424453735, 0.2625126838684082, 0.340977281332016, 0.33990925550460815, 0.36343103647232056, 0.332470178604126, 0.3309359550476074, 0.3849096894264221, 0.34661614894866943, 0.31658780574798584, 0.3293089270591736, 0.347614586353302, 0.3690195083618164, 0.35652729868888855, 0.3642827272415161, 0.4106447696685791, 0.3582834005355835, 0.31764134764671326, 0.34455162286758423, 0.42671412229537964, 0.38346970081329346, 0.3446154296398163, 0.3982750177383423, 0.3983125686645508, 0.390140175819397, 0.3448041081428528, 0.25774481892585754, 0.3590918481349945, 0.3626423478126526, 0.3343493342399597, 0.3021671175956726, 0.3632940649986267, 0.3433187007904053, 0.3115924894809723, 0.31173986196517944, 0.28750377893447876, 0.30846211314201355, 0.3139001429080963, 0.2971162796020508, 0.31630656123161316, 0.26855579018592834, 0.28072482347488403, 0.27900195121765137]}