{"PSNR": [22.135794162750244, 21.231908798217773, 16.44618034362793, 16.619852781295776, 20.96048593521118, 18.463385105133057, 17.505964040756226, 20.89704990386963, 16.4316725730896, 14.243980646133423, 14.626494646072388, 16.927074193954468, 21.549718379974365, 17.703323364257812, 16.008015871047974, 16.490957736968994, 18.583984375, 14.295680522918701, 13.68186354637146, 15.206652879714966, 18.004223108291626, 15.474916696548462, 15.050112009048462, 16.585614681243896, 16.785099506378174, 13.909722566604614, 14.33117151260376, 17.731698751449585, 20.082387924194336, 15.608439445495605, 14.688670635223389, 14.98067855834961, 18.270171880722046, 16.004323959350586, 14.716939926147461, 16.2039577960968, 16.407724618911743, 14.862233400344849, 14.861947298049927, 15.827974081039429, 18.580514192581177, 17.07955837249756, 16.9101619720459, 19.65700387954712, 15.990145206451416, 16.340781450271606, 20.294253826141357, 19.3548583984375], "SSIM": [0.9043347239494324, 0.8780699968338013, 0.6919140815734863, 0.6844014525413513, 0.8731629252433777, 0.7155652046203613, 0.6975646018981934, 0.8384233713150024, 0.6925058364868164, 0.5662134885787964, 0.5672016143798828, 0.6875346899032593, 0.8673722147941589, 0.6896311640739441, 0.6109316349029541, 0.6574409604072571, 0.8186172246932983, 0.5779146552085876, 0.5182802081108093, 0.5967780351638794, 0.7543680667877197, 0.5872468948364258, 0.5818324089050293, 0.6875883340835571, 0.7136726379394531, 0.5472822189331055, 0.5556891560554504, 0.7369495630264282, 0.861299991607666, 0.6275903582572937, 0.5580674409866333, 0.6121677756309509, 0.810849130153656, 0.6767236590385437, 0.5905731916427612, 0.6736457347869873, 0.7063039541244507, 0.5938310027122498, 0.5947641134262085, 0.6891196966171265, 0.8697912096977234, 0.7300862073898315, 0.7153013944625854, 0.8391782641410828, 0.6789358854293823, 0.69047611951828, 0.892547607421875, 0.8609592318534851], "MSE": [0.006115341559052467, 0.0075302449986338615, 0.02266637235879898, 0.021777836605906487, 0.008015885949134827, 0.014244971796870232, 0.01775839366018772, 0.00813383050262928, 0.022742217406630516, 0.03763587400317192, 0.03446279466152191, 0.020290493965148926, 0.006998874247074127, 0.01696944609284401, 0.025072550401091576, 0.022433873265981674, 0.013854844495654106, 0.03719049319624901, 0.04283647984266281, 0.030153289437294006, 0.015833526849746704, 0.02834707871079445, 0.031259991228580475, 0.02195020578801632, 0.020964771509170532, 0.040646929293870926, 0.03688780963420868, 0.016858940944075584, 0.00981208123266697, 0.027488818392157555, 0.03397292643785477, 0.03176378458738327, 0.01489302422851324, 0.025093866512179375, 0.03375250846147537, 0.023966476321220398, 0.022867970168590546, 0.032641999423503876, 0.03264414146542549, 0.02613380178809166, 0.013865917921066284, 0.01959044113755226, 0.020369667559862137, 0.010821806266903877, 0.025175929069519043, 0.023223187774419785, 0.009344900026917458, 0.011601503007113934], "LPIPS": [0.1413947343826294, 0.154549241065979, 0.32080256938934326, 0.2977527379989624, 0.14988139271736145, 0.2753979563713074, 0.3167402744293213, 0.2056296169757843, 0.2985619902610779, 0.43698495626449585, 0.4154459834098816, 0.3430320620536804, 0.27611204981803894, 0.2951189875602722, 0.3759317100048065, 0.371738463640213, 0.2911730408668518, 0.4383818507194519, 0.4604256749153137, 0.3611679673194885, 0.30246472358703613, 0.40896761417388916, 0.474618524312973, 0.3428725004196167, 0.34729599952697754, 0.44848212599754333, 0.4061320424079895, 0.2965638041496277, 0.2624256908893585, 0.4114110767841339, 0.4621272087097168, 0.41830310225486755, 0.27710747718811035, 0.35735177993774414, 0.424818754196167, 0.3936316668987274, 0.33425217866897583, 0.44773346185684204, 0.45049184560775757, 0.3166950047016144, 0.1875409483909607, 0.2965501546859741, 0.33291423320770264, 0.263638973236084, 0.34978926181793213, 0.3430277109146118, 0.13014115393161774, 0.19904273748397827]}