{"PSNR": [21.27507209777832, 18.181095123291016, 16.593527793884277, 17.522597312927246, 19.80355978012085, 17.01745867729187, 16.28480076789856, 16.39585018157959, 15.904935598373413, 14.849730730056763, 15.775150060653687, 17.161301374435425, 18.39221954345703, 17.41918444633484, 15.462344884872437, 15.506479740142822, 17.282942533493042, 14.437204599380493, 14.434999227523804, 15.849087238311768, 18.768469095230103, 15.494353771209717, 14.884505271911621, 15.244125127792358, 16.01609468460083, 14.117947816848755, 14.950757026672363, 16.86442732810974, 18.857855796813965, 16.189393997192383, 14.98400092124939, 14.86179232597351, 16.74441933631897, 15.351771116256714, 14.708155393600464, 15.90563178062439, 17.49541163444519, 15.402679443359375, 15.12425184249878, 16.209824085235596, 19.00579571723938, 16.16154193878174, 15.659947395324707, 17.467273473739624, 16.84646487236023, 16.203101873397827, 17.743245363235474, 17.722870111465454], "SSIM": [0.8776962161064148, 0.7590775489807129, 0.7053613662719727, 0.7092733383178711, 0.8147039413452148, 0.6788150668144226, 0.6228237748146057, 0.681781530380249, 0.7097951769828796, 0.5792351961135864, 0.5741624236106873, 0.6737307906150818, 0.7499878406524658, 0.7201511859893799, 0.5671983957290649, 0.5875893235206604, 0.75472491979599, 0.6067532300949097, 0.5115872621536255, 0.5727633237838745, 0.7839047312736511, 0.6005371809005737, 0.54396653175354, 0.6191580295562744, 0.7442865371704102, 0.5425765514373779, 0.5243680477142334, 0.672268271446228, 0.7906522750854492, 0.6766807436943054, 0.575357973575592, 0.5712108016014099, 0.7362598180770874, 0.6669554710388184, 0.5557858943939209, 0.6085072755813599, 0.7737266421318054, 0.6380001306533813, 0.6094169020652771, 0.67910236120224, 0.8233734965324402, 0.6842122077941895, 0.6468533277511597, 0.7431413531303406, 0.7383502721786499, 0.6973329782485962, 0.8285300135612488, 0.7895688414573669], "MSE": [0.007455778308212757, 0.015201641246676445, 0.021910250186920166, 0.017690511420369148, 0.010462706908583641, 0.019872575998306274, 0.02352447807788849, 0.022930577397346497, 0.025674765929579735, 0.03273610770702362, 0.026453619822859764, 0.01922515407204628, 0.014480318874120712, 0.01811680942773819, 0.02842925861477852, 0.028141817077994347, 0.018694153055548668, 0.03599809855222702, 0.03601638972759247, 0.026007061824202538, 0.013278629630804062, 0.02822050265967846, 0.032475024461746216, 0.02989424392580986, 0.025025948882102966, 0.03874406963586807, 0.031983379274606705, 0.020585304126143456, 0.0130081158131361, 0.02404698356986046, 0.0317394882440567, 0.03264530748128891, 0.021162068471312523, 0.02916237711906433, 0.03382084518671036, 0.025670653209090233, 0.017801593989133835, 0.028822531923651695, 0.03073086589574814, 0.023934131488204002, 0.01257246732711792, 0.02420169673860073, 0.027164723724126816, 0.01791730523109436, 0.02067061886191368, 0.023971205577254295, 0.016814175993204117, 0.016893241554498672], "LPIPS": [0.1211307942867279, 0.2566370368003845, 0.3055054545402527, 0.2778416574001312, 0.20138537883758545, 0.2824498414993286, 0.33078789710998535, 0.32466238737106323, 0.3367859721183777, 0.36883190274238586, 0.366404265165329, 0.3143509328365326, 0.27358388900756836, 0.25783205032348633, 0.4047306478023529, 0.40655943751335144, 0.3353075087070465, 0.389438271522522, 0.4283524453639984, 0.37679699063301086, 0.22611640393733978, 0.36961430311203003, 0.43920111656188965, 0.34336674213409424, 0.28284817934036255, 0.38663846254348755, 0.41876739263534546, 0.29357558488845825, 0.2764129638671875, 0.34363311529159546, 0.4079064726829529, 0.3940882682800293, 0.26680731773376465, 0.3025831878185272, 0.39040642976760864, 0.3742518723011017, 0.25817549228668213, 0.3950214087963104, 0.3836548626422882, 0.3030247986316681, 0.22217495739459991, 0.28561854362487793, 0.3425546884536743, 0.3128429651260376, 0.3153846859931946, 0.3279285430908203, 0.24388545751571655, 0.25701090693473816]}