{
    "PSNR": [
        20.58704376220703,
        19.768253564834595,
        14.990737438201904,
        16.42520785331726,
        17.59866237640381,
        17.66003966331482,
        19.081305265426636,
        18.20652723312378,
        14.945776462554932,
        14.861898422241211,
        15.9412682056427,
        17.61861801147461,
        16.70455574989319,
        16.013723611831665,
        17.067185640335083,
        18.840690851211548,
        16.356884241104126,
        14.730615615844727,
        15.144816637039185,
        17.739211320877075,
        15.742394924163818,
        16.037200689315796,
        17.442383766174316,
        19.71074938774109,
        15.68324327468872,
        14.882879257202148,
        15.888588428497314,
        18.165669441223145,
        16.250014305114746,
        15.667608976364136,
        16.343271732330322,
        18.52458119392395,
        17.7760910987854,
        15.71176290512085,
        15.803205966949463,
        17.2668194770813,
        15.69190263748169,
        16.073888540267944,
        17.224677801132202,
        18.679550886154175,
        18.011635541915894,
        17.172483205795288,
        17.27041482925415,
        17.81463861465454,
        16.49574041366577,
        18.02656888961792,
        19.031096696853638,
        18.51964831352234
    ],
    "SSIM": [
        0.8778866529464722,
        0.8268291354179382,
        0.6697454452514648,
        0.7550403475761414,
        0.753701388835907,
        0.7205981016159058,
        0.7871400713920593,
        0.7928282618522644,
        0.6345958709716797,
        0.6116062998771667,
        0.703978955745697,
        0.8048211336135864,
        0.7208127379417419,
        0.6343790292739868,
        0.6707018613815308,
        0.7795976400375366,
        0.7060621976852417,
        0.5773674845695496,
        0.5957666635513306,
        0.7623299956321716,
        0.6162756681442261,
        0.6082479953765869,
        0.6878741979598999,
        0.8187068700790405,
        0.6333270072937012,
        0.5777261257171631,
        0.6481568813323975,
        0.7542595863342285,
        0.6547129154205322,
        0.5947819352149963,
        0.6321393251419067,
        0.7414153814315796,
        0.7612690329551697,
        0.6326690912246704,
        0.6416170597076416,
        0.715232253074646,
        0.6370871067047119,
        0.6391724348068237,
        0.696040153503418,
        0.7935099005699158,
        0.7647491693496704,
        0.7265051603317261,
        0.7330406904220581,
        0.7734226584434509,
        0.7018448710441589,
        0.772443950176239,
        0.8228338956832886,
        0.8051906824111938
    ],
    "MSE": [
        0.008735659532248974,
        0.010548110119998455,
        0.031690292060375214,
        0.02277609519660473,
        0.017383363097906113,
        0.017139418050646782,
        0.012355759739875793,
        0.015112879686057568,
        0.03202007710933685,
        0.032644517719745636,
        0.025460869073867798,
        0.017303671687841415,
        0.021357208490371704,
        0.025039616972208023,
        0.019646331667900085,
        0.013059633783996105,
        0.02313724160194397,
        0.033646389842033386,
        0.030585696920752525,
        0.016829801723361015,
        0.02665388584136963,
        0.02490462362766266,
        0.018020279705524445,
        0.01068870723247528,
        0.027019403874874115,
        0.03248719125986099,
        0.02577158808708191,
        0.015255737118422985,
        0.02371366322040558,
        0.027116846293210983,
        0.02320987731218338,
        0.014045653864741325,
        0.016687482595443726,
        0.026842545717954636,
        0.026283275336027145,
        0.01876368559896946,
        0.026965580880641937,
        0.024695124477148056,
        0.01894664205610752,
        0.013553295284509659,
        0.01580652967095375,
        0.01917571946978569,
        0.018748153001070023,
        0.016540026292204857,
        0.02240918204188347,
        0.015752270817756653,
        0.012499431148171425,
        0.014061616733670235
    ],
    "LPIPS": [
        0.1803644746541977,
        0.2480420470237732,
        0.3279963731765747,
        0.28289729356765747,
        0.2735298275947571,
        0.27216434478759766,
        0.23632211983203888,
        0.2706660032272339,
        0.33298787474632263,
        0.3985251188278198,
        0.3505769968032837,
        0.259568452835083,
        0.2736048698425293,
        0.31817761063575745,
        0.30116984248161316,
        0.21521250903606415,
        0.2909757196903229,
        0.42036375403404236,
        0.394647479057312,
        0.2592161297798157,
        0.3712083101272583,
        0.35411667823791504,
        0.29634565114974976,
        0.2325511872768402,
        0.3559872508049011,
        0.3954314887523651,
        0.31578925251960754,
        0.23433135449886322,
        0.3348562717437744,
        0.39419642090797424,
        0.35535305738449097,
        0.27413034439086914,
        0.2792115807533264,
        0.3369661569595337,
        0.3470390737056732,
        0.29293352365493774,
        0.34114232659339905,
        0.3678549528121948,
        0.3391648828983307,
        0.2583335340023041,
        0.2837728261947632,
        0.26877981424331665,
        0.3383536636829376,
        0.2504923343658447,
        0.2994144856929779,
        0.31087419390678406,
        0.2517199218273163,
        0.2628522515296936
    ],
    "complexity": {
        "normal_roughness": [
            0.04940875619649887,
            0.03675804287195206,
            0.04524119943380356,
            0.03755059093236923,
            0.05213974788784981,
            0.05769446864724159,
            0.04925591126084328,
            0.028861332684755325,
            0.05164340138435364,
            0.059988316148519516,
            0.048896417021751404,
            0.03609898313879967,
            0.04566546529531479,
            0.05816321074962616,
            0.05740324780344963,
            0.03921905905008316,
            0.03884141519665718,
            0.059618014842271805,
            0.061916448175907135,
            0.04067277908325195,
            0.052863799035549164,
            0.059804171323776245,
            0.051459141075611115,
            0.03002178482711315,
            0.05400845780968666,
            0.06504585593938828,
            0.05635787174105644,
            0.03226841986179352,
            0.04177442193031311,
            0.056755539029836655,
            0.059275221079587936,
            0.04200732707977295,
            0.0470542274415493,
            0.06289896368980408,
            0.06334052979946136,
            0.04450574517250061,
            0.04953436553478241,
            0.05565134435892105,
            0.05148642510175705,
            0.03544533625245094,
            0.05523453652858734,
            0.06075068563222885,
            0.051780153065919876,
            0.03151023015379906,
            0.044821128249168396,
            0.037488311529159546,
            0.04874010384082794,
            0.036966219544410706
        ],