{"PSNR": [20.028061866760254, 15.1116943359375, 15.211251974105835, 15.159062147140503, 15.862640142440796, 14.85256314277649, 13.324942588806152, 13.659290075302124, 14.005331993103027, 14.826362133026123, 13.863646984100342, 14.551626443862915, 14.305776357650757, 14.265486001968384, 12.599390745162964, 12.347784042358398, 13.28462839126587, 13.589237928390503, 13.66865873336792, 13.30556869506836, 13.962866067886353, 12.604546546936035, 12.668417692184448, 12.915925979614258, 13.686261177062988, 13.593497276306152, 12.771179676055908, 12.856963872909546, 13.319740295410156, 13.371881246566772, 12.658922672271729, 12.90043592453003, 13.970211744308472, 14.391511678695679, 13.235275745391846, 12.291812896728516, 14.605300426483154, 13.515301942825317, 13.212834596633911, 14.225479364395142, 15.538910627365112, 15.815353393554688, 13.818634748458862, 13.615392446517944, 15.776923894882202, 15.608493089675903, 17.200298309326172, 15.740183591842651], "SSIM": [0.8560056090354919, 0.6258646249771118, 0.6141397953033447, 0.6210193037986755, 0.6420272588729858, 0.6172263622283936, 0.5670254230499268, 0.5825831890106201, 0.5536678433418274, 0.6082612872123718, 0.5810660719871521, 0.6252224445343018, 0.5873333215713501, 0.5831655263900757, 0.5265445113182068, 0.5409364104270935, 0.5446595549583435, 0.531080961227417, 0.5950607657432556, 0.5815371870994568, 0.5651500225067139, 0.5243959426879883, 0.547844648361206, 0.5514540076255798, 0.5429892539978027, 0.6011902689933777, 0.6054127812385559, 0.5402945280075073, 0.5456262826919556, 0.5286369919776917, 0.5418033599853516, 0.5596539974212646, 0.5671371221542358, 0.5829038619995117, 0.6363033652305603, 0.5564168691635132, 0.5725848078727722, 0.5578290820121765, 0.5474472045898438, 0.600784182548523, 0.6428319811820984, 0.689041793346405, 0.6141762137413025, 0.5574495196342468, 0.6188580393791199, 0.6208744049072266, 0.7393360137939453, 0.6455049514770508], "MSE": [0.009935596026480198, 0.030819853767752647, 0.030121376737952232, 0.03048553690314293, 0.025926029309630394, 0.03271475434303284, 0.04650565981864929, 0.04305969923734665, 0.039761871099472046, 0.032912727445364, 0.04108045995235443, 0.03506205230951309, 0.03710414096713066, 0.03744996711611748, 0.054961808025836945, 0.058240026235580444, 0.046939365565776825, 0.043759893625974655, 0.04296691343188286, 0.04671357199549675, 0.04015258327126503, 0.05489659309387207, 0.05409514158964157, 0.05109841749072075, 0.04279312491416931, 0.043716996908187866, 0.052830182015895844, 0.051796894520521164, 0.04656140133738518, 0.046005718410015106, 0.05421353504061699, 0.051280997693538666, 0.04008471220731735, 0.03637884184718132, 0.04747582599520683, 0.05899548530578613, 0.0346313901245594, 0.04451125115156174, 0.047721780836582184, 0.037796538323163986, 0.02793244644999504, 0.026209861040115356, 0.04150846228003502, 0.04349715635180473, 0.026442810893058777, 0.027488484978675842, 0.019053298979997635, 0.026667458936572075], "LPIPS": [0.15360301733016968, 0.31222429871559143, 0.36430567502975464, 0.32587116956710815, 0.29086631536483765, 0.3424440622329712, 0.37135419249534607, 0.3785642981529236, 0.4200299084186554, 0.37876683473587036, 0.3449922204017639, 0.3582333028316498, 0.3998432457447052, 0.37059152126312256, 0.4301258325576782, 0.3971840739250183, 0.42844781279563904, 0.42120692133903503, 0.3749558627605438, 0.4026898145675659, 0.456208199262619, 0.45687881112098694, 0.4464017450809479, 0.4044914245605469, 0.45123329758644104, 0.3939931094646454, 0.3925344944000244, 0.4349888563156128, 0.42380625009536743, 0.43167567253112793, 0.4274051785469055, 0.40803098678588867, 0.4006875455379486, 0.3806414008140564, 0.4126492738723755, 0.43835246562957764, 0.3994683027267456, 0.39881637692451477, 0.3961665630340576, 0.377259761095047, 0.32532185316085815, 0.3023199439048767, 0.3515443801879883, 0.3992573022842407, 0.36758509278297424, 0.3491106331348419, 0.3097800016403198, 0.355712890625]}