{"PSNR": [21.27922296524048, 15.692496299743652, 15.672593116760254, 16.995339393615723, 16.822832822799683, 16.965324878692627, 15.588757991790771, 15.192526578903198, 14.83647108078003, 14.034759998321533, 14.220539331436157, 15.998668670654297, 16.48985981941223, 16.428167819976807, 16.170718669891357, 14.963338375091553, 14.912511110305786, 14.48810338973999, 14.245604276657104, 14.401378631591797, 16.74325466156006, 16.395281553268433, 15.489966869354248, 14.907944202423096, 15.300835371017456, 15.407004356384277, 14.375865459442139, 15.655770301818848, 16.8037748336792, 16.160036325454712, 16.176605224609375, 14.948476552963257, 15.403133630752563, 15.471465587615967, 16.0215961933136, 15.228188037872314, 16.633360385894775, 15.976173877716064, 16.307448148727417, 16.097012758255005, 16.33591055870056, 16.665769815444946, 15.876462459564209, 16.60383939743042, 16.95609450340271, 16.721755266189575, 18.087130784988403, 17.33969807624817], "SSIM": [0.8638495802879333, 0.7204172015190125, 0.6703577041625977, 0.6701086759567261, 0.7322382926940918, 0.7340642213821411, 0.6952222585678101, 0.711143434047699, 0.6801773309707642, 0.5641001462936401, 0.5420693159103394, 0.6617065668106079, 0.7190515398979187, 0.7063738703727722, 0.6694445610046387, 0.6320461630821228, 0.6893115043640137, 0.6220986843109131, 0.5521185398101807, 0.5725481510162354, 0.690375804901123, 0.6667646169662476, 0.6300143599510193, 0.6418678760528564, 0.6997405290603638, 0.6444248557090759, 0.5691155195236206, 0.6617645025253296, 0.7051438689231873, 0.6335427761077881, 0.6541886329650879, 0.6238581538200378, 0.6882517337799072, 0.6855347156524658, 0.6731876134872437, 0.6361991167068481, 0.6782668828964233, 0.6427570581436157, 0.6790439486503601, 0.6942521929740906, 0.7159925699234009, 0.7213802337646484, 0.6783883571624756, 0.7124516367912292, 0.7146958112716675, 0.7170588374137878, 0.7656276226043701, 0.7304479479789734], "MSE": [0.007448653690516949, 0.02696188911795616, 0.027085736393928528, 0.01997404918074608, 0.020783409476280212, 0.020112570375204086, 0.027613677084445953, 0.030251532793045044, 0.0328361950814724, 0.03949335217475891, 0.03783956542611122, 0.025126567110419273, 0.022439545020461082, 0.022760577499866486, 0.02415061555802822, 0.031890854239463806, 0.0322662815451622, 0.03557866811752319, 0.03762180358171463, 0.036296285688877106, 0.02116774395108223, 0.022933583706617355, 0.028249017894268036, 0.032300230115652084, 0.029506415128707886, 0.02879384160041809, 0.03651014715433121, 0.027190860360860825, 0.020874811336398125, 0.024210087954998016, 0.024117905646562576, 0.032000184059143066, 0.028819512575864792, 0.028369616717100143, 0.024994269013404846, 0.030004149302840233, 0.02171020768582821, 0.02525705099105835, 0.023402120918035507, 0.0245639830827713, 0.023249253630638123, 0.0215488001704216, 0.025843650102615356, 0.02185828611254692, 0.02015536278486252, 0.021272793412208557, 0.015534128993749619, 0.018451441079378128], "LPIPS": [0.1866956651210785, 0.2853800654411316, 0.34809932112693787, 0.2892552316188812, 0.31493881344795227, 0.2737053632736206, 0.28513437509536743, 0.3247984051704407, 0.3584233224391937, 0.3553512394428253, 0.36133527755737305, 0.37186431884765625, 0.36349403858184814, 0.302184134721756, 0.29421186447143555, 0.3136134445667267, 0.3258083164691925, 0.3552301228046417, 0.343167245388031, 0.4068607687950134, 0.31994444131851196, 0.3112695515155792, 0.36528271436691284, 0.33278509974479675, 0.3417762815952301, 0.3171134889125824, 0.3439449965953827, 0.36805015802383423, 0.3772802948951721, 0.3341536521911621, 0.3280136287212372, 0.34236764907836914, 0.3577027916908264, 0.3251684010028839, 0.28318995237350464, 0.37074655294418335, 0.3601650297641754, 0.3465614914894104, 0.30496084690093994, 0.3012450337409973, 0.2658645510673523, 0.3055238127708435, 0.3258771300315857, 0.34610748291015625, 0.32687607407569885, 0.2470487505197525, 0.2736321687698364, 0.2909999489784241]}