{
    "PSNR": [
        18.885806798934937,
        15.108273029327393,
        15.380350351333618,
        15.623490810394287,
        16.287391185760498,
        18.283106088638306,
        15.67847490310669,
        14.98071551322937,
        15.717092752456665,
        15.95075249671936,
        15.623408555984497,
        15.693880319595337,
        16.07436776161194,
        16.588881015777588,
        16.199710369110107,
        15.103795528411865,
        15.06921648979187,
        15.6134033203125,
        16.12373948097229,
        15.582318305969238,
        16.061469316482544,
        15.289567708969116,
        14.524519443511963,
        14.880785942077637,
        15.928586721420288,
        16.12735867500305,
        15.770524740219116,
        15.865225791931152,
        15.683261156082153,
        15.13556718826294,
        15.664772987365723,
        14.897682666778564,
        15.55821418762207,
        16.605615615844727,
        17.9285991191864,
        16.07724666595459,
        15.939286947250366,
        16.227564811706543,
        16.47523045539856,
        15.658295154571533,
        16.387876272201538,
        18.506966829299927,
        16.3307785987854,
        15.607349872589111,
        15.890281200408936,
        16.94429874420166,
        17.543554306030273,
        16.106953620910645
    ],
    "SSIM": [
        0.8245326280593872,
        0.6636052131652832,
        0.6869227290153503,
        0.6745538711547852,
        0.6827840209007263,
        0.6991242170333862,
        0.6708377599716187,
        0.6859512329101562,
        0.6896780729293823,
        0.657351016998291,
        0.6431176066398621,
        0.6828436851501465,
        0.6991371512413025,
        0.6807672381401062,
        0.6163599491119385,
        0.668301522731781,
        0.6912760734558105,
        0.6541825532913208,
        0.6538838744163513,
        0.6285247802734375,
        0.6955312490463257,
        0.5804853439331055,
        0.5751930475234985,
        0.6692549586296082,
        0.6989731192588806,
        0.6575955152511597,
        0.6294621229171753,
        0.668367862701416,
        0.6780166029930115,
        0.6176588535308838,
        0.5743758678436279,
        0.6234526634216309,
        0.6753214597702026,
        0.7102727890014648,
        0.7198243141174316,
        0.6849443316459656,
        0.6733603477478027,
        0.6461500525474548,
        0.659359335899353,
        0.6665135622024536,
        0.6918308734893799,
        0.7653645277023315,
        0.7050870656967163,
        0.6722075343132019,
        0.6488264799118042,
        0.7023797035217285,
        0.7308801412582397,
        0.6791045069694519
    ],
    "MSE": [
        0.012924669310450554,
        0.03084414452314377,
        0.028971103951334953,
        0.02739371359348297,
        0.023510446771979332,
        0.014848734252154827,
        0.02704908326268196,
        0.031763508915901184,
        0.026809629052877426,
        0.02540532499551773,
        0.027394240722060204,
        0.026953306049108505,
        0.024692397564649582,
        0.021933702751994133,
        0.023989930748939514,
        0.03087596595287323,
        0.031122777611017227,
        0.02745741605758667,
        0.024413276463747025,
        0.02765464596450329,
        0.024765845388174057,
        0.029583072289824486,
        0.035281579941511154,
        0.03250284492969513,
        0.025535326451063156,
        0.02439294569194317,
        0.026481803506612778,
        0.025910601019859314,
        0.02701929211616516,
        0.030650902539491653,
        0.02713456004858017,
        0.03237663954496384,
        0.027808569371700287,
        0.02184935286641121,
        0.01611165516078472,
        0.024676039814949036,
        0.025472482666373253,
        0.023836558684706688,
        0.02251525968313217,
        0.027175061404705048,
        0.022972717881202698,
        0.014102734625339508,
        0.023276742547750473,
        0.027495719492435455,
        0.025761544704437256,
        0.020210176706314087,
        0.01760534755885601,
        0.02450781874358654
    ],
    "LPIPS": [
        0.21012578904628754,
        0.3222927451133728,
        0.3471858501434326,
        0.2819378972053528,
        0.3537176847457886,
        0.2957806885242462,
        0.3350012004375458,
        0.39641720056533813,
        0.3432530164718628,
        0.3724632263183594,
        0.33498984575271606,
        0.307912677526474,
        0.3438096046447754,
        0.4262077510356903,
        0.34934553503990173,
        0.41106435656547546,
        0.40091559290885925,
        0.38731300830841064,
        0.3505688011646271,
        0.3684920072555542,
        0.412160187959671,
        0.45111095905303955,
        0.40746480226516724,
        0.3529166281223297,
        0.38376739621162415,
        0.3607054650783539,
        0.34380170702934265,
        0.3781318664550781,
        0.39595791697502136,
        0.40764230489730835,
        0.3929644823074341,
        0.4015595316886902,
        0.37471744418144226,
        0.3624519109725952,
        0.2873348891735077,
        0.3692845106124878,
        0.38058990240097046,
        0.3934617042541504,
        0.3583882451057434,
        0.346377432346344,
        0.32500767707824707,
        0.2590600550174713,
        0.35406991839408875,
        0.39775800704956055,
        0.3496669828891754,
        0.30041956901550293,
        0.34727180004119873,
        0.34443312883377075
    ],
    "complexity": {
        "normal_roughness": [
            0.05473920702934265,
            0.05030587315559387,
            0.061249956488609314,
            0.0648321658372879,
            0.04993068426847458,
            0.04751813784241676,
            0.03155776485800743,
            0.03839343041181564,
            0.053896281868219376,
            0.06207006797194481,
            0.0651608482003212,
            0.06310579180717468,
            0.04857136681675911,
            0.03162474185228348,
            0.03937352076172829,
            0.04012260213494301,
            0.03798637539148331,
            0.052384153008461,
            0.0568210743367672,
            0.06265293061733246,
            0.03509649634361267,
            0.046343810856342316,
            0.05077304691076279,
            0.04784953594207764,
            0.03528369218111038,
            0.04630241543054581,
            0.05235399305820465,
            0.049130916595458984,
            0.036315806210041046,
            0.049588628113269806,
            0.0541670024394989,
            0.05838066339492798,
            0.04995350539684296,
            0.030264275148510933,
            0.03510860353708267,
            0.040947169065475464,
            0.053141333162784576,
            0.058420807123184204,
            0.05976197123527527,
            0.05846049636602402,
            0.04779795929789543,
            0.03212704882025719,
            0.028532644733786583,
            0.04091300070285797,
            0.058490537106990814,
            0.05937621369957924,
            0.048222970217466354,
            0.049232449382543564
        ],