{"PSNR": [22.12972640991211, 19.147250652313232, 14.679361581802368, 14.991146326065063, 18.710904121398926, 16.83955430984497, 16.295390129089355, 18.271526098251343, 15.350900888442993, 13.66721510887146, 13.755712509155273, 15.562777519226074, 18.917969465255737, 16.546884775161743, 15.282886028289795, 15.102342367172241, 17.442981004714966, 14.46697473526001, 13.476449251174927, 14.32307481765747, 17.657994031906128, 15.275416374206543, 14.444960355758667, 15.607993602752686, 16.418204307556152, 13.99477243423462, 13.99201512336731, 16.706737279891968, 19.38375473022461, 15.868737697601318, 14.564812183380127, 14.336864948272705, 16.689990758895874, 16.06657385826111, 14.583630561828613, 15.763075351715088, 17.097328901290894, 15.135893821716309, 14.547392129898071, 15.091925859451294, 17.88541078567505, 17.010773420333862, 16.87472701072693, 20.264558792114258, 16.320745944976807, 15.450505018234253, 18.652294874191284, 20.357425212860107], "SSIM": [0.899411678314209, 0.8030576109886169, 0.6198447942733765, 0.6235401630401611, 0.8350162506103516, 0.7293685674667358, 0.6873291730880737, 0.8279430270195007, 0.686967134475708, 0.5629482269287109, 0.5564004182815552, 0.6675752401351929, 0.8456465601921082, 0.7136725187301636, 0.623560905456543, 0.6743296384811401, 0.8293936252593994, 0.6302934885025024, 0.5438613891601562, 0.595988929271698, 0.7435809969902039, 0.6282175779342651, 0.5922352075576782, 0.7139168977737427, 0.7661926746368408, 0.5933308005332947, 0.5706577897071838, 0.7208236455917358, 0.8257673978805542, 0.6602327227592468, 0.5765901803970337, 0.6118470430374146, 0.7951170802116394, 0.7279919981956482, 0.6253780126571655, 0.6820804476737976, 0.7222323417663574, 0.626862645149231, 0.602553129196167, 0.6594080328941345, 0.839229941368103, 0.7674064040184021, 0.7470661997795105, 0.8597650527954102, 0.7022721171379089, 0.6733357310295105, 0.8451393842697144, 0.850772500038147], "MSE": [0.006123890168964863, 0.01216956041753292, 0.03404582664370537, 0.031687308102846146, 0.013455803506076336, 0.02070353738963604, 0.023467186838388443, 0.014888375997543335, 0.029168222099542618, 0.04298119992017746, 0.042114220559597015, 0.027779361233115196, 0.012829301878809929, 0.02214682847261429, 0.029628627002239227, 0.030886296182870865, 0.018017811700701714, 0.035752177238464355, 0.044911257922649384, 0.03695664554834366, 0.017147492617368698, 0.02967962995171547, 0.03593386709690094, 0.027491644024848938, 0.022812848910689354, 0.03985866904258728, 0.03988398239016533, 0.02134648524224758, 0.011524565517902374, 0.02588965743780136, 0.034955769777297974, 0.036839477717876434, 0.021428953856229782, 0.02473675273358822, 0.03480462357401848, 0.026527266949415207, 0.01951044611632824, 0.030648600310087204, 0.03509626165032387, 0.030960462987422943, 0.01627267338335514, 0.019903190433979034, 0.020536543801426888, 0.009409015998244286, 0.023330574855208397, 0.028506875038146973, 0.013638624921441078, 0.009209956042468548], "LPIPS": [0.1303860992193222, 0.29486531019210815, 0.38215774297714233, 0.34607502818107605, 0.21018056571483612, 0.3086352050304413, 0.3393245041370392, 0.27806177735328674, 0.31866249442100525, 0.43801870942115784, 0.4269842505455017, 0.30598974227905273, 0.21256029605865479, 0.2812415361404419, 0.38102462887763977, 0.3339444398880005, 0.24606671929359436, 0.3915475606918335, 0.4451790750026703, 0.36648887395858765, 0.23883095383644104, 0.3747137486934662, 0.42324012517929077, 0.29838836193084717, 0.2812761068344116, 0.4144255518913269, 0.402201384305954, 0.2571733593940735, 0.2332489937543869, 0.34952855110168457, 0.4314838945865631, 0.37479838728904724, 0.29014500975608826, 0.3078309893608093, 0.36718884110450745, 0.3301672041416168, 0.29579055309295654, 0.3852006793022156, 0.4040539264678955, 0.3222084641456604, 0.20869237184524536, 0.28918784856796265, 0.29041314125061035, 0.2385401874780655, 0.30804023146629333, 0.3380473852157593, 0.19128280878067017, 0.20455875992774963]}