{
    "PSNR": [
        21.667592525482178,
        18.06087613105774,
        13.755226135253906,
        14.734762907028198,
        19.471349716186523,
        16.897069215774536,
        17.509430646896362,
        17.60743737220764,
        13.668168783187866,
        12.246154546737671,
        12.794445753097534,
        16.092820167541504,
        18.9875590801239,
        15.449917316436768,
        14.860563278198242,
        16.10722780227661,
        15.787453651428223,
        12.442299127578735,
        11.883065700531006,
        13.867802619934082,
        15.51154613494873,
        14.133427143096924,
        14.387047290802002,
        17.540221214294434,
        14.205665588378906,
        12.186869382858276,
        12.943133115768433,
        17.404574155807495,
        16.800345182418823,
        13.947449922561646,
        13.563165664672852,
        14.436256885528564,
        17.986538410186768,
        13.513420820236206,
        13.119028806686401,
        15.67783236503601,
        14.169294834136963,
        13.326711654663086,
        13.548144102096558,
        14.942928552627563,
        18.018852472305298,
        15.158436298370361,
        16.2034273147583,
        17.121809720993042,
        13.847219944000244,
        14.027765989303589,
        16.82323932647705,
        16.547645330429077
    ],
    "SSIM": [
        0.8947179317474365,
        0.8113381266593933,
        0.6075169444084167,
        0.668097972869873,
        0.8176993727684021,
        0.6871938109397888,
        0.7398304343223572,
        0.8127605319023132,
        0.6000549793243408,
        0.5123404264450073,
        0.5520002245903015,
        0.7303478121757507,
        0.8272974491119385,
        0.6323577165603638,
        0.5941423177719116,
        0.7121108770370483,
        0.7215261459350586,
        0.5333763957023621,
        0.4992457330226898,
        0.6159279346466064,
        0.6621840596199036,
        0.5530134439468384,
        0.5948176980018616,
        0.7836065292358398,
        0.6229548454284668,
        0.52838534116745,
        0.5626357197761536,
        0.7806529998779297,
        0.7328474521636963,
        0.5715205073356628,
        0.5311646461486816,
        0.609109103679657,
        0.8078418970108032,
        0.6073376536369324,
        0.5947688817977905,
        0.7201440334320068,
        0.6209258437156677,
        0.5473607778549194,
        0.5771453380584717,
        0.6856603622436523,
        0.8423778414726257,
        0.719704270362854,
        0.7717854380607605,
        0.8093248605728149,
        0.6316680908203125,
        0.6617646217346191,
        0.8333306312561035,
        0.8064707517623901
    ],
    "MSE": [
        0.006811469793319702,
        0.015628322958946228,
        0.042118944227695465,
        0.033614277839660645,
        0.011294453404843807,
        0.020431164652109146,
        0.017744220793247223,
        0.0173482745885849,
        0.04297176003456116,
        0.05961897596716881,
        0.05254790931940079,
        0.024587705731391907,
        0.012625368312001228,
        0.028510725125670433,
        0.032654549926519394,
        0.02450627088546753,
        0.026378776878118515,
        0.056986253708601,
        0.06481768190860748,
        0.04104117304086685,
        0.028109004721045494,
        0.03860621899366379,
        0.03641626238822937,
        0.017618870362639427,
        0.037969376891851425,
        0.06043841689825058,
        0.05077929422259331,
        0.018177852034568787,
        0.020891305059194565,
        0.04029535502195358,
        0.04402339085936546,
        0.036005955189466476,
        0.015898138284683228,
        0.044530533254146576,
        0.04876375198364258,
        0.02705308049917221,
        0.03828869014978409,
        0.04648672044277191,
        0.04417591542005539,
        0.03204108774662018,
        0.015780285000801086,
        0.030489929020404816,
        0.02396940439939499,
        0.01940077729523182,
        0.04123614728450775,
        0.03955700993537903,
        0.020781461149454117,
        0.02214295230805874
    ],
    "LPIPS": [
        0.1643088161945343,
        0.19840799272060394,
        0.33738377690315247,
        0.2983196973800659,
        0.2238541543483734,
        0.28420767188072205,
        0.25941312313079834,
        0.23994101583957672,
        0.3577578663825989,
        0.4062120020389557,
        0.37009626626968384,
        0.28719189763069153,
        0.26216205954551697,
        0.3220680356025696,
        0.3753814399242401,
        0.3187311291694641,
        0.3233782649040222,
        0.4105468988418579,
        0.4139552116394043,
        0.3779319226741791,
        0.33054327964782715,
        0.40869566798210144,
        0.38143035769462585,
        0.26687249541282654,
        0.36892232298851013,
        0.4073804020881653,
        0.3915191888809204,
        0.2980119287967682,
        0.3104133903980255,
        0.39779216051101685,
        0.4421652555465698,
        0.3808706998825073,
        0.31066861748695374,
        0.3577831983566284,
        0.3656257092952728,
        0.33731698989868164,
        0.3679562509059906,
        0.4140666127204895,
        0.3813094198703766,
        0.313612699508667,
        0.2382504791021347,
        0.28230977058410645,
        0.2572363615036011,
        0.2503947615623474,
        0.3399786651134491,
        0.3366031348705292,
        0.20503704249858856,
        0.2235192507505417
    ],
    "complexity": {
        "normal_roughness": [
            0.05085422843694687,
            0.040811605751514435,
            0.05893078073859215,
            0.054954662919044495,
            0.032238688319921494,
            0.04866798222064972,
            0.04404196888208389,
            0.03791242837905884,
            0.056822095066308975,
            0.06418759375810623,
            0.05858708918094635,
            0.043289750814437866,
            0.026797333732247353,
            0.05050370469689369,
            0.05597442761063576,
            0.043018534779548645,
            0.043090157210826874,
            0.062246084213256836,
            0.0647185891866684,
            0.048269275575876236,
            0.04519268870353699,
            0.059517212212085724,
            0.056198522448539734,
            0.037556856870651245,
            0.05134326219558716,
            0.06416137516498566,
            0.059299714863300323,
            0.033900946378707886,
            0.04051467031240463,
            0.05639418959617615,
            0.05901401489973068,
            0.049487583339214325,
            0.031360749155282974,
            0.052936702966690063,
            0.057485342025756836,
            0.04375437647104263,
            0.05495314300060272,
            0.060045275837183,
            0.055855803191661835,
            0.044253673404455185,
            0.030842484906315804,
            0.04549708589911461,
            0.04519312083721161,
            0.037805911153554916,
            0.0547575019299984,
            0.0505247488617897,
            0.035595692694187164,
            0.04093687981367111
        ],