{
    "PSNR": [
        20.19037961959839,
        16.029666662216187,
        17.21420407295227,
        17.296369075775146,
        15.22986888885498,
        16.72727108001709,
        15.451505184173584,
        15.503101348876953,
        18.084315061569214,
        17.878798246383667,
        16.300036907196045,
        15.210347175598145,
        14.593431949615479,
        15.014151334762573,
        15.637168884277344,
        14.888837337493896,
        15.801498889923096,
        17.358747720718384,
        16.56470537185669,
        14.875990152359009,
        14.929343461990356,
        15.656077861785889,
        15.104299783706665,
        14.943461418151855,
        16.39391303062439,
        16.924182176589966,
        15.378783941268921,
        14.304569959640503,
        14.861243963241577,
        15.451110601425171,
        15.688542127609253,
        15.247879028320312,
        15.490968227386475,
        16.41736388206482,
        17.084991931915283,
        14.984664916992188,
        15.62598466873169,
        16.33255124092102,
        15.653668642044067,
        15.702602863311768,
        15.91667652130127,
        17.158567905426025,
        16.831250190734863,
        15.771912336349487,
        18.191688060760498,
        16.883985996246338,
        16.62448287010193,
        17.282226085662842
    ],
    "SSIM": [
        0.8600680232048035,
        0.7120517492294312,
        0.7591840624809265,
        0.75648033618927,
        0.6672906875610352,
        0.7661487460136414,
        0.6858025789260864,
        0.6475086808204651,
        0.7431715726852417,
        0.7849423885345459,
        0.6805834770202637,
        0.6308097243309021,
        0.6033307909965515,
        0.6754967570304871,
        0.7184619903564453,
        0.6094979643821716,
        0.6309608221054077,
        0.7216897010803223,
        0.7218869924545288,
        0.6100181341171265,
        0.6325751543045044,
        0.7455334663391113,
        0.6639702320098877,
        0.5924953818321228,
        0.664107084274292,
        0.7141863703727722,
        0.6395591497421265,
        0.5702264308929443,
        0.6138144731521606,
        0.6849327087402344,
        0.7478194236755371,
        0.6419553756713867,
        0.6187938451766968,
        0.7023863792419434,
        0.7291911840438843,
        0.614642322063446,
        0.6454038023948669,
        0.7561365365982056,
        0.6943469047546387,
        0.64471036195755,
        0.6746652126312256,
        0.7565872073173523,
        0.7364836931228638,
        0.653279185295105,
        0.7438189387321472,
        0.702124297618866,
        0.7444269061088562,
        0.7519916296005249
    ],
    "MSE": [
        0.009571105241775513,
        0.024947863072156906,
        0.018992390483617783,
        0.018636448308825493,
        0.02999253198504448,
        0.021245792508125305,
        0.028500301763415337,
        0.028163708746433258,
        0.015544204041361809,
        0.016297472640872,
        0.023442095145583153,
        0.03012765944004059,
        0.03472616896033287,
        0.031519901007413864,
        0.027307573705911636,
        0.03244265541434288,
        0.02629360929131508,
        0.018370680510997772,
        0.022056138142943382,
        0.0325387604534626,
        0.032141465693712234,
        0.02718893252313137,
        0.030872374773025513,
        0.032037150114774704,
        0.022940805181860924,
        0.020304009318351746,
        0.02898155152797699,
        0.0371144562959671,
        0.03264942765235901,
        0.028502892702817917,
        0.02698644995689392,
        0.029868409037590027,
        0.028242504224181175,
        0.02281726896762848,
        0.019565943628549576,
        0.031734637916088104,
        0.027377991005778313,
        0.023267244920134544,
        0.02720402181148529,
        0.026899226009845734,
        0.025605445727705956,
        0.019237257540225983,
        0.02074316143989563,
        0.026473339647054672,
        0.015164609998464584,
        0.020492801442742348,
        0.021754635497927666,
        0.018697237595915794
    ],
    "LPIPS": [
        0.186868354678154,
        0.2890048623085022,
        0.2751430869102478,
        0.2746650278568268,
        0.3188280463218689,
        0.249933123588562,
        0.33397507667541504,
        0.3234180212020874,
        0.26528429985046387,
        0.2797743082046509,
        0.3661405146121979,
        0.37020307779312134,
        0.41419678926467896,
        0.3395621180534363,
        0.33044496178627014,
        0.39788123965263367,
        0.40613165497779846,
        0.3092290461063385,
        0.36059242486953735,
        0.3993302285671234,
        0.40076231956481934,
        0.3089316189289093,
        0.34397608041763306,
        0.4205557107925415,
        0.38566678762435913,
        0.35073938965797424,
        0.3756522238254547,
        0.4237116575241089,
        0.40516626834869385,
        0.34180235862731934,
        0.3373711109161377,
        0.3870006799697876,
        0.40847545862197876,
        0.3380613327026367,
        0.3530195951461792,
        0.3887419104576111,
        0.3912038803100586,
        0.28522029519081116,
        0.3458164632320404,
        0.381799578666687,
        0.33967727422714233,
        0.28746533393859863,
        0.34981393814086914,
        0.3743852972984314,
        0.32271355390548706,
        0.3341970443725586,
        0.3000986874103546,
        0.3009760081768036
    ],
    "complexity": {
        "normal_roughness": [
            0.05553318187594414,
            0.030222918838262558,
            0.02917320653796196,
            0.04277218133211136,
            0.060038916766643524,
            0.048908621072769165,
            0.037764810025691986,
            0.04997153952717781,
            0.04697432741522789,
            0.030447106808423996,
            0.047228045761585236,
            0.05737633630633354,
            0.06421764194965363,
            0.05717729404568672,
            0.03819431737065315,
            0.05416201055049896,
            0.05645916610956192,
            0.0508539080619812,
            0.03507063165307045,
            0.058777954429388046,
            0.06457308679819107,
            0.044840071350336075,
            0.04718167334794998,
            0.05947825312614441,
            0.05941777676343918,
            0.04853338748216629,
            0.04927736520767212,
            0.06390637159347534,
            0.061906248331069946,
            0.05189242959022522,
            0.035997938364744186,
            0.05558989942073822,
            0.05785536766052246,
            0.05610591545701027,
            0.03608506917953491,
            0.054432161152362823,
            0.051950715482234955,
            0.032403238117694855,
            0.04579247534275055,
            0.05544454604387283,
            0.05653590336441994,
            0.04753941297531128,
            0.03786079213023186,
            0.050952211022377014,
            0.03657202422618866,
            0.04487725347280502,
            0.0479491725564003,
            0.03295870125293732
        ],