{
    "PSNR": [
        20.307891368865967,
        18.43336582183838,
        19.622726440429688,
        18.268160820007324,
        16.98784828186035,
        18.12618374824524,
        17.24397301673889,
        16.80699586868286,
        17.709521055221558,
        18.434187173843384,
        17.1849262714386,
        16.307291984558105,
        15.499390363693237,
        16.826313734054565,
        16.883821487426758,
        16.612610816955566,
        16.68450117111206,
        17.636839151382446,
        17.124836444854736,
        16.533358097076416,
        15.469905138015747,
        17.838932275772095,
        16.835275888442993,
        16.818135976791382,
        17.185218334197998,
        17.608779668807983,
        16.62859797477722,
        16.05555534362793,
        16.190117597579956,
        17.328076362609863,
        16.921125650405884,
        16.90645694732666,
        16.613997220993042,
        17.617236375808716,
        17.152655124664307,
        17.0903480052948,
        17.250078916549683,
        17.503437995910645,
        17.005106210708618,
        17.016316652297974,
        17.71027445793152,
        18.675696849822998,
        18.283939361572266,
        17.58142113685608,
        17.939579486846924,
        18.068969249725342,
        19.38281536102295,
        19.23457384109497
    ],
    "SSIM": [
        0.8658648729324341,
        0.7583326697349548,
        0.7902690768241882,
        0.7576851844787598,
        0.7166445255279541,
        0.7756341695785522,
        0.7344426512718201,
        0.695412278175354,
        0.7370697855949402,
        0.7517076730728149,
        0.6949200630187988,
        0.6730465888977051,
        0.6343719363212585,
        0.695713222026825,
        0.7530068159103394,
        0.6782407760620117,
        0.6807178258895874,
        0.7377029657363892,
        0.6938549280166626,
        0.6785387396812439,
        0.6245136260986328,
        0.7542209625244141,
        0.7192548513412476,
        0.679510235786438,
        0.6868668794631958,
        0.7394018173217773,
        0.6813138723373413,
        0.6464169025421143,
        0.6663920879364014,
        0.6947066187858582,
        0.7069835662841797,
        0.6959638595581055,
        0.6467380523681641,
        0.7102550268173218,
        0.7170218825340271,
        0.6916135549545288,
        0.7192711234092712,
        0.7000653743743896,
        0.6922246813774109,
        0.6698789596557617,
        0.7044984698295593,
        0.7562851905822754,
        0.7451164126396179,
        0.7189866900444031,
        0.7248279452323914,
        0.738930881023407,
        0.8073824644088745,
        0.7598857879638672
    ],
    "MSE": [
        0.009315602481365204,
        0.014343779534101486,
        0.010907553136348724,
        0.01489991694688797,
        0.020008530467748642,
        0.015395067632198334,
        0.0188626516610384,
        0.020859334617853165,
        0.0169452503323555,
        0.014341061934828758,
        0.01912085711956024,
        0.02340296469628811,
        0.028187789022922516,
        0.020766757428646088,
        0.020493580028414726,
        0.02181418240070343,
        0.02145605906844139,
        0.017231224104762077,
        0.01938725635409355,
        0.022215917706489563,
        0.028379812836647034,
        0.016447763890028,
        0.020723950117826462,
        0.020805897191166878,
        0.01911957375705242,
        0.01734291762113571,
        0.021734029054641724,
        0.024799589067697525,
        0.02404298260807991,
        0.018500884994864464,
        0.020318306982517242,
        0.02038704976439476,
        0.021807221695780754,
        0.017309172078967094,
        0.01926347240805626,
        0.01954183168709278,
        0.01883615367114544,
        0.017768723890185356,
        0.019929181784391403,
        0.019877800717949867,
        0.016942307353019714,
        0.013565330766141415,
        0.01484588347375393,
        0.017452513799071312,
        0.016070974990725517,
        0.01559922844171524,
        0.011527057737112045,
        0.011927314102649689
    ],
    "LPIPS": [
        0.1717429757118225,
        0.26567140221595764,
        0.2582361698150635,
        0.26792895793914795,
        0.31240931153297424,
        0.2595047354698181,
        0.3156976103782654,
        0.30430543422698975,
        0.30421632528305054,
        0.3067818284034729,
        0.34270018339157104,
        0.3239130973815918,
        0.342476487159729,
        0.26750215888023376,
        0.30297189950942993,
        0.32992392778396606,
        0.30466604232788086,
        0.2761697471141815,
        0.3214367628097534,
        0.33846092224121094,
        0.3428993821144104,
        0.26699256896972656,
        0.2982548475265503,
        0.3422313332557678,
        0.2962031364440918,
        0.3380512595176697,
        0.3761499226093292,
        0.347622275352478,
        0.3294427692890167,
        0.3712947964668274,
        0.30532610416412354,
        0.3382812440395355,
        0.3355308175086975,
        0.2832072377204895,
        0.34347429871559143,
        0.3631032407283783,
        0.3409929871559143,
        0.3508830964565277,
        0.33194178342819214,
        0.3410201668739319,
        0.289015531539917,
        0.28640761971473694,
        0.37305936217308044,
        0.34605270624160767,
        0.3211073577404022,
        0.31105756759643555,
        0.23821485042572021,
        0.27900633215904236
    ],
    "complexity": {
        "normal_roughness": [
            0.05908476188778877,
            0.042844489216804504,
            0.04454204440116882,
            0.05799701064825058,
            0.06313054263591766,
            0.04934997111558914,
            0.036665916442871094,
            0.03890954703092575,
            0.02838732860982418,
            0.03507283329963684,
            0.05502306669950485,
            0.0642743930220604,
            0.06450676918029785,
            0.051902204751968384,
            0.03522570803761482,
            0.05015268921852112,
            0.04980962723493576,
            0.031953342258930206,
            0.04542022943496704,
            0.06300588697195053,
            0.05558641999959946,
            0.03137747943401337,
            0.049451202154159546,
            0.05740299075841904,
            0.04889308661222458,
            0.03208525478839874,
            0.05387484282255173,
            0.06100102514028549,
            0.05155814811587334,
            0.04595322906970978,
            0.04538799449801445,
            0.057902783155441284,
            0.05941980332136154,
            0.050853878259658813,
            0.03551671653985977,
            0.05025077983736992,
            0.03269197791814804,
            0.03981602191925049,
            0.05421964079141617,
            0.059000708162784576,
            0.05935259908437729,
            0.050740860402584076,
            0.036761410534381866,
            0.0389520525932312,
            0.04309714585542679,
            0.055518317967653275,
            0.054893381893634796,
            0.04175707697868347
        ],