{"PSNR": [19.941961765289307, 17.127656936645508, 17.337666749954224, 15.064678192138672, 15.862232446670532, 16.72829031944275, 14.915409088134766, 15.962662696838379, 18.40663194656372, 15.24164080619812, 13.593294620513916, 13.945871591567993, 14.398250579833984, 16.676464080810547, 14.402132034301758, 14.407817125320435, 16.7608642578125, 17.142033576965332, 13.780666589736938, 13.157079219818115, 15.655722618103027, 15.07570743560791, 13.924521207809448, 14.973617792129517, 18.02050471305847, 15.270829200744629, 13.314950466156006, 13.357921838760376, 14.942322969436646, 16.49142026901245, 14.208768606185913, 14.350616931915283, 16.081238985061646, 18.86526107788086, 14.679895639419556, 13.787623643875122, 18.390337228775024, 15.040215253829956, 14.593807458877563, 15.174393653869629, 17.283166646957397, 18.368345499038696, 15.639415979385376, 15.893864631652832, 17.033679485321045, 15.596263408660889, 17.68467664718628, 19.134562015533447], "SSIM": [0.8783982992172241, 0.7798267602920532, 0.7924723625183105, 0.689858615398407, 0.7587658166885376, 0.7734661102294922, 0.6566529870033264, 0.698238730430603, 0.8087589144706726, 0.6948881149291992, 0.5891501307487488, 0.6113728880882263, 0.634559154510498, 0.8036435842514038, 0.6309967041015625, 0.6116651296615601, 0.7055728435516357, 0.7647647857666016, 0.595223605632782, 0.5502578616142273, 0.7452973127365112, 0.6918512582778931, 0.5897389650344849, 0.6196083426475525, 0.7719769477844238, 0.6763581037521362, 0.5585252046585083, 0.5616198778152466, 0.6466960906982422, 0.7692877054214478, 0.6161412000656128, 0.5823434591293335, 0.6669380068778992, 0.8095062971115112, 0.6485357284545898, 0.5888549089431763, 0.7805893421173096, 0.6605313420295715, 0.609307050704956, 0.6369681358337402, 0.7533751726150513, 0.8090405464172363, 0.6989297866821289, 0.6751629114151001, 0.7378670573234558, 0.6804813146591187, 0.7855911254882812, 0.8301243185997009], "MSE": [0.010134534910321236, 0.019374670460820198, 0.018460068851709366, 0.03115532174706459, 0.025928467512130737, 0.021240806207060814, 0.03224475681781769, 0.025335749611258507, 0.014432340860366821, 0.0299113467335701, 0.043719034641981125, 0.04031001403927803, 0.036322444677352905, 0.021495800465345383, 0.036289989948272705, 0.036242514848709106, 0.021082088351249695, 0.019310642033815384, 0.04187292605638504, 0.048338383436203, 0.027191162109375, 0.03107629530131817, 0.04050866514444351, 0.031815461814403534, 0.015774283558130264, 0.029710989445447922, 0.046612780541181564, 0.04615383595228195, 0.032045550644397736, 0.02243148162961006, 0.03794225677847862, 0.03672301396727562, 0.024653363972902298, 0.01298595778644085, 0.0340416356921196, 0.04180590435862541, 0.014486594125628471, 0.03133130818605423, 0.03472316637635231, 0.030378110706806183, 0.018693186342716217, 0.014560133218765259, 0.02729344740509987, 0.02574029564857483, 0.01979849301278591, 0.02756599709391594, 0.017042463645339012, 0.012205167673528194], "LPIPS": [0.15260493755340576, 0.2690281271934509, 0.2849885821342468, 0.31403848528862, 0.27558210492134094, 0.2488541305065155, 0.3370813727378845, 0.31742405891418457, 0.2148527204990387, 0.32301899790763855, 0.3616018295288086, 0.38310712575912476, 0.35776805877685547, 0.22289061546325684, 0.3300989270210266, 0.359360009431839, 0.3018801808357239, 0.2990521788597107, 0.3737361431121826, 0.39639392495155334, 0.2974298596382141, 0.2967303395271301, 0.38703620433807373, 0.36255204677581787, 0.2573460340499878, 0.3152996897697449, 0.3879230320453644, 0.4033897817134857, 0.3589586019515991, 0.28834104537963867, 0.35474729537963867, 0.35847610235214233, 0.3441472053527832, 0.2504054307937622, 0.3449951410293579, 0.38969945907592773, 0.2706886827945709, 0.3435920774936676, 0.35281121730804443, 0.3567684292793274, 0.28685277700424194, 0.2569868266582489, 0.3183720111846924, 0.33424776792526245, 0.28557461500167847, 0.32280367612838745, 0.2666657567024231, 0.23910978436470032]}