{"PSNR": [19.85785961151123, 16.16790771484375, 15.620766878128052, 15.823420286178589, 16.333264112472534, 15.336111783981323, 14.651716947555542, 14.750350713729858, 14.127445220947266, 13.233448266983032, 13.943467140197754, 15.777977705001831, 15.335609912872314, 14.089711904525757, 12.552013397216797, 13.09326171875, 13.830074071884155, 12.970027923583984, 12.53406286239624, 14.454735517501831, 14.423315525054932, 12.417542934417725, 11.91135287284851, 13.878120183944702, 13.588954210281372, 13.08174729347229, 13.187860250473022, 14.256350994110107, 14.7406005859375, 12.945228815078735, 11.844055652618408, 13.740850687026978, 15.140572786331177, 14.06999945640564, 14.196215867996216, 13.551026582717896, 14.735071659088135, 14.362432956695557, 12.597429752349854, 15.016412734985352, 16.578164100646973, 15.984805822372437, 14.949785470962524, 15.32922625541687, 15.342931747436523, 15.683640241622925, 18.965340852737427, 17.083488702774048], "SSIM": [0.8489167094230652, 0.6905197501182556, 0.6780559420585632, 0.692196249961853, 0.6910290122032166, 0.6626576781272888, 0.6320750117301941, 0.6691700220108032, 0.6623328924179077, 0.6338068842887878, 0.6380423903465271, 0.6791409254074097, 0.6581970453262329, 0.6117411851882935, 0.5185919404029846, 0.6259438991546631, 0.6639862656593323, 0.6428087949752808, 0.6368447542190552, 0.6558019518852234, 0.6590797305107117, 0.5276689529418945, 0.562816858291626, 0.6751222610473633, 0.6287449598312378, 0.6321923136711121, 0.6269052624702454, 0.6579113006591797, 0.6863782405853271, 0.6351978778839111, 0.5889378786087036, 0.6592384576797485, 0.6778407096862793, 0.6533212661743164, 0.665939450263977, 0.6041902303695679, 0.7002882957458496, 0.6706001162528992, 0.589881420135498, 0.6695442199707031, 0.7167633771896362, 0.7103528380393982, 0.6488566398620605, 0.6677964925765991, 0.681518018245697, 0.6846643686294556, 0.7901648283004761, 0.715273380279541], "MSE": [0.010332703590393066, 0.024166248738765717, 0.027410905808210373, 0.026161223649978638, 0.02326342463493347, 0.029267719015479088, 0.03426323086023331, 0.03349383920431137, 0.038659434765577316, 0.047495804727077484, 0.040332332253456116, 0.026436399668455124, 0.02927110157907009, 0.03899678215384483, 0.05556466430425644, 0.04905393719673157, 0.041399262845516205, 0.05046580359339714, 0.05579480528831482, 0.035853080451488495, 0.03611341118812561, 0.057312026619911194, 0.06439685821533203, 0.04094378650188446, 0.043762750923633575, 0.049184154719114304, 0.04799698293209076, 0.03752882778644562, 0.03356912359595299, 0.050754811614751816, 0.06540251523256302, 0.04225858300924301, 0.03061559796333313, 0.039174195379018784, 0.038052089512348175, 0.044146619737148285, 0.033611878752708435, 0.036623235791921616, 0.0549866259098053, 0.03150349482893944, 0.02198789082467556, 0.025206899270415306, 0.03199052810668945, 0.029314156621694565, 0.0292217954993248, 0.027016934007406235, 0.012690125964581966, 0.019572719931602478], "LPIPS": [0.1595182865858078, 0.2602081894874573, 0.3373970687389374, 0.24711453914642334, 0.24245589971542358, 0.2847050726413727, 0.31511369347572327, 0.34790176153182983, 0.3730863332748413, 0.4164215922355652, 0.3535780906677246, 0.31989815831184387, 0.3538820147514343, 0.3599296808242798, 0.4123775362968445, 0.3550436794757843, 0.35648131370544434, 0.38807716965675354, 0.4140305817127228, 0.35940706729888916, 0.34306269884109497, 0.46298089623451233, 0.42395883798599243, 0.33965808153152466, 0.34713348746299744, 0.39680016040802, 0.3796676695346832, 0.3599228262901306, 0.3765864372253418, 0.4041609466075897, 0.4370175302028656, 0.37170952558517456, 0.31007951498031616, 0.32052847743034363, 0.34198033809661865, 0.3481913208961487, 0.3465889096260071, 0.38704603910446167, 0.3999432623386383, 0.31179505586624146, 0.2915500998497009, 0.26639342308044434, 0.31647205352783203, 0.35821646451950073, 0.35009533166885376, 0.31371790170669556, 0.21857589483261108, 0.2992086112499237]}