{
    "PSNR": [
        20.69417715072632,
        19.861034154891968,
        15.108797550201416,
        14.817471504211426,
        19.457473754882812,
        16.170318126678467,
        15.645941495895386,
        17.952849864959717,
        15.725796222686768,
        12.417094707489014,
        12.720143795013428,
        14.803228378295898,
        17.1547532081604,
        15.5190110206604,
        14.37025785446167,
        14.290380477905273,
        18.930641412734985,
        12.677279710769653,
        11.401931047439575,
        12.98215389251709,
        17.70005464553833,
        14.07752513885498,
        13.477349281311035,
        14.802868366241455,
        16.124415397644043,
        11.880549192428589,
        12.464125156402588,
        14.492393732070923,
        17.327934503555298,
        14.317394495010376,
        13.56751561164856,
        13.386068344116211,
        17.552424669265747,
        14.065464735031128,
        12.584044933319092,
        13.99125337600708,
        16.100034713745117,
        14.119031429290771,
        13.595786094665527,
        14.906179904937744,
        18.54393720626831,
        15.237061977386475,
        15.011299848556519,
        17.491965293884277,
        15.60996413230896,
        15.373899936676025,
        20.25282859802246,
        18.705919981002808
    ],
    "SSIM": [
        0.908383309841156,
        0.8720786571502686,
        0.7157904505729675,
        0.6777323484420776,
        0.8794752955436707,
        0.7275742888450623,
        0.6899597644805908,
        0.8079079389572144,
        0.7607032656669617,
        0.5846446752548218,
        0.5522340536117554,
        0.6706395149230957,
        0.7784096598625183,
        0.7071675062179565,
        0.6082257032394409,
        0.6419259905815125,
        0.8624007105827332,
        0.6449766159057617,
        0.5176677107810974,
        0.545917272567749,
        0.7711020708084106,
        0.5958514213562012,
        0.5749344825744629,
        0.6968545913696289,
        0.7938379645347595,
        0.5671977400779724,
        0.5334173440933228,
        0.6294423341751099,
        0.8081526160240173,
        0.6185864210128784,
        0.5653129816055298,
        0.6037003397941589,
        0.8010152578353882,
        0.7070997953414917,
        0.5709974765777588,
        0.601603627204895,
        0.7044376134872437,
        0.6055822372436523,
        0.5988850593566895,
        0.686384379863739,
        0.8401910662651062,
        0.7329376935958862,
        0.6908561587333679,
        0.7993791103363037,
        0.7055103778839111,
        0.6952781677246094,
        0.8726471662521362,
        0.8507973551750183
    ],
    "MSE": [
        0.008522800169885159,
        0.010325155220925808,
        0.030840422958135605,
        0.03298017010092735,
        0.011330592446029186,
        0.024152835831046104,
        0.027252469211816788,
        0.016021938994526863,
        0.02675595134496689,
        0.05731794238090515,
        0.05345466732978821,
        0.03308851644396782,
        0.019254170358181,
        0.028060726821422577,
        0.036557313054800034,
        0.037235911935567856,
        0.012791924178600311,
        0.0539848767220974,
        0.07241138070821762,
        0.05032510310411453,
        0.016982221975922585,
        0.039106376469135284,
        0.04490193724632263,
        0.03309124708175659,
        0.024409478530287743,
        0.06485523283481598,
        0.056700579822063446,
        0.0355435311794281,
        0.018501486629247665,
        0.03700501099228859,
        0.04397931694984436,
        0.04585568234324455,
        0.01756943017244339,
        0.039215125143527985,
        0.055156342685222626,
        0.03989098221063614,
        0.024546897038817406,
        0.03873440623283386,
        0.04369395971298218,
        0.03231336176395416,
        0.013983190059661865,
        0.029942896217107773,
        0.03154061362147331,
        0.0178157240152359,
        0.02747916989028454,
        0.029014162719249725,
        0.009434463456273079,
        0.01347125694155693
    ],
    "LPIPS": [
        0.12019827961921692,
        0.1999911665916443,
        0.2968926429748535,
        0.3135800361633301,
        0.14506089687347412,
        0.23556549847126007,
        0.2826951742172241,
        0.24616126716136932,
        0.28271061182022095,
        0.37447792291641235,
        0.4071792960166931,
        0.35756218433380127,
        0.3023296594619751,
        0.2938190996646881,
        0.3200559616088867,
        0.318834125995636,
        0.17744678258895874,
        0.35270020365715027,
        0.4332295060157776,
        0.43240171670913696,
        0.24731211364269257,
        0.34580981731414795,
        0.3639119863510132,
        0.28848201036453247,
        0.2520614564418793,
        0.3778277039527893,
        0.42285454273223877,
        0.3852583169937134,
        0.25310415029525757,
        0.3636457920074463,
        0.38108623027801514,
        0.3481336534023285,
        0.24628111720085144,
        0.3414134681224823,
        0.3656080365180969,
        0.3445731997489929,
        0.28615087270736694,
        0.3447757065296173,
        0.3468082547187805,
        0.3182241916656494,
        0.25517481565475464,
        0.2752422094345093,
        0.2980359196662903,
        0.1959875375032425,
        0.30760854482650757,
        0.29837480187416077,
        0.1787247359752655,
        0.1965029090642929
    ],
    "complexity": {
        "normal_roughness": [
            0.03677774965763092,
            0.035540416836738586,
            0.04989304766058922,
            0.05453060194849968,
            0.03476005792617798,
            0.04751748591661453,
            0.05107171833515167,
            0.03491818159818649,
            0.03991737216711044,
            0.05755609646439552,
            0.06267176568508148,
            0.052950676530599594,
            0.040174491703510284,
            0.045343004167079926,
            0.05773215368390083,
            0.0520804189145565,
            0.027747653424739838,
            0.04881700873374939,
            0.0651872381567955,
            0.06202652305364609,
            0.037417735904455185,
            0.05589611828327179,
            0.059507496654987335,
            0.046642933040857315,
            0.03444797918200493,
            0.0586107075214386,
            0.06499932706356049,
            0.051782526075839996,
            0.03305087983608246,
            0.04898516461253166,
            0.05885951966047287,
            0.05744103342294693,
            0.03935478627681732,
            0.04850512742996216,
            0.06174406409263611,
            0.055320508778095245,
            0.04244751110672951,
            0.05523160099983215,
            0.06068497896194458,
            0.0538521409034729,
            0.03547505661845207,
            0.049245044589042664,
            0.051097579300403595,
            0.036601364612579346,
            0.048364199697971344,
            0.05309242010116577,
            0.036099374294281006,
            0.03511488810181618
        ],