{
    "PSNR": [
        21.15696907043457,
        19.17483687400818,
        12.436060905456543,
        13.548660278320312,
        18.184454441070557,
        14.879411458969116,
        14.64480996131897,
        17.603038549423218,
        12.23768949508667,
        10.613181591033936,
        11.747750043869019,
        15.042588710784912,
        17.884938716888428,
        14.060993194580078,
        12.636665105819702,
        13.492298126220703,
        16.340566873550415,
        10.839014053344727,
        10.540567636489868,
        12.895654439926147,
        14.554388523101807,
        12.409477233886719,
        11.801137924194336,
        14.771033525466919,
        13.589862585067749,
        10.64637303352356,
        11.391468048095703,
        15.418380498886108,
        17.852360010147095,
        12.823336124420166,
        11.461412906646729,
        12.118586301803589,
        18.246004581451416,
        12.439100742340088,
        11.339017152786255,
        13.47300410270691,
        13.653985261917114,
        11.984251737594604,
        11.667603254318237,
        13.917936086654663,
        17.45997667312622,
        13.798290491104126,
        13.963450193405151,
        16.488378047943115,
        12.911428213119507,
        13.012802600860596,
        17.317124605178833,
        16.7909038066864
    ],
    "SSIM": [
        0.8961195945739746,
        0.8282274007797241,
        0.5791696310043335,
        0.6297951340675354,
        0.8127106428146362,
        0.6413131952285767,
        0.6749617457389832,
        0.8171596527099609,
        0.6078970432281494,
        0.47907695174217224,
        0.5088858604431152,
        0.6933073997497559,
        0.8521530032157898,
        0.6004213690757751,
        0.5466331243515015,
        0.6419084072113037,
        0.7767866849899292,
        0.5143500566482544,
        0.45196735858917236,
        0.5690619349479675,
        0.6509672999382019,
        0.5198397636413574,
        0.5381349325180054,
        0.7155537605285645,
        0.6691123247146606,
        0.47972941398620605,
        0.47975462675094604,
        0.7355162501335144,
        0.7621626853942871,
        0.5541414022445679,
        0.49994930624961853,
        0.5873287916183472,
        0.8350732326507568,
        0.6021607518196106,
        0.49340003728866577,
        0.6019852161407471,
        0.6036450862884521,
        0.5343261957168579,
        0.5547861456871033,
        0.6934305429458618,
        0.8118626475334167,
        0.6489852666854858,
        0.6331995129585266,
        0.7450387477874756,
        0.6118146181106567,
        0.6453854441642761,
        0.8075570464134216,
        0.778136134147644
    ],
    "MSE": [
        0.007661310490220785,
        0.012092508375644684,
        0.05706818029284477,
        0.04417067766189575,
        0.01518989261239767,
        0.03251314163208008,
        0.03431777283549309,
        0.01736585609614849,
        0.05973530560731888,
        0.08683240413665771,
        0.06686904281377792,
        0.031314194202423096,
        0.01627444103360176,
        0.039255522191524506,
        0.05449209734797478,
        0.044747646898031235,
        0.02322433888912201,
        0.08243252336978912,
        0.08829645812511444,
        0.051337480545043945,
        0.03503976762294769,
        0.05741855502128601,
        0.06605204194784164,
        0.03333470970392227,
        0.04375360533595085,
        0.08617132157087326,
        0.0725860521197319,
        0.02871852181851864,
        0.016396986320614815,
        0.052199505269527435,
        0.0714264065027237,
        0.061396192759275436,
        0.01497612800449133,
        0.057028234004974365,
        0.07346801459789276,
        0.04494689032435417,
        0.04311233013868332,
        0.0633249506354332,
        0.0681145191192627,
        0.040570132434368134,
        0.01794743910431862,
        0.041703350841999054,
        0.04014718532562256,
        0.02244720607995987,
        0.05115135759115219,
        0.049971193075180054,
        0.01854759454727173,
        0.020936768501996994
    ],
    "LPIPS": [
        0.14486382901668549,
        0.2680695652961731,
        0.39525362849235535,
        0.35377416014671326,
        0.22608643770217896,
        0.3144766688346863,
        0.3307234048843384,
        0.26150500774383545,
        0.3615720570087433,
        0.4394165277481079,
        0.45572608709335327,
        0.3026054799556732,
        0.2466563731431961,
        0.3785340189933777,
        0.4062902629375458,
        0.3462585210800171,
        0.28332871198654175,
        0.4099622666835785,
        0.4942091107368469,
        0.39883512258529663,
        0.36303627490997314,
        0.4603661298751831,
        0.3975258469581604,
        0.28027141094207764,
        0.3593665361404419,
        0.4666939079761505,
        0.4727216362953186,
        0.31552353501319885,
        0.3298029899597168,
        0.42681407928466797,
        0.4634057581424713,
        0.3993387222290039,
        0.21359094977378845,
        0.4024529457092285,
        0.46723777055740356,
        0.36669790744781494,
        0.38668638467788696,
        0.4388999342918396,
        0.4176962971687317,
        0.3162881135940552,
        0.25221043825149536,
        0.36690714955329895,
        0.3512052893638611,
        0.33092397451400757,
        0.3641718327999115,
        0.35459113121032715,
        0.24349640309810638,
        0.2592165470123291
    ],
    "complexity": {
        "normal_roughness": [
            0.03785603120923042,
            0.027271179482340813,
            0.04553622007369995,
            0.046822912991046906,
            0.04543571174144745,
            0.053850091993808746,
            0.04519982263445854,
            0.02803570032119751,
            0.045595068484544754,
            0.05791003257036209,
            0.059461697936058044,
            0.04291250556707382,
            0.03741922229528427,
            0.0557728186249733,
            0.057284872978925705,
            0.04498773440718651,
            0.037665899842977524,
            0.058855630457401276,
            0.06401859223842621,
            0.05292939394712448,
            0.04967481642961502,
            0.060215648263692856,
            0.05710678547620773,
            0.03771969676017761,
            0.05520457774400711,
            0.064801886677742,
            0.06088801473379135,
            0.03716062754392624,
            0.03947928547859192,
            0.05539657920598984,
            0.06105981022119522,
            0.05387169122695923,
            0.03852234035730362,
            0.05995061248540878,
            0.06271194666624069,
            0.04913840442895889,
            0.046292778104543686,
            0.0564013235270977,
            0.055417902767658234,
            0.04438246041536331,
            0.04529469087719917,
            0.05388566851615906,
            0.050433047115802765,
            0.03158991038799286,
            0.047601502388715744,
            0.04531889036297798,
            0.0365137979388237,
            0.032228145748376846
        ],