{"PSNR": [21.000277996063232, 16.71286940574646, 16.646829843521118, 18.77734661102295, 17.449510097503662, 18.58316421508789, 16.83329939842224, 15.451031923294067, 15.343310832977295, 16.826823949813843, 17.929939031600952, 17.3688805103302, 16.343681812286377, 16.611359119415283, 16.840949058532715, 15.631712675094604, 14.934439659118652, 16.06106996536255, 17.57758140563965, 16.894373893737793, 16.046074628829956, 16.251050233840942, 16.580021381378174, 15.121355056762695, 15.340350866317749, 17.31720805168152, 17.37789750099182, 16.04706883430481, 16.076523065567017, 15.988787412643433, 15.708553791046143, 15.910210609436035, 15.379340648651123, 16.74376368522644, 17.576829195022583, 16.5005362033844, 15.92862606048584, 15.669100284576416, 15.792155265808105, 16.384989023208618, 16.544158458709717, 18.059555292129517, 17.00385570526123, 16.342614889144897, 16.255675554275513, 18.15173625946045, 18.61859679222107, 17.246294021606445], "SSIM": [0.88228839635849, 0.7955204844474792, 0.775947093963623, 0.8432888984680176, 0.7665244936943054, 0.7967946529388428, 0.7642203569412231, 0.7671256065368652, 0.7104263305664062, 0.7365318536758423, 0.7840886116027832, 0.797118067741394, 0.7464970350265503, 0.7116076350212097, 0.7285172343254089, 0.7494595050811768, 0.7291209697723389, 0.7040413618087769, 0.7454929351806641, 0.7623165845870972, 0.702441394329071, 0.6976482272148132, 0.7417758703231812, 0.7726229429244995, 0.70353764295578, 0.7247202396392822, 0.751584529876709, 0.7451587915420532, 0.7466329336166382, 0.6896237134933472, 0.690078616142273, 0.7532600164413452, 0.7557875514030457, 0.7230695486068726, 0.7420700788497925, 0.7524639368057251, 0.7230526804924011, 0.6792880296707153, 0.7008535861968994, 0.7944623231887817, 0.7456263303756714, 0.7611152529716492, 0.7644305229187012, 0.7760926485061646, 0.7384886145591736, 0.7958411574363708, 0.7817157506942749, 0.7875580787658691], "MSE": [0.007942775264382362, 0.021316364407539368, 0.021642982959747314, 0.01325150951743126, 0.01799074374139309, 0.013857456855475903, 0.02073337696492672, 0.02850341796875, 0.02921924740076065, 0.020764313638210297, 0.016106683760881424, 0.018327871337532997, 0.023207683116197586, 0.021820470690727234, 0.020696891471743584, 0.02734190598130226, 0.0321037694811821, 0.024768119677901268, 0.017467951402068138, 0.02044384740293026, 0.024853786453604698, 0.023708000779151917, 0.02197849377989769, 0.03075137548148632, 0.029239168390631676, 0.018547240644693375, 0.01828986220061779, 0.024848103523254395, 0.02468014322221279, 0.025183802470564842, 0.02686239406466484, 0.02564360201358795, 0.028977839276194572, 0.021165266633033752, 0.01747097074985504, 0.02238444611430168, 0.025535091757774353, 0.027107536792755127, 0.026350241154432297, 0.02298799902200699, 0.022160734981298447, 0.015633076429367065, 0.019934920594096184, 0.02321339212357998, 0.023682773113250732, 0.01530475914478302, 0.013744859024882317, 0.01885257475078106], "LPIPS": [0.13780240714550018, 0.22249481081962585, 0.26971733570098877, 0.18220052123069763, 0.238197922706604, 0.20773527026176453, 0.2519596219062805, 0.2822295129299164, 0.31619152426719666, 0.2477809488773346, 0.2749198079109192, 0.24460715055465698, 0.274959921836853, 0.25665175914764404, 0.25786644220352173, 0.2736915946006775, 0.28673920035362244, 0.27417701482772827, 0.2604641318321228, 0.29686662554740906, 0.31124967336654663, 0.25753432512283325, 0.26259732246398926, 0.28011399507522583, 0.2853851914405823, 0.2640121877193451, 0.27216285467147827, 0.3173440396785736, 0.2988884449005127, 0.26482129096984863, 0.29909563064575195, 0.2760666012763977, 0.2823143005371094, 0.25084543228149414, 0.2504544258117676, 0.28603166341781616, 0.31475576758384705, 0.30330413579940796, 0.27302974462509155, 0.24297796189785004, 0.26629871129989624, 0.2247834950685501, 0.2645748257637024, 0.2672322392463684, 0.3089047372341156, 0.2237430214881897, 0.22901903092861176, 0.26478374004364014]}