{"PSNR": [20.367074012756348, 16.393625736236572, 14.438635110855103, 14.812721014022827, 18.04106831550598, 17.325820922851562, 15.431503057479858, 15.491546392440796, 14.530912637710571, 13.916172981262207, 14.015668630599976, 15.31908631324768, 16.918153762817383, 16.129995584487915, 15.675818920135498, 14.938348531723022, 15.145810842514038, 14.2780601978302, 13.964487314224243, 14.652040004730225, 16.44599676132202, 15.66997766494751, 14.862923622131348, 14.86667275428772, 15.178989171981812, 14.280719757080078, 14.354852437973022, 15.644605159759521, 17.380017042160034, 15.867340564727783, 15.333236455917358, 14.74597454071045, 15.740659236907959, 15.363937616348267, 15.180634260177612, 15.530626773834229, 16.313546895980835, 15.486189126968384, 15.152124166488647, 15.536874532699585, 17.230041027069092, 17.417378425598145, 16.493836641311646, 17.334877252578735, 16.290565729141235, 16.005769968032837, 19.048035144805908, 18.14988136291504], "SSIM": [0.8571510314941406, 0.8060652613639832, 0.7040178179740906, 0.678496241569519, 0.8135546445846558, 0.7414807081222534, 0.7274268865585327, 0.7893233299255371, 0.73336261510849, 0.6652370691299438, 0.6451888680458069, 0.7108539342880249, 0.7954521179199219, 0.7346783876419067, 0.6909765005111694, 0.700718879699707, 0.7745462656021118, 0.6927903890609741, 0.6450570821762085, 0.6733872294425964, 0.7600265741348267, 0.6864743232727051, 0.662043571472168, 0.7025859355926514, 0.7684410810470581, 0.6765695810317993, 0.6479283571243286, 0.7241616249084473, 0.7795398235321045, 0.7011125087738037, 0.674168586730957, 0.6746817827224731, 0.7685875296592712, 0.7428836226463318, 0.7093460559844971, 0.703138530254364, 0.7146682739257812, 0.6826154589653015, 0.679555356502533, 0.737481951713562, 0.8257865309715271, 0.8017842173576355, 0.7456259727478027, 0.7782666683197021, 0.7307529449462891, 0.7369638681411743, 0.8458635210990906, 0.7982160449028015], "MSE": [0.009189515374600887, 0.022942330688238144, 0.035986240953207016, 0.03301626443862915, 0.01569976843893528, 0.018510494381189346, 0.028631873428821564, 0.028238749131560326, 0.03522968292236328, 0.04058661311864853, 0.03966734558343887, 0.029382675886154175, 0.02033221535384655, 0.024378135800361633, 0.027065632864832878, 0.03207489475607872, 0.030578695237636566, 0.03734169155359268, 0.04013759270310402, 0.03426068276166916, 0.022667329758405685, 0.02710205689072609, 0.03263680636882782, 0.032608650624752045, 0.030345972627401352, 0.03731883689761162, 0.0366872176527977, 0.027260858565568924, 0.01828092895448208, 0.025897979736328125, 0.029287099838256836, 0.03352760896086693, 0.02666454017162323, 0.029080793261528015, 0.030334487557411194, 0.027985773980617523, 0.023369282484054565, 0.028273604810237885, 0.030534278601408005, 0.027945546433329582, 0.018923258408904076, 0.018124336376786232, 0.02241901122033596, 0.01847193017601967, 0.023493271321058273, 0.025085514411330223, 0.01245078258216381, 0.01531129889190197], "LPIPS": [0.1823943853378296, 0.29349613189697266, 0.33904919028282166, 0.36530062556266785, 0.30464762449264526, 0.3001142740249634, 0.32704007625579834, 0.32661277055740356, 0.3726963698863983, 0.37106090784072876, 0.368038535118103, 0.3468819260597229, 0.340112566947937, 0.33637696504592896, 0.3675675392150879, 0.33018815517425537, 0.3539663851261139, 0.34197890758514404, 0.3695579171180725, 0.3801398277282715, 0.3459472060203552, 0.35615283250808716, 0.3730960488319397, 0.3539942800998688, 0.3398444354534149, 0.3431892395019531, 0.38730984926223755, 0.3791309595108032, 0.3896350860595703, 0.35586780309677124, 0.36204794049263, 0.37519437074661255, 0.35015588998794556, 0.3029444217681885, 0.32679516077041626, 0.38560599088668823, 0.3718183934688568, 0.3830045461654663, 0.3948167860507965, 0.3201426863670349, 0.28758490085601807, 0.251537024974823, 0.33000850677490234, 0.34378838539123535, 0.35322362184524536, 0.34193700551986694, 0.26128464937210083, 0.2997441291809082]}