{
    "PSNR": [
        20.95332145690918,
        15.93692660331726,
        14.644579887390137,
        17.05285668373108,
        17.804361581802368,
        18.05080771446228,
        16.92210078239441,
        14.531717300415039,
        13.685951232910156,
        14.219270944595337,
        16.197134256362915,
        18.102328777313232,
        16.34154438972473,
        16.701009273529053,
        17.703006267547607,
        15.859919786453247,
        13.906692266464233,
        13.975993394851685,
        15.374205112457275,
        18.181235790252686,
        15.219204425811768,
        16.570662260055542,
        17.572174072265625,
        15.786670446395874,
        14.684170484542847,
        15.335602760314941,
        16.914764642715454,
        17.133347988128662,
        15.015451908111572,
        15.026143789291382,
        17.132292985916138,
        17.598812580108643,
        16.780576705932617,
        15.89945673942566,
        16.802978515625,
        17.398388385772705,
        14.772571325302124,
        15.238914489746094,
        16.197950839996338,
        17.674622535705566,
        17.241491079330444,
        17.81072497367859,
        17.32877016067505,
        15.649397373199463,
        15.354444980621338,
        16.448110342025757,
        17.622191905975342,
        16.394708156585693
    ],
    "SSIM": [
        0.8702833652496338,
        0.666831910610199,
        0.6041184663772583,
        0.7502235174179077,
        0.756680428981781,
        0.7713679075241089,
        0.7042991518974304,
        0.5785800814628601,
        0.5483894348144531,
        0.5988122224807739,
        0.7155102491378784,
        0.7806926965713501,
        0.6947932243347168,
        0.7061247825622559,
        0.7477630376815796,
        0.6359302997589111,
        0.5582180023193359,
        0.5937790274620056,
        0.6740511655807495,
        0.7898213267326355,
        0.632378339767456,
        0.6881203651428223,
        0.7534868121147156,
        0.6524951457977295,
        0.6344549059867859,
        0.67987459897995,
        0.7649126052856445,
        0.7222632169723511,
        0.6037505865097046,
        0.6076902151107788,
        0.7043806910514832,
        0.7226812243461609,
        0.7457773685455322,
        0.7277730703353882,
        0.7635762095451355,
        0.7507939338684082,
        0.5859038233757019,
        0.614914059638977,
        0.6801473498344421,
        0.7423200607299805,
        0.7809529304504395,
        0.7940821647644043,
        0.7571520209312439,
        0.6440114378929138,
        0.6270976066589355,
        0.7305549383163452,
        0.7978501319885254,
        0.7047475576400757
    ],
    "MSE": [
        0.008029120974242687,
        0.025486331433057785,
        0.03431958332657814,
        0.019711263477802277,
        0.016579214483499527,
        0.01566459983587265,
        0.020313741639256477,
        0.03522316366434097,
        0.04279617220163345,
        0.037850622087717056,
        0.024004166945815086,
        0.015479864552617073,
        0.023219114169478416,
        0.0213746577501297,
        0.016970688477158546,
        0.025942271575331688,
        0.04067530855536461,
        0.040031395852565765,
        0.029012124985456467,
        0.015201150439679623,
        0.03006627783179283,
        0.022025909274816513,
        0.017489707097411156,
        0.026383530348539352,
        0.03400815278291702,
        0.029271146282553673,
        0.020348086953163147,
        0.019349297508597374,
        0.03151046484708786,
        0.031432993710041046,
        0.019353998824954033,
        0.01738276332616806,
        0.020986612886190414,
        0.0257071815431118,
        0.020878642797470093,
        0.01820376142859459,
        0.033322907984256744,
        0.029930129647254944,
        0.0239996537566185,
        0.017081962898373604,
        0.018873434513807297,
        0.01655493676662445,
        0.018497927114367485,
        0.02723078988492489,
        0.029144426807761192,
        0.022656302899122238,
        0.017289437353610992,
        0.022936608642339706
    ],
    "LPIPS": [
        0.14767205715179443,
        0.3374762535095215,
        0.3481684923171997,
        0.2588592767715454,
        0.27471107244491577,
        0.25658345222473145,
        0.2722263038158417,
        0.4088161885738373,
        0.4273934066295624,
        0.3565111458301544,
        0.3130281865596771,
        0.24069304764270782,
        0.2976711094379425,
        0.2830492854118347,
        0.264919638633728,
        0.380439817905426,
        0.4065738618373871,
        0.3898686170578003,
        0.3214063048362732,
        0.2724449336528778,
        0.32862338423728943,
        0.305062860250473,
        0.2762809097766876,
        0.38019269704818726,
        0.36192119121551514,
        0.326519250869751,
        0.2956329882144928,
        0.30584555864334106,
        0.390559583902359,
        0.3700415790081024,
        0.3164439797401428,
        0.3205356001853943,
        0.3016775846481323,
        0.27643677592277527,
        0.25304484367370605,
        0.33726632595062256,
        0.3953997492790222,
        0.37318098545074463,
        0.32514694333076477,
        0.22757074236869812,
        0.25702548027038574,
        0.24911975860595703,
        0.2874719798564911,
        0.38788920640945435,
        0.3601595163345337,
        0.2783966064453125,
        0.2107056975364685,
        0.34518441557884216
    ],
    "complexity": {
        "normal_roughness": [
            0.05508069694042206,
            0.06241358071565628,
            0.06358183175325394,
            0.0546637624502182,
            0.03606817126274109,
            0.04378100484609604,
            0.05080302804708481,
            0.06055107340216637,
            0.06497826427221298,
            0.061775919049978256,
            0.04907508194446564,
            0.0385211743414402,
            0.033960841596126556,
            0.04301094263792038,
            0.03519550710916519,
            0.048181019723415375,
            0.057835329324007034,
            0.060067541897296906,
            0.0517154261469841,
            0.030483799055218697,
            0.05195067077875137,
            0.04871367663145065,
            0.03339923545718193,
            0.04577767103910446,
            0.051653213798999786,
            0.04916628077626228,
            0.03211060166358948,
            0.03998352959752083,
            0.0533330924808979,
            0.05835640802979469,
            0.049719564616680145,
            0.03347375988960266,
            0.03679054230451584,
            0.040698934346437454,
            0.03529452532529831,
            0.04532483220100403,
            0.05994522199034691,
            0.058195970952510834,
            0.04907494783401489,
            0.04101875424385071,
            0.03724217414855957,
            0.04144696518778801,
            0.0510527677834034,
            0.05622883513569832,
            0.05960308015346527,
            0.052103277295827866,
            0.05060773715376854,
            0.05898077040910721
        ],