{"PSNR": [21.01217031478882, 15.90888500213623, 14.881006479263306, 16.772868633270264, 17.627779245376587, 16.99172854423523, 15.804630517959595, 14.030636548995972, 13.282169103622437, 13.878418207168579, 14.763998985290527, 16.559282541275024, 15.650368928909302, 16.530485153198242, 14.935444593429565, 13.905342817306519, 12.79740571975708, 13.270982503890991, 13.632793426513672, 14.275221824645996, 14.934149980545044, 14.811562299728394, 14.1249418258667, 12.928839921951294, 13.640875816345215, 14.744359254837036, 13.50583553314209, 14.000239372253418, 14.032813310623169, 14.05049443244934, 14.261128902435303, 13.71782660484314, 13.773375749588013, 15.11711597442627, 13.660356998443604, 14.149956703186035, 13.591976165771484, 14.356733560562134, 15.625755786895752, 14.973206520080566, 17.163658142089844, 15.411105155944824, 15.004520416259766, 14.368631839752197, 14.288920164108276, 16.943256855010986, 18.481627702713013, 15.706684589385986], "SSIM": [0.8582320213317871, 0.6299750208854675, 0.6007696986198425, 0.6781481504440308, 0.6877188682556152, 0.7098058462142944, 0.6430147886276245, 0.5604757070541382, 0.5711435079574585, 0.5510355234146118, 0.5922882556915283, 0.6609233617782593, 0.6098844408988953, 0.6496469378471375, 0.6238855123519897, 0.5893065929412842, 0.5564616918563843, 0.5868400931358337, 0.5844912528991699, 0.6160954833030701, 0.603118360042572, 0.6178945302963257, 0.611047089099884, 0.5741129517555237, 0.601486325263977, 0.5852822661399841, 0.5917978286743164, 0.587256133556366, 0.566659688949585, 0.5939193964004517, 0.6346001029014587, 0.5899650454521179, 0.5891604423522949, 0.6208496689796448, 0.5589861273765564, 0.5982482433319092, 0.5450259447097778, 0.6124886274337769, 0.6662383079528809, 0.6337425112724304, 0.7182245254516602, 0.6445914506912231, 0.5991565585136414, 0.564037561416626, 0.5757717490196228, 0.7023441195487976, 0.7908738851547241, 0.6354281306266785], "MSE": [0.007921053096652031, 0.02565142512321472, 0.03250119835138321, 0.02102389745414257, 0.01726720854640007, 0.01999066397547722, 0.026274651288986206, 0.03953086957335472, 0.04696595296263695, 0.04094097763299942, 0.03338874876499176, 0.022083699703216553, 0.027224702760577202, 0.022230615839362144, 0.03209633752703667, 0.04068794101476669, 0.05251210182905197, 0.047087084501981735, 0.04332321882247925, 0.0373661033809185, 0.03210591524839401, 0.03302507847547531, 0.038681723177433014, 0.050946690142154694, 0.04324265569448471, 0.03354008123278618, 0.044608380645513535, 0.03980853408575058, 0.0395110547542572, 0.03935053572058678, 0.03748755902051926, 0.04248322173953056, 0.04194328188896179, 0.030781403183937073, 0.04304911941289902, 0.03845956176519394, 0.04373231530189514, 0.03667133301496506, 0.027379434555768967, 0.03181847557425499, 0.019214725121855736, 0.02876666747033596, 0.03158988058567047, 0.03657100722193718, 0.037248432636260986, 0.020215025171637535, 0.014185262843966484, 0.026873953640460968], "LPIPS": [0.15846021473407745, 0.33623477816581726, 0.34934544563293457, 0.3025268316268921, 0.2751474380493164, 0.2992597818374634, 0.379230797290802, 0.3776886463165283, 0.3698454201221466, 0.41605493426322937, 0.4075078070163727, 0.3185391426086426, 0.31735867261886597, 0.33831095695495605, 0.37791091203689575, 0.3939931392669678, 0.41390231251716614, 0.3783476948738098, 0.45059138536453247, 0.37513187527656555, 0.3861076831817627, 0.41434746980667114, 0.4367736279964447, 0.3860851526260376, 0.4094787538051605, 0.43035852909088135, 0.3979305028915405, 0.3843241035938263, 0.3928021192550659, 0.4079544246196747, 0.3923816382884979, 0.37956008315086365, 0.32240769267082214, 0.3768967390060425, 0.4095897674560547, 0.3647313416004181, 0.3958672285079956, 0.36162590980529785, 0.36023151874542236, 0.31129780411720276, 0.3109224736690521, 0.3341616988182068, 0.3649853467941284, 0.37475883960723877, 0.345329225063324, 0.3049459159374237, 0.24749362468719482, 0.32782283425331116]}