{"PSNR": [21.033935546875, 17.321878671646118, 17.39022731781006, 17.633785009384155, 19.130667448043823, 18.600480556488037, 16.602189540863037, 16.165529489517212, 16.81947112083435, 17.328354120254517, 17.227846384048462, 16.910037994384766, 16.348625421524048, 18.729418516159058, 16.31501078605652, 15.270209312438965, 15.985184907913208, 17.141776084899902, 16.847059726715088, 15.4414963722229, 17.15921640396118, 16.791555881500244, 15.09201169013977, 15.213350057601929, 16.864755153656006, 17.233041524887085, 15.520237684249878, 15.246139764785767, 15.611988306045532, 19.73072648048401, 15.79615592956543, 14.833393096923828, 15.125163793563843, 18.528342247009277, 15.888855457305908, 14.835373163223267, 15.859110355377197, 16.291377544403076, 15.747774839401245, 15.333703756332397, 16.3327157497406, 15.962491035461426, 15.155162811279297, 15.038044452667236, 16.188045740127563, 15.592424869537354, 16.19543433189392, 15.430316925048828], "SSIM": [0.8568668365478516, 0.7071056365966797, 0.7491315603256226, 0.7417219877243042, 0.7838352918624878, 0.7602976560592651, 0.6652146577835083, 0.6515678763389587, 0.7061895132064819, 0.7556230425834656, 0.7210592031478882, 0.7033370733261108, 0.6757053732872009, 0.7854268550872803, 0.6637197732925415, 0.6078317165374756, 0.6543707251548767, 0.7285046577453613, 0.7164561152458191, 0.6324595212936401, 0.7262358665466309, 0.7192746996879578, 0.6099424958229065, 0.6455944180488586, 0.6882179975509644, 0.7272583246231079, 0.6280143857002258, 0.6137353181838989, 0.6451378464698792, 0.819246768951416, 0.6912710070610046, 0.6347389221191406, 0.6817140579223633, 0.7565392851829529, 0.6510998010635376, 0.5886108875274658, 0.7010868787765503, 0.7488738298416138, 0.7170769572257996, 0.7178339958190918, 0.761102557182312, 0.6891044974327087, 0.6321541666984558, 0.6310283541679382, 0.750036895275116, 0.7575883269309998, 0.752163290977478, 0.6890397071838379], "MSE": [0.00788145512342453, 0.018527302891016006, 0.01823800802230835, 0.01724334806203842, 0.012216119095683098, 0.013802312314510345, 0.021866587921977043, 0.02417948842048645, 0.02079949900507927, 0.018499694764614105, 0.018932823091745377, 0.0203702449798584, 0.023181285709142685, 0.013398561626672745, 0.023361405357718468, 0.029715225100517273, 0.025204701349139214, 0.019311781972646713, 0.02066779136657715, 0.028566068038344383, 0.019234389066696167, 0.020933624356985092, 0.030959848314523697, 0.03010682389140129, 0.020583748817443848, 0.01891019195318222, 0.0280527975410223, 0.029880378395318985, 0.027466367930173874, 0.010639648884534836, 0.026325976476073265, 0.03285948559641838, 0.0307244211435318, 0.014033498242497444, 0.025770004838705063, 0.032844509929418564, 0.02594710886478424, 0.023488875478506088, 0.02662089094519615, 0.029283951967954636, 0.02326636016368866, 0.025336747989058495, 0.030512914061546326, 0.03134697303175926, 0.024054450914263725, 0.027590375393629074, 0.024013563990592957, 0.028639687225222588], "LPIPS": [0.16983583569526672, 0.32302021980285645, 0.29847559332847595, 0.3015170693397522, 0.27912652492523193, 0.27319157123565674, 0.3857998847961426, 0.3795960545539856, 0.3712473511695862, 0.32792893052101135, 0.37420183420181274, 0.3510429263114929, 0.3695586323738098, 0.3009031414985657, 0.3732069730758667, 0.4241132140159607, 0.3840705454349518, 0.32929593324661255, 0.4025503993034363, 0.4168924391269684, 0.33774715662002563, 0.3357810080051422, 0.4185928702354431, 0.41849538683891296, 0.32415786385536194, 0.3526639938354492, 0.382254034280777, 0.4199945032596588, 0.38076961040496826, 0.2457817643880844, 0.37348997592926025, 0.41633284091949463, 0.3689603805541992, 0.32961541414260864, 0.37016862630844116, 0.39014703035354614, 0.34309476613998413, 0.3056660294532776, 0.3682629466056824, 0.3567451536655426, 0.2682414650917053, 0.31502699851989746, 0.36776265501976013, 0.3779161870479584, 0.27333712577819824, 0.3003733158111572, 0.2839595079421997, 0.30782783031463623]}