{"PSNR": [21.606712341308594, 19.226014614105225, 15.143239498138428, 15.545750856399536, 19.51501727104187, 16.99462890625, 17.184687852859497, 18.728700876235962, 14.931743144989014, 12.383410930633545, 12.651424407958984, 16.20641827583313, 18.73821496963501, 15.90659499168396, 15.37670612335205, 16.384198665618896, 17.95597195625305, 12.43045687675476, 11.000185012817383, 13.419409990310669, 15.863877534866333, 14.593735933303833, 14.818668365478516, 16.933342218399048, 14.533085823059082, 11.244912147521973, 12.00764536857605, 16.379820108413696, 17.67936110496521, 14.35726284980774, 14.099392890930176, 14.979695081710815, 18.847161531448364, 12.906203269958496, 12.059515714645386, 14.74928617477417, 14.80360746383667, 13.744341135025024, 14.165815114974976, 16.252930164337158, 18.30946683883667, 13.724193572998047, 14.874629974365234, 17.048155069351196, 14.59014892578125, 15.001786947250366, 17.054067850112915, 16.727489233016968], "SSIM": [0.8914424777030945, 0.8424663543701172, 0.6870953440666199, 0.7139174342155457, 0.8343140482902527, 0.7040557265281677, 0.710882306098938, 0.8317028880119324, 0.6832968592643738, 0.5497568845748901, 0.5772809386253357, 0.7649027705192566, 0.8470012545585632, 0.6622084379196167, 0.5956432223320007, 0.6855370998382568, 0.8341376781463623, 0.550463080406189, 0.4955984055995941, 0.6324089765548706, 0.6921245455741882, 0.5610873699188232, 0.5715078115463257, 0.7546140551567078, 0.6665903329849243, 0.49801740050315857, 0.5584325790405273, 0.773231029510498, 0.811455249786377, 0.5872020721435547, 0.5265380144119263, 0.6125731468200684, 0.8268434405326843, 0.5816203355789185, 0.5551143884658813, 0.7108335494995117, 0.6686749458312988, 0.562360942363739, 0.5693283677101135, 0.6946932673454285, 0.8188738822937012, 0.6518112421035767, 0.7305020689964294, 0.8277463316917419, 0.6758763194084167, 0.6793918013572693, 0.8441464900970459, 0.8304061889648438], "MSE": [0.006907628383487463, 0.0119508421048522, 0.030596807599067688, 0.02788848988711834, 0.011181451380252838, 0.01997731253504753, 0.019121911376714706, 0.01340077631175518, 0.032123710960149765, 0.05776422470808029, 0.05430721491575241, 0.0239529088139534, 0.013371451757848263, 0.025664955377578735, 0.028995417058467865, 0.02299218252301216, 0.016010422259569168, 0.05714186280965805, 0.07942944765090942, 0.045504987239837646, 0.025918645784258842, 0.034723736345767975, 0.032971084117889404, 0.02026122622191906, 0.035212062299251556, 0.07507731765508652, 0.06298476457595825, 0.023015376180410385, 0.017063336446881294, 0.0366668701171875, 0.03890995681285858, 0.031770966947078705, 0.013040187768638134, 0.05121293663978577, 0.0622369647026062, 0.03350204974412918, 0.033085621893405914, 0.042224638164043427, 0.038319386541843414, 0.02369774505496025, 0.014758875593543053, 0.04242097586393356, 0.03254896029829979, 0.019732607528567314, 0.03475242480635643, 0.03160976991057396, 0.019705763086676598, 0.021244725212454796], "LPIPS": [0.15857738256454468, 0.23856356739997864, 0.36498770117759705, 0.3241686522960663, 0.22882378101348877, 0.3137556314468384, 0.3077377676963806, 0.24341553449630737, 0.3167637884616852, 0.40292736887931824, 0.3774314820766449, 0.2888033390045166, 0.22847330570220947, 0.2721494436264038, 0.38806867599487305, 0.3282119929790497, 0.2553396224975586, 0.39869916439056396, 0.4302917718887329, 0.35740047693252563, 0.2998040020465851, 0.3751135766506195, 0.40576863288879395, 0.3030719459056854, 0.32716235518455505, 0.4196047782897949, 0.4143713414669037, 0.2945593297481537, 0.24365849792957306, 0.38296613097190857, 0.41263312101364136, 0.35339000821113586, 0.27927589416503906, 0.3893601894378662, 0.4102301597595215, 0.34531664848327637, 0.3378160297870636, 0.4004753828048706, 0.389085590839386, 0.3265029191970825, 0.2328258454799652, 0.3348595201969147, 0.3088234066963196, 0.23519083857536316, 0.31955868005752563, 0.3146401643753052, 0.20877239108085632, 0.20988225936889648]}