{"PSNR": [20.915112495422363, 16.312615871429443, 14.306493997573853, 15.086075067520142, 16.342029571533203, 15.631170272827148, 15.980547666549683, 16.405415534973145, 13.988888263702393, 14.326609373092651, 14.573523998260498, 16.329790353775024, 15.338900089263916, 14.931788444519043, 14.99376654624939, 16.636805534362793, 14.858434200286865, 13.565462827682495, 13.807153701782227, 15.289483070373535, 14.787147045135498, 14.741392135620117, 15.954190492630005, 16.71146512031555, 14.7769296169281, 13.466923236846924, 14.639389514923096, 15.480976104736328, 14.830026626586914, 15.19906759262085, 15.6321382522583, 17.127399444580078, 16.36231780052185, 14.474200010299683, 13.914352655410767, 16.024821996688843, 15.774480104446411, 16.05440378189087, 16.384695768356323, 17.729337215423584, 16.242339611053467, 15.356322526931763, 16.022435426712036, 15.650887489318848, 15.863856077194214, 16.566603183746338, 17.260329723358154, 16.485906839370728], "SSIM": [0.8766511678695679, 0.7616736888885498, 0.6966719627380371, 0.6855049133300781, 0.7159934043884277, 0.6838657855987549, 0.7152330279350281, 0.7436596155166626, 0.6741408705711365, 0.6215692758560181, 0.6265743970870972, 0.6820156574249268, 0.6841070055961609, 0.6210281848907471, 0.6323058605194092, 0.7056498527526855, 0.7111267447471619, 0.5872793197631836, 0.5777269601821899, 0.6092374324798584, 0.6574985980987549, 0.5899538397789001, 0.6721411943435669, 0.7374369502067566, 0.6712841987609863, 0.5503156185150146, 0.6144182682037354, 0.7012367248535156, 0.6914831399917603, 0.6358585357666016, 0.6409821510314941, 0.7127646207809448, 0.7368005514144897, 0.6179245710372925, 0.5750116109848022, 0.6942886114120483, 0.6806483268737793, 0.6603437662124634, 0.689246416091919, 0.7659615874290466, 0.7281438708305359, 0.6490962505340576, 0.7059011459350586, 0.7425432205200195, 0.6896659731864929, 0.7391872406005859, 0.7781111598014832, 0.7553655505180359], "MSE": [0.00810006819665432, 0.023374289274215698, 0.03709801286458969, 0.031002206727862358, 0.02321651577949524, 0.02734532207250595, 0.025231625884771347, 0.022880133241415024, 0.03991270810365677, 0.03692657873034477, 0.0348857119679451, 0.023282036185264587, 0.029248934239149094, 0.0321233794093132, 0.031668201088905334, 0.021692994982004166, 0.03267056494951248, 0.04400011897087097, 0.041618335992097855, 0.0295836441218853, 0.03321125730872154, 0.033562999218702316, 0.02538522146642208, 0.02132325991988182, 0.033289484679698944, 0.04500986635684967, 0.034360628575086594, 0.028307557106018066, 0.03288496658205986, 0.030206002295017242, 0.027339225634932518, 0.019375819712877274, 0.023108314722776413, 0.03569275885820389, 0.04060361906886101, 0.02497570961713791, 0.02645770087838173, 0.024806171655654907, 0.022989546880126, 0.01686810329556465, 0.023755602538585663, 0.029131826013326645, 0.02498944103717804, 0.027221452444791794, 0.025918778032064438, 0.02204650640487671, 0.018791746348142624, 0.022459980100393295], "LPIPS": [0.13826024532318115, 0.22507169842720032, 0.32146692276000977, 0.30065977573394775, 0.2441786229610443, 0.30264121294021606, 0.27940884232521057, 0.25696590542793274, 0.33101770281791687, 0.34646695852279663, 0.36597004532814026, 0.32100287079811096, 0.3324710726737976, 0.3478228449821472, 0.3462630808353424, 0.32811838388442993, 0.3022088408470154, 0.3730217218399048, 0.3986774981021881, 0.3584417998790741, 0.3452528119087219, 0.3607999086380005, 0.36064350605010986, 0.3196178674697876, 0.2980726361274719, 0.368319571018219, 0.3481646180152893, 0.32756882905960083, 0.31177639961242676, 0.3579743802547455, 0.3516163229942322, 0.35447126626968384, 0.2447815239429474, 0.32996034622192383, 0.32904863357543945, 0.3255860209465027, 0.32743650674819946, 0.3478597402572632, 0.3391837179660797, 0.24406082928180695, 0.2587292194366455, 0.3127352297306061, 0.2755770683288574, 0.28437313437461853, 0.2873229682445526, 0.3144455552101135, 0.26209694147109985, 0.29127487540245056]}