{
    "PSNR": [
        20.91578722000122,
        17.22890853881836,
        14.909454584121704,
        16.074622869491577,
        19.05549645423889,
        18.40633988380432,
        18.329827785491943,
        15.915180444717407,
        13.8583242893219,
        13.961950540542603,
        15.214353799819946,
        17.582595348358154,
        17.47824192047119,
        16.227974891662598,
        16.544288396835327,
        17.13999032974243,
        13.786667585372925,
        13.323997259140015,
        14.29552435874939,
        17.06204056739807,
        15.49720287322998,
        15.310859680175781,
        15.371166467666626,
        16.103934049606323,
        13.432669639587402,
        14.106144905090332,
        15.941252708435059,
        18.582346439361572,
        16.13340139389038,
        14.84070897102356,
        14.907900094985962,
        15.600889921188354,
        15.486862659454346,
        15.11836051940918,
        15.641345977783203,
        17.9719340801239,
        14.929113388061523,
        14.78461503982544,
        15.223050117492676,
        16.10466957092285,
        19.11702036857605,
        17.111889123916626,
        17.23345160484314,
        16.60995125770569,
        14.878616333007812,
        16.207903623580933,
        18.277968168258667,
        16.438205242156982
    ],
    "SSIM": [
        0.8802940249443054,
        0.7273260951042175,
        0.6074244379997253,
        0.6596753597259521,
        0.7756109237670898,
        0.7482184767723083,
        0.7669075727462769,
        0.6710349917411804,
        0.5812859535217285,
        0.5562313795089722,
        0.6007779836654663,
        0.7516483068466187,
        0.7328951358795166,
        0.6432477235794067,
        0.676754891872406,
        0.7221875190734863,
        0.5972903966903687,
        0.5595813393592834,
        0.5720576643943787,
        0.7073968648910522,
        0.6216899752616882,
        0.6111401319503784,
        0.6224851608276367,
        0.7211416959762573,
        0.5970863103866577,
        0.5907787084579468,
        0.6749789714813232,
        0.779843807220459,
        0.683078944683075,
        0.5856586694717407,
        0.5875409841537476,
        0.6542255282402039,
        0.7295966148376465,
        0.6669216156005859,
        0.6792439222335815,
        0.7972308993339539,
        0.6048089861869812,
        0.5883446931838989,
        0.6121550798416138,
        0.7095488905906677,
        0.8083145022392273,
        0.7553263902664185,
        0.7628635168075562,
        0.7172002792358398,
        0.608582079410553,
        0.6771670579910278,
        0.8075491189956665,
        0.7028717994689941
    ],
    "MSE": [
        0.008098814636468887,
        0.01892819255590439,
        0.03228899836540222,
        0.02469095215201378,
        0.012429406866431236,
        0.014433315023779869,
        0.014689845964312553,
        0.025614269077777863,
        0.04113083705306053,
        0.04016104340553284,
        0.03009987249970436,
        0.01744779199361801,
        0.01787211373448372,
        0.023834308609366417,
        0.02216007374227047,
        0.019319728016853333,
        0.04181511327624321,
        0.04651578515768051,
        0.037191834300756454,
        0.01966962032020092,
        0.02820199355483055,
        0.029438387602567673,
        0.029032431542873383,
        0.024524863809347153,
        0.04536627233028412,
        0.03884951025247574,
        0.02546095848083496,
        0.013860071077942848,
        0.024359028786420822,
        0.03280417621135712,
        0.03230055421590805,
        0.027536651119589806,
        0.028269212692975998,
        0.030772585421800613,
        0.027281321585178375,
        0.01595168374478817,
        0.03214316815137863,
        0.033230628818273544,
        0.030039656907320023,
        0.024520713835954666,
        0.012254569679498672,
        0.01944514364004135,
        0.01890840381383896,
        0.021827546879649162,
        0.03251909464597702,
        0.02394472062587738,
        0.014866307377815247,
        0.02270803414285183
    ],
    "LPIPS": [
        0.1605987697839737,
        0.28771263360977173,
        0.3956930637359619,
        0.3270079791545868,
        0.19594886898994446,
        0.28754323720932007,
        0.23646856844425201,
        0.3389316201210022,
        0.4123397469520569,
        0.40333133935928345,
        0.3549332022666931,
        0.28429049253463745,
        0.285399854183197,
        0.2836381494998932,
        0.30635032057762146,
        0.30581408739089966,
        0.3988184928894043,
        0.43092548847198486,
        0.3928298354148865,
        0.32228583097457886,
        0.3288823068141937,
        0.3602285385131836,
        0.3515881896018982,
        0.31137070059776306,
        0.3535468876361847,
        0.3687201142311096,
        0.3231596052646637,
        0.26894646883010864,
        0.297785222530365,
        0.3696048855781555,
        0.40169039368629456,
        0.36234763264656067,
        0.28055304288864136,
        0.30093497037887573,
        0.29951411485671997,
        0.285494327545166,
        0.3699374794960022,
        0.39530014991760254,
        0.4150715470314026,
        0.2982388734817505,
        0.2085111141204834,
        0.26354098320007324,
        0.28573888540267944,
        0.30779656767845154,
        0.3812805414199829,
        0.3262454867362976,
        0.2381974458694458,
        0.318106472492218
    ],
    "complexity": {
        "normal_roughness": [
            0.036099374294281006,
            0.0525437667965889,
            0.0632506012916565,
            0.06218592822551727,
            0.04013551026582718,
            0.03551981598138809,
            0.03121294640004635,
            0.04813924431800842,
            0.06161057949066162,
            0.06572088599205017,
            0.060288526117801666,
            0.05101928114891052,
            0.033597182482481,
            0.04775245115160942,
            0.04600634425878525,
            0.0319213904440403,
            0.04905103147029877,
            0.06059423089027405,
            0.06011708825826645,
            0.0460573211312294,
            0.05061596259474754,
            0.05431549251079559,
            0.047493238002061844,
            0.03251310810446739,
            0.04866524040699005,
            0.05788467079401016,
            0.04779274761676788,
            0.03003096580505371,
            0.044611018151044846,
            0.05871915817260742,
            0.057443711906671524,
            0.047960590571165085,
            0.03297153860330582,
            0.04589378088712692,
            0.04702308773994446,
            0.029653236269950867,
            0.05570618063211441,
            0.061008356511592865,
            0.05672349035739899,
            0.04858778044581413,
            0.03823809325695038,
            0.03672266751527786,
            0.033216442912817,
            0.04426860809326172,
            0.05745912343263626,
            0.05820365250110626,
            0.04940875619649887,
            0.0507466159760952
        ],