{"PSNR": [20.975353717803955, 16.998146772384644, 15.045938491821289, 15.963923931121826, 17.27259397506714, 16.556869745254517, 16.88516855239868, 16.309953927993774, 14.471839666366577, 14.634294509887695, 15.404994487762451, 16.51471495628357, 16.794869899749756, 16.05933666229248, 15.935842990875244, 16.90022587776184, 15.665032863616943, 14.899226427078247, 14.39690351486206, 15.572501420974731, 15.569864511489868, 15.679030418395996, 16.84312105178833, 18.089885711669922, 15.472652912139893, 14.658397436141968, 14.244650602340698, 16.16715908050537, 14.91024374961853, 15.655105113983154, 16.02869749069214, 19.02958393096924, 16.83851957321167, 15.451157093048096, 14.597350358963013, 14.92494821548462, 15.595061779022217, 15.650609731674194, 17.03773260116577, 17.08353281021118, 16.305967569351196, 16.08899235725403, 15.545425415039062, 15.51918625831604, 16.22756004333496, 16.71130061149597, 17.112196683883667, 16.98338508605957], "SSIM": [0.8812061548233032, 0.7584007978439331, 0.6863510608673096, 0.7529606223106384, 0.7384579181671143, 0.7297212481498718, 0.7374116778373718, 0.7401177287101746, 0.642120361328125, 0.6383222341537476, 0.6873162984848022, 0.7279399633407593, 0.6904352903366089, 0.659273624420166, 0.6745330095291138, 0.7294036746025085, 0.686787486076355, 0.6359976530075073, 0.6170710921287537, 0.6517519950866699, 0.6494833827018738, 0.6362701058387756, 0.7206287384033203, 0.7777172923088074, 0.6519503593444824, 0.615312933921814, 0.5922443270683289, 0.7120348811149597, 0.6777012348175049, 0.6563069820404053, 0.6620756983757019, 0.7891978025436401, 0.7241186499595642, 0.6560368537902832, 0.6195213794708252, 0.6480147242546082, 0.6812523603439331, 0.6523282527923584, 0.7224615812301636, 0.7555281519889832, 0.714934229850769, 0.6963706016540527, 0.6634790897369385, 0.725679337978363, 0.7133539915084839, 0.7361387014389038, 0.7647064924240112, 0.7459957003593445], "MSE": [0.007988490164279938, 0.01996113918721676, 0.03129003942012787, 0.025328397750854492, 0.018738752231001854, 0.022095968946814537, 0.020487232133746147, 0.02338862046599388, 0.03571215271949768, 0.034400954842567444, 0.02880716882646084, 0.022311490029096603, 0.020917654037475586, 0.024778008460998535, 0.025492697954177856, 0.020416315644979477, 0.02713293582201004, 0.032365135848522186, 0.036333709955215454, 0.027717238292098045, 0.027734067291021347, 0.02704562246799469, 0.020686546340584755, 0.015524281188845634, 0.028361860662698746, 0.03421057388186455, 0.037630073726177216, 0.024170419201254845, 0.03228313475847244, 0.027195032685995102, 0.024953430518507957, 0.0125037906691432, 0.020708473399281502, 0.02850259467959404, 0.0346948504447937, 0.032174013555049896, 0.02757362090051174, 0.027223199605941772, 0.019780021160840988, 0.01957252062857151, 0.023410100489854813, 0.024609386920928955, 0.027890581637620926, 0.028059594333171844, 0.023836588487029076, 0.021324068307876587, 0.01944376341998577, 0.020029108971357346], "LPIPS": [0.12175922095775604, 0.21901264786720276, 0.3055984377861023, 0.26986923813819885, 0.22911718487739563, 0.2434050440788269, 0.2597634196281433, 0.2954179048538208, 0.3249981999397278, 0.32778969407081604, 0.32914960384368896, 0.31562578678131104, 0.28834182024002075, 0.3284984827041626, 0.30416470766067505, 0.3059242367744446, 0.3284739851951599, 0.35388821363449097, 0.38923200964927673, 0.39156749844551086, 0.3230682611465454, 0.3247469961643219, 0.3183918297290802, 0.29124781489372253, 0.3269535303115845, 0.3683626651763916, 0.4154577851295471, 0.3703703284263611, 0.3226286768913269, 0.32145851850509644, 0.33851179480552673, 0.2911885976791382, 0.2906315326690674, 0.2974558472633362, 0.34951251745224, 0.3615007996559143, 0.30100515484809875, 0.3520973026752472, 0.3038160800933838, 0.3148236572742462, 0.2907320559024811, 0.2723129093647003, 0.2934138774871826, 0.32607555389404297, 0.3089904189109802, 0.30800294876098633, 0.2911773920059204, 0.2516810894012451]}