{
    "PSNR": [
        19.927977323532104,
        15.088541507720947,
        15.517973899841309,
        16.7141056060791,
        15.929878950119019,
        16.38918161392212,
        14.43644642829895,
        14.255179166793823,
        14.906480312347412,
        15.36351203918457,
        15.986186265945435,
        15.257843732833862,
        14.627283811569214,
        15.869160890579224,
        14.719414710998535,
        14.449265003204346,
        14.830214977264404,
        15.203282833099365,
        16.391783952713013,
        15.224978923797607,
        15.089921951293945,
        14.982975721359253,
        13.903603553771973,
        14.29740309715271,
        14.427255392074585,
        14.997714757919312,
        15.642632246017456,
        14.48444128036499,
        14.880675077438354,
        15.611127614974976,
        14.857064485549927,
        13.457057476043701,
        13.4023118019104,
        14.680758714675903,
        15.718785524368286,
        14.478234052658081,
        15.186266899108887,
        15.682631731033325,
        14.095473289489746,
        14.0561044216156,
        14.970258474349976,
        16.441478729248047,
        15.643829107284546,
        15.191518068313599,
        15.99867582321167,
        16.205562353134155,
        17.418909072875977,
        15.75490117073059
    ],
    "SSIM": [
        0.8492401838302612,
        0.6352133750915527,
        0.6251344680786133,
        0.698758602142334,
        0.678617000579834,
        0.7081996202468872,
        0.6239344477653503,
        0.6203532218933105,
        0.5948678851127625,
        0.5988098382949829,
        0.6537519693374634,
        0.6421521306037903,
        0.6552702188491821,
        0.6883996725082397,
        0.6443222165107727,
        0.5994701981544495,
        0.6517145037651062,
        0.6360156536102295,
        0.6670581102371216,
        0.6587816476821899,
        0.6406914591789246,
        0.6324503421783447,
        0.6062242388725281,
        0.6595419645309448,
        0.6474454402923584,
        0.622318685054779,
        0.6810800433158875,
        0.6422559022903442,
        0.6234377026557922,
        0.6230170726776123,
        0.599444568157196,
        0.5858933925628662,
        0.6159557104110718,
        0.651906430721283,
        0.6795295476913452,
        0.6547421813011169,
        0.5799146890640259,
        0.5977503061294556,
        0.5687974095344543,
        0.6001504063606262,
        0.6555969715118408,
        0.7066017985343933,
        0.6725519895553589,
        0.6403697729110718,
        0.6108067035675049,
        0.6677592992782593,
        0.7555001974105835,
        0.6533170938491821
    ],
    "MSE": [
        0.01016722247004509,
        0.030984602868556976,
        0.02806743048131466,
        0.021310295909643173,
        0.025527728721499443,
        0.022965818643569946,
        0.036004383116960526,
        0.03753894567489624,
        0.03231111913919449,
        0.029083644971251488,
        0.025198888033628464,
        0.029799964278936386,
        0.034456536173820496,
        0.025887131690979004,
        0.03373327478766441,
        0.035898271948099136,
        0.03288353607058525,
        0.030176697298884392,
        0.022952057421207428,
        0.030026322230696678,
        0.030974751338362694,
        0.03174697980284691,
        0.04070424288511276,
        0.03717575594782829,
        0.03608066588640213,
        0.03163941949605942,
        0.02727324888110161,
        0.0356086865067482,
        0.03250368684530258,
        0.02747180685400963,
        0.03268086537718773,
        0.04511222243309021,
        0.04568449407815933,
        0.03403487801551819,
        0.02679917775094509,
        0.03565961867570877,
        0.03029516711831093,
        0.027023207396268845,
        0.038945090025663376,
        0.03929973766207695,
        0.03184007853269577,
        0.022690925747156143,
        0.027265727519989014,
        0.030258556827902794,
        0.02512652426958084,
        0.02395762875676155,
        0.018117958679795265,
        0.026577237993478775
    ],
    "LPIPS": [
        0.18200302124023438,
        0.3142009377479553,
        0.316390722990036,
        0.2922140657901764,
        0.32641828060150146,
        0.31080663204193115,
        0.3727389872074127,
        0.34409549832344055,
        0.33234548568725586,
        0.35656827688217163,
        0.3145830035209656,
        0.2574610710144043,
        0.35862112045288086,
        0.38855135440826416,
        0.38523298501968384,
        0.41136249899864197,
        0.353702187538147,
        0.3539085388183594,
        0.33535441756248474,
        0.31664377450942993,
        0.3538404107093811,
        0.39662596583366394,
        0.3946686387062073,
        0.3421436846256256,
        0.33122575283050537,
        0.3593895435333252,
        0.3188900053501129,
        0.3809714913368225,
        0.36948391795158386,
        0.3480786085128784,
        0.43739813566207886,
        0.38226446509361267,
        0.353323370218277,
        0.3656613528728485,
        0.3415479063987732,
        0.323346883058548,
        0.35884058475494385,
        0.38922423124313354,
        0.4180782437324524,
        0.35609757900238037,
        0.2897014915943146,
        0.29580286145210266,
        0.3301992416381836,
        0.3325636088848114,
        0.35087352991104126,
        0.3654818534851074,
        0.2903800904750824,
        0.3435344099998474
    ],
    "complexity": {
        "normal_roughness": [
            0.060762062668800354,
            0.06223691627383232,
            0.06452962011098862,
            0.06268014013767242,
            0.050129376351833344,
            0.04869300127029419,
            0.05002734810113907,
            0.05522019416093826,
            0.06045535206794739,
            0.06183413788676262,
            0.055443376302719116,
            0.0560062974691391,
            0.04076354205608368,
            0.03635154664516449,
            0.032481372356414795,
            0.041563957929611206,
            0.0471050888299942,
            0.0531657412648201,
            0.0495503693819046,
            0.042924683541059494,
            0.04206819087266922,
            0.04146445542573929,
            0.034230057150125504,
            0.030353620648384094,
            0.04078419506549835,
            0.04127202928066254,
            0.0314415767788887,
            0.03276849165558815,
            0.04870825260877609,
            0.05115180462598801,
            0.04909411817789078,
            0.04376988857984543,
            0.04075086861848831,
            0.035763777792453766,
            0.029695995151996613,
            0.03445276618003845,
            0.05962570756673813,
            0.057521626353263855,
            0.05412234738469124,
            0.052179254591464996,
            0.05091477185487747,
            0.0489187017083168,
            0.04509036988019943,
            0.052468106150627136,
            0.06131419539451599,
            0.058114051818847656,
            0.05767238885164261,
            0.057306233793497086
        ],