{
    "PSNR": [
        21.514148712158203,
        18.52909803390503,
        16.20792865753174,
        15.941992998123169,
        18.531792163848877,
        15.791378021240234,
        15.556622743606567,
        17.40214705467224,
        16.802207231521606,
        14.409129619598389,
        13.79168152809143,
        15.461926460266113,
        16.29075527191162,
        14.807028770446777,
        14.535226821899414,
        15.499821901321411,
        19.229029417037964,
        15.195931196212769,
        13.558498620986938,
        13.268625736236572,
        15.597935914993286,
        14.32282567024231,
        14.60342526435852,
        16.183408498764038,
        18.464559316635132,
        14.238119125366211,
        13.240302801132202,
        14.072456359863281,
        17.441565990447998,
        14.464353322982788,
        14.387093782424927,
        15.109198093414307,
        17.69354820251465,
        15.88774561882019,
        14.154813289642334,
        13.946768045425415,
        16.08631134033203,
        14.867246150970459,
        14.9808669090271,
        16.02957248687744,
        18.22590470314026,
        16.11846089363098,
        15.578895807266235,
        16.39281392097473,
        16.355384588241577,
        16.022112369537354,
        17.82154083251953,
        19.857676029205322
    ],
    "SSIM": [
        0.9189398288726807,
        0.8645563125610352,
        0.7182639837265015,
        0.7244932055473328,
        0.8445736765861511,
        0.6894794702529907,
        0.6938169002532959,
        0.8210681676864624,
        0.7432264089584351,
        0.6240143179893494,
        0.59196537733078,
        0.7089297771453857,
        0.7895902395248413,
        0.6494423151016235,
        0.6054471135139465,
        0.6927739977836609,
        0.8541166186332703,
        0.673536479473114,
        0.564775824546814,
        0.5655502676963806,
        0.7115868330001831,
        0.5798704624176025,
        0.6156401634216309,
        0.7495190501213074,
        0.8108048439025879,
        0.6125785708427429,
        0.5517137050628662,
        0.6498682498931885,
        0.8224356174468994,
        0.6249973177909851,
        0.5776095390319824,
        0.6562883853912354,
        0.8232781291007996,
        0.7197637557983398,
        0.5974545478820801,
        0.6327446699142456,
        0.7239872217178345,
        0.6174479722976685,
        0.6392208933830261,
        0.720758855342865,
        0.8302125930786133,
        0.7324404716491699,
        0.6951398253440857,
        0.8243740797042847,
        0.7093936204910278,
        0.7016081213951111,
        0.8292252421379089,
        0.866510272026062
    ],
    "MSE": [
        0.007056432776153088,
        0.014031055383384228,
        0.02394457720220089,
        0.025456618517637253,
        0.014022354036569595,
        0.02635495364665985,
        0.02781875990331173,
        0.01818801835179329,
        0.020882345736026764,
        0.03623156249523163,
        0.04176685959100723,
        0.028432000428438187,
        0.023492246866226196,
        0.03305956348776817,
        0.03519471362233162,
        0.028184985741972923,
        0.011942548677325249,
        0.030227821320295334,
        0.04407072067260742,
        0.047112636268138885,
        0.027555381879210472,
        0.03695876523852348,
        0.03464634716510773,
        0.024080149829387665,
        0.014241117984056473,
        0.03768669441342354,
        0.04742090404033661,
        0.03915203735232353,
        0.01802368089556694,
        0.03577376902103424,
        0.03641587495803833,
        0.03083757683634758,
        0.01700768806040287,
        0.025776594877243042,
        0.038416579365730286,
        0.04030168801546097,
        0.02462458424270153,
        0.03260434418916702,
        0.03176240250468254,
        0.024948403239250183,
        0.015045600943267345,
        0.024442967027425766,
        0.027676455676555634,
        0.022946616634726524,
        0.02314523421227932,
        0.024991299957036972,
        0.016513757407665253,
        0.010333145037293434
    ],
    "LPIPS": [
        0.13661125302314758,
        0.15754351019859314,
        0.2817855179309845,
        0.30086928606033325,
        0.24206730723381042,
        0.2668454647064209,
        0.3067004978656769,
        0.2137557566165924,
        0.2500273883342743,
        0.3840397000312805,
        0.4134314954280853,
        0.34645113348960876,
        0.3037348985671997,
        0.2836818993091583,
        0.3462064266204834,
        0.31388378143310547,
        0.24771887063980103,
        0.30933094024658203,
        0.4018765091896057,
        0.3780803978443146,
        0.26689401268959045,
        0.3676377236843109,
        0.3608051538467407,
        0.2762305736541748,
        0.22427120804786682,
        0.3507266640663147,
        0.3828367590904236,
        0.32432782649993896,
        0.24680985510349274,
        0.3384302258491516,
        0.34062445163726807,
        0.32201117277145386,
        0.2424265742301941,
        0.2632528245449066,
        0.32814928889274597,
        0.32223835587501526,
        0.26765623688697815,
        0.34490448236465454,
        0.36151570081710815,
        0.28403210639953613,
        0.25474223494529724,
        0.277042418718338,
        0.2574516534805298,
        0.21570786833763123,
        0.27138492465019226,
        0.32142412662506104,
        0.26436710357666016,
        0.20998486876487732
    ],
    "complexity": {
        "normal_roughness": [
            0.035595692694187164,
            0.03690842539072037,
            0.049664389342069626,
            0.049104779958724976,
            0.03593406081199646,
            0.049648433923721313,
            0.051749683916568756,
            0.03780583292245865,
            0.048580702394247055,
            0.06287860870361328,
            0.06203889101743698,
            0.0478147454559803,
            0.03703494369983673,
            0.04861455038189888,
            0.058688934892416,
            0.05338076874613762,
            0.03104615956544876,
            0.05597276985645294,
            0.0647244080901146,
            0.05993584543466568,
            0.040608156472444534,
            0.05715951323509216,
            0.056784696877002716,
            0.04245851933956146,
            0.03855066001415253,
            0.06113339215517044,
            0.0633527934551239,
            0.047272682189941406,
            0.03290591016411781,
            0.053385935723781586,
            0.06038840860128403,
            0.0524902381002903,
            0.02963077276945114,
            0.04942215979099274,
            0.06409238278865814,
            0.053294502198696136,
            0.048051901161670685,
            0.05823376774787903,
            0.0579976812005043,
            0.04606427997350693,
            0.03292368724942207,
            0.05219500511884689,
            0.053531382232904434,
            0.037912435829639435,
            0.05076023191213608,
            0.05156592279672623,
            0.03520326316356659,
            0.03821853548288345
        ],