{
    "PSNR": [
        19.97035026550293,
        15.22407054901123,
        15.057289600372314,
        15.636628866195679,
        14.777036905288696,
        15.261204242706299,
        14.531958103179932,
        13.733986616134644,
        13.61038327217102,
        13.934860229492188,
        14.477580785751343,
        14.904241561889648,
        14.523136615753174,
        13.713678121566772,
        12.921364307403564,
        14.121769666671753,
        13.740135431289673,
        13.121269941329956,
        14.044661521911621,
        14.48360800743103,
        13.961337804794312,
        13.192567825317383,
        13.27249526977539,
        14.05965805053711,
        13.79993200302124,
        13.554302453994751,
        14.123634099960327,
        14.497822523117065,
        14.270384311676025,
        13.95535945892334,
        12.893264293670654,
        14.121379852294922,
        14.641101360321045,
        14.547218084335327,
        14.114296436309814,
        14.628078937530518,
        13.471946716308594,
        13.563365936279297,
        13.257203102111816,
        14.888808727264404,
        15.404318571090698,
        15.815833806991577,
        14.919335842132568,
        14.12862777709961,
        14.028085470199585,
        15.283585786819458,
        17.562687397003174,
        15.265624523162842
    ],
    "SSIM": [
        0.8520419001579285,
        0.6468443274497986,
        0.6479198336601257,
        0.63866126537323,
        0.6203452348709106,
        0.6538943648338318,
        0.6427677273750305,
        0.614553689956665,
        0.6005262136459351,
        0.5876384377479553,
        0.5669625401496887,
        0.5881478786468506,
        0.5682253837585449,
        0.5613431930541992,
        0.5600351095199585,
        0.600165605545044,
        0.560478687286377,
        0.6098182201385498,
        0.568464994430542,
        0.5550716519355774,
        0.5608288049697876,
        0.5560336112976074,
        0.5430888533592224,
        0.559347927570343,
        0.5685849189758301,
        0.6172648668289185,
        0.5529402494430542,
        0.5735493898391724,
        0.5854557752609253,
        0.5729016661643982,
        0.5290318727493286,
        0.5761756300926208,
        0.5802887082099915,
        0.6514235734939575,
        0.5903712511062622,
        0.5779725313186646,
        0.5901399850845337,
        0.5562000274658203,
        0.5128210783004761,
        0.595477283000946,
        0.6398488283157349,
        0.6824235916137695,
        0.5972236394882202,
        0.596828818321228,
        0.5955660343170166,
        0.6031980514526367,
        0.7375873923301697,
        0.6409773826599121
    ],
    "MSE": [
        0.010068504139780998,
        0.030032601207494736,
        0.031208369880914688,
        0.027310973033308983,
        0.03328866511583328,
        0.029776906594634056,
        0.035221200436353683,
        0.04232541844248772,
        0.04354735463857651,
        0.04041234031319618,
        0.03566497191786766,
        0.03232777863740921,
        0.035292819142341614,
        0.0425238162279129,
        0.051034461706876755,
        0.03870999440550804,
        0.04226554557681084,
        0.04873859882354736,
        0.03940341994166374,
        0.03561551496386528,
        0.040166713297367096,
        0.047944992780685425,
        0.04707068204879761,
        0.03926759585738182,
        0.04168758913874626,
        0.04411333054304123,
        0.038693372160196304,
        0.03549913316965103,
        0.03740774467587471,
        0.04022204130887985,
        0.051365744322538376,
        0.03871346637606621,
        0.03434709087014198,
        0.03509766608476639,
        0.038776662200689316,
        0.0344502329826355,
        0.04495783895254135,
        0.0440213605761528,
        0.04723672568798065,
        0.032442860305309296,
        0.028811652213335037,
        0.026206959038972855,
        0.03221561759710312,
        0.038648903369903564,
        0.03955409675836563,
        0.02962384931743145,
        0.017527952790260315,
        0.02974661812186241
    ],
    "LPIPS": [
        0.17139577865600586,
        0.31285151839256287,
        0.34485089778900146,
        0.2989003360271454,
        0.29877710342407227,
        0.32576000690460205,
        0.3759923279285431,
        0.4039987325668335,
        0.3949442505836487,
        0.3796123266220093,
        0.3628547191619873,
        0.3328647017478943,
        0.37767112255096436,
        0.3786579966545105,
        0.3998175859451294,
        0.3971102237701416,
        0.41382840275764465,
        0.4137440323829651,
        0.3884521722793579,
        0.3993636667728424,
        0.4097786545753479,
        0.42604053020477295,
        0.4199882745742798,
        0.37503308057785034,
        0.3863731622695923,
        0.3942263126373291,
        0.4131614565849304,
        0.4194698631763458,
        0.4383774399757385,
        0.4394831657409668,
        0.4076559245586395,
        0.37322211265563965,
        0.3877600133419037,
        0.34768664836883545,
        0.37535011768341064,
        0.4353214204311371,
        0.40883830189704895,
        0.40947428345680237,
        0.40522250533103943,
        0.37095898389816284,
        0.35442474484443665,
        0.33157819509506226,
        0.40934690833091736,
        0.4429951608181,
        0.37330931425094604,
        0.34390711784362793,
        0.3057095408439636,
        0.3748793601989746
    ],
    "complexity": {
        "normal_roughness": [
            0.06301763653755188,
            0.05275965481996536,
            0.05629204958677292,
            0.06276191025972366,
            0.06241963058710098,
            0.0531386137008667,
            0.04147651791572571,
            0.03927809000015259,
            0.03890582174062729,
            0.04704250767827034,
            0.05768542364239693,
            0.06550520658493042,
            0.06078498065471649,
            0.052783988416194916,
            0.03321069851517677,
            0.0403924435377121,
            0.04195074364542961,
            0.028679365292191505,
            0.04153735190629959,
            0.06039915978908539,
            0.04926833510398865,
            0.03301743417978287,
            0.04397305101156235,
            0.05269213020801544,
            0.04801255092024803,
            0.027385152876377106,
            0.04574338346719742,
            0.0547524020075798,
            0.0400213897228241,
            0.03238531947135925,
            0.04381904751062393,
            0.05568605288863182,
            0.056637540459632874,
            0.045827075839042664,
            0.03164665400981903,
            0.04190952330827713,
            0.03820599988102913,
            0.04707184061408043,
            0.05549149215221405,
            0.059167638421058655,
            0.05784155800938606,
            0.051688723266124725,
            0.04418753832578659,
            0.03806797415018082,
            0.05296047031879425,
            0.06007112190127373,
            0.05897968262434006,
            0.0529889352619648
        ],