{
    "PSNR": [
        21.297125816345215,
        17.983285188674927,
        17.99041509628296,
        18.68356227874756,
        19.10690426826477,
        19.38779592514038,
        17.522965669631958,
        15.928822755813599,
        16.62376642227173,
        17.865294218063354,
        17.40947961807251,
        17.708414793014526,
        17.408055067062378,
        18.945398330688477,
        17.846559286117554,
        15.7260262966156,
        15.413100719451904,
        17.20898747444153,
        17.26923704147339,
        17.135751247406006,
        17.1104097366333,
        17.88210391998291,
        16.234370470046997,
        15.40980577468872,
        16.317025423049927,
        17.74585723876953,
        17.333757877349854,
        16.089026927947998,
        16.012967824935913,
        18.37743043899536,
        17.20081925392151,
        16.78957223892212,
        16.027023792266846,
        16.983178853988647,
        16.790167093276978,
        16.83308243751526,
        17.32730269432068,
        18.95319700241089,
        17.166612148284912,
        16.72877550125122,
        17.532879114151,
        16.756261587142944,
        16.845154762268066,
        16.272214651107788,
        18.067320585250854,
        18.294055461883545,
        17.607251405715942,
        16.885794401168823
    ],
    "SSIM": [
        0.8632047176361084,
        0.7045245170593262,
        0.7007373571395874,
        0.7591718435287476,
        0.7530969381332397,
        0.7641074061393738,
        0.6948586702346802,
        0.6490053534507751,
        0.6677732467651367,
        0.6716622114181519,
        0.7137860059738159,
        0.7144269943237305,
        0.7174815535545349,
        0.7411608695983887,
        0.708985447883606,
        0.6517082452774048,
        0.6663812398910522,
        0.6733376383781433,
        0.697883129119873,
        0.7154334783554077,
        0.6940600275993347,
        0.7430129051208496,
        0.6874210238456726,
        0.6665530800819397,
        0.7177023887634277,
        0.7018243670463562,
        0.7028204202651978,
        0.6793128848075867,
        0.6619285345077515,
        0.743649423122406,
        0.7478081583976746,
        0.7402336001396179,
        0.7241002917289734,
        0.7229506373405457,
        0.6656002998352051,
        0.6784431338310242,
        0.6932461261749268,
        0.7615703344345093,
        0.7370860576629639,
        0.7479187250137329,
        0.7595306634902954,
        0.7093989849090576,
        0.6898266673088074,
        0.6530486345291138,
        0.73482346534729,
        0.7766436338424683,
        0.778977632522583,
        0.6952834129333496
    ],
    "MSE": [
        0.007418012246489525,
        0.01591005176305771,
        0.015883954241871834,
        0.013540784828364849,
        0.012283148244023323,
        0.011513849720358849,
        0.01768900826573372,
        0.02553394064307213,
        0.021758224815130234,
        0.0163482204079628,
        0.01815732941031456,
        0.01694956049323082,
        0.018163293600082397,
        0.012748531997203827,
        0.016418900340795517,
        0.026754533872008324,
        0.028753450140357018,
        0.019015219062566757,
        0.01875324174761772,
        0.019338596612215042,
        0.019451767206192017,
        0.016285069286823273,
        0.023799236863851547,
        0.028775274753570557,
        0.02335057035088539,
        0.01680406555533409,
        0.018476691097021103,
        0.024609189480543137,
        0.025043971836566925,
        0.014529707841575146,
        0.019051015377044678,
        0.020943190902471542,
        0.024963049218058586,
        0.020030058920383453,
        0.020940318703651428,
        0.02073441818356514,
        0.018504176288843155,
        0.012725661508738995,
        0.01920166239142418,
        0.021238436922430992,
        0.017648670822381973,
        0.021104440093040466,
        0.020676862448453903,
        0.02359275333583355,
        0.015605146996676922,
        0.01481134258210659,
        0.017349019646644592,
        0.020484276115894318
    ],
    "LPIPS": [
        0.16941630840301514,
        0.3311693072319031,
        0.3615659475326538,
        0.28777849674224854,
        0.26728326082229614,
        0.2571276128292084,
        0.3343711197376251,
        0.3987213373184204,
        0.3394186198711395,
        0.3764449954032898,
        0.31888294219970703,
        0.2886009216308594,
        0.34016934037208557,
        0.2741929292678833,
        0.33277231454849243,
        0.3869822919368744,
        0.36124521493911743,
        0.3562091886997223,
        0.3283449411392212,
        0.332366406917572,
        0.32717928290367126,
        0.3206002712249756,
        0.3675172030925751,
        0.3441038131713867,
        0.31448161602020264,
        0.34158894419670105,
        0.3311724066734314,
        0.34417128562927246,
        0.36702948808670044,
        0.31696727871894836,
        0.3030191659927368,
        0.3000493049621582,
        0.31236252188682556,
        0.26943421363830566,
        0.34294575452804565,
        0.3363150954246521,
        0.32108062505722046,
        0.2813457250595093,
        0.28725749254226685,
        0.2618165910243988,
        0.26850926876068115,
        0.24113911390304565,
        0.3083697259426117,
        0.34644806385040283,
        0.3079875707626343,
        0.25536099076271057,
        0.2296181321144104,
        0.30290427803993225
    ],
    "complexity": {
        "normal_roughness": [
            0.05897968262434006,
            0.059959717094898224,
            0.055970657616853714,
            0.054694823920726776,
            0.05242396891117096,
            0.05365831032395363,
            0.0580764077603817,
            0.057705774903297424,
            0.05218542367219925,
            0.047038011252880096,
            0.04488915950059891,
            0.048039138317108154,
            0.03544774651527405,
            0.03917599841952324,
            0.04961235076189041,
            0.054984308779239655,
            0.049919553101062775,
            0.04037800431251526,
            0.03296633064746857,
            0.035718414932489395,
            0.03310529515147209,
            0.03201526030898094,
            0.045460231602191925,
            0.0455055832862854,
            0.035391323268413544,
            0.048831287771463394,
            0.04375983402132988,
            0.047833845019340515,
            0.053932830691337585,
            0.03540223091840744,
            0.03019716963171959,
            0.03583528473973274,
            0.036154892295598984,
            0.04324416443705559,
            0.05232729762792587,
            0.05661290884017944,
            0.053390905261039734,
            0.04703110456466675,
            0.04601263999938965,
            0.046478621661663055,
            0.04972335696220398,
            0.05809330940246582,
            0.06332492083311081,
            0.06389046460390091,
            0.0580737479031086,
            0.05867080017924309,
            0.06301763653755188,
            0.06536650657653809
        ],