{"PSNR": [21.27767324447632, 15.56268572807312, 15.07992148399353, 17.373274564743042, 16.968069076538086, 18.232790231704712, 16.173893213272095, 14.607723951339722, 14.19247031211853, 14.640475511550903, 16.26427173614502, 17.813475131988525, 17.02561616897583, 16.174176931381226, 17.519735097885132, 15.497527122497559, 14.313973188400269, 14.173333644866943, 15.437968969345093, 18.036949634552002, 15.384018421173096, 16.38479471206665, 17.305610179901123, 15.252324342727661, 14.292974472045898, 14.91775631904602, 16.301825046539307, 16.58760666847229, 15.181819200515747, 15.395364761352539, 16.662213802337646, 16.336588859558105, 15.58851957321167, 14.970598220825195, 15.720833539962769, 15.598194599151611, 15.129547119140625, 15.789560079574585, 16.764731407165527, 17.993019819259644, 16.38362169265747, 15.943671464920044, 15.938262939453125, 14.955559968948364, 15.756831169128418, 16.966934204101562, 16.187705993652344, 15.442601442337036], "SSIM": [0.8782455325126648, 0.6525917053222656, 0.6367846727371216, 0.7584620714187622, 0.7342461347579956, 0.7936884164810181, 0.6851746439933777, 0.5895168781280518, 0.5780932307243347, 0.6315232515335083, 0.7231508493423462, 0.7654904127120972, 0.706783652305603, 0.6860610246658325, 0.7885836362838745, 0.6313458681106567, 0.5788255333900452, 0.6139534711837769, 0.7080956697463989, 0.7659546136856079, 0.6003739237785339, 0.7036603689193726, 0.7768885493278503, 0.6245299577713013, 0.6105561256408691, 0.7046492099761963, 0.7495354413986206, 0.6810598373413086, 0.5931428074836731, 0.6066468358039856, 0.731207013130188, 0.7203280925750732, 0.6697548627853394, 0.7040337920188904, 0.7495662569999695, 0.6689895391464233, 0.5832884907722473, 0.6447633504867554, 0.7454252243041992, 0.7576314210891724, 0.7622420191764832, 0.7821669578552246, 0.7200888395309448, 0.6032847762107849, 0.6345483064651489, 0.714435338973999, 0.7679869532585144, 0.6632170677185059], "MSE": [0.007451309822499752, 0.027779947966337204, 0.03104616515338421, 0.018309336155653, 0.020099863409996033, 0.015021763741970062, 0.02413296513259411, 0.034612081944942474, 0.03808492049574852, 0.03435203805565834, 0.02363593876361847, 0.016544457525014877, 0.01983528397977352, 0.024131394922733307, 0.017702169716358185, 0.02819988504052162, 0.037034183740615845, 0.03825310617685318, 0.02858927473425865, 0.01571466401219368, 0.028946638107299805, 0.022989027202129364, 0.01859683357179165, 0.029837852343916893, 0.03721367567777634, 0.03222732990980148, 0.023432444781064987, 0.021940138190984726, 0.03032620996236801, 0.02887110970914364, 0.021566448733210564, 0.023245615884661674, 0.02761518955230713, 0.031837593764066696, 0.02678654156625271, 0.027553740888834, 0.030693423002958298, 0.026365986093878746, 0.02106332778930664, 0.015874428674578667, 0.0229952372610569, 0.025446785613894463, 0.02547849342226982, 0.0319480262696743, 0.02656543254852295, 0.020105116069316864, 0.024056335911154747, 0.028558790683746338], "LPIPS": [0.16454115509986877, 0.35083162784576416, 0.36580562591552734, 0.2604624330997467, 0.294829785823822, 0.28280016779899597, 0.32935839891433716, 0.4188905656337738, 0.4231809973716736, 0.4128342270851135, 0.31249111890792847, 0.2602997422218323, 0.31175467371940613, 0.34233129024505615, 0.3191770017147064, 0.4016236960887909, 0.44089165329933167, 0.41296225786209106, 0.39341145753860474, 0.2741442620754242, 0.396027147769928, 0.3626455068588257, 0.3151944875717163, 0.3963567018508911, 0.37352216243743896, 0.37963390350341797, 0.30627164244651794, 0.3593555986881256, 0.4130883812904358, 0.4087708592414856, 0.37222209572792053, 0.342130571603775, 0.3467479348182678, 0.3522006869316101, 0.3216608166694641, 0.3724844753742218, 0.4107138514518738, 0.3843803405761719, 0.3257676362991333, 0.29928404092788696, 0.3086148798465729, 0.32371842861175537, 0.33438271284103394, 0.40684396028518677, 0.3877112865447998, 0.3061525225639343, 0.2886154055595398, 0.347262978553772]}