{
    "PSNR": [
        20.724482536315918,
        16.93148970603943,
        16.952829360961914,
        15.107165575027466,
        15.89633584022522,
        15.912047624588013,
        14.512437582015991,
        14.961743354797363,
        19.772175550460815,
        15.600860118865967,
        14.586669206619263,
        14.48796033859253,
        14.652098417282104,
        16.26595139503479,
        14.461926221847534,
        14.751089811325073,
        15.81222414970398,
        17.284854650497437,
        15.208081007003784,
        14.255218505859375,
        16.35360360145569,
        14.711672067642212,
        14.490807056427002,
        15.412943363189697,
        17.03198790550232,
        16.271783113479614,
        14.500901699066162,
        14.837110042572021,
        15.254906415939331,
        15.979506969451904,
        14.597049951553345,
        14.782928228378296,
        16.395468711853027,
        17.819658517837524,
        15.547128915786743,
        14.648187160491943,
        15.564807653427124,
        14.619596004486084,
        14.652361869812012,
        15.377912521362305,
        16.68045401573181,
        16.37269377708435,
        14.719722270965576,
        14.605400562286377,
        15.692572593688965,
        15.296990871429443,
        16.8739652633667,
        17.285884618759155
    ],
    "SSIM": [
        0.8820812702178955,
        0.7671536803245544,
        0.7343622446060181,
        0.6450097560882568,
        0.7147401571273804,
        0.74968421459198,
        0.6676654815673828,
        0.6853393912315369,
        0.8257343769073486,
        0.655453085899353,
        0.591069221496582,
        0.6134762167930603,
        0.6167005300521851,
        0.7355115413665771,
        0.6625275015830994,
        0.6055691242218018,
        0.6952528357505798,
        0.7547403573989868,
        0.6133410930633545,
        0.5507107973098755,
        0.710076093673706,
        0.6544137001037598,
        0.5952932238578796,
        0.6219438314437866,
        0.7545225620269775,
        0.6873205900192261,
        0.571675717830658,
        0.6056920289993286,
        0.6937966346740723,
        0.6856703758239746,
        0.6133134365081787,
        0.5848103165626526,
        0.6724728345870972,
        0.7834142446517944,
        0.6692389249801636,
        0.6031785607337952,
        0.7282341718673706,
        0.6212159991264343,
        0.5978959798812866,
        0.6303032636642456,
        0.726474404335022,
        0.7445563077926636,
        0.6671977043151855,
        0.6892022490501404,
        0.6914969682693481,
        0.6548693180084229,
        0.7602078318595886,
        0.7547850608825684
    ],
    "MSE": [
        0.008463533595204353,
        0.02026987634599209,
        0.02017051726579666,
        0.03085201606154442,
        0.025725655257701874,
        0.02563275769352913,
        0.03537987917661667,
        0.03190257027745247,
        0.010538588277995586,
        0.02753683552145958,
        0.03478028625249863,
        0.03557983785867691,
        0.03426022827625275,
        0.023626800626516342,
        0.035793766379356384,
        0.03348814696073532,
        0.026228753849864006,
        0.018685922026634216,
        0.0301433764398098,
        0.03753861039876938,
        0.0231547262519598,
        0.03379346802830696,
        0.035556524991989136,
        0.02875448763370514,
        0.01980620250105858,
        0.023595094680786133,
        0.03547398000955582,
        0.03283137083053589,
        0.029820119962096214,
        0.02523767575621605,
        0.03469724580645561,
        0.033243536949157715,
        0.022932594642043114,
        0.016520917415618896,
        0.027879636734724045,
        0.034291088581085205,
        0.027766382321715355,
        0.03451758623123169,
        0.034258149564266205,
        0.02898736298084259,
        0.02147606387734413,
        0.02305316925048828,
        0.033730898052453995,
        0.03463059291243553,
        0.026961423456668854,
        0.029532551765441895,
        0.0205401461571455,
        0.018681492656469345
    ],
    "LPIPS": [
        0.12188197672367096,
        0.24701397120952606,
        0.2687087655067444,
        0.2888340353965759,
        0.2562892436981201,
        0.2453833669424057,
        0.28534138202667236,
        0.28540074825286865,
        0.2954326868057251,
        0.3250318765640259,
        0.38816678524017334,
        0.37525779008865356,
        0.3798592686653137,
        0.260015070438385,
        0.32196637988090515,
        0.36597079038619995,
        0.31078457832336426,
        0.29538583755493164,
        0.4053640365600586,
        0.4226895570755005,
        0.31868863105773926,
        0.36443543434143066,
        0.3882158398628235,
        0.4033733606338501,
        0.2781665325164795,
        0.3517664074897766,
        0.4265401363372803,
        0.3940739333629608,
        0.332647442817688,
        0.36879390478134155,
        0.41667383909225464,
        0.3973328471183777,
        0.34146344661712646,
        0.27416300773620605,
        0.35612884163856506,
        0.3640415668487549,
        0.30151575803756714,
        0.39581623673439026,
        0.3938305079936981,
        0.37289878726005554,
        0.2823198735713959,
        0.28444263339042664,
        0.32501882314682007,
        0.3405245244503021,
        0.3016182780265808,
        0.29965829849243164,
        0.26651307940483093,
        0.23319649696350098
    ],
    "complexity": {
        "normal_roughness": [
            0.035595692694187164,
            0.04180983081459999,
            0.05185811221599579,
            0.06279276311397552,
            0.05040430277585983,
            0.03398696333169937,
            0.042259737849235535,
            0.03839249163866043,
            0.03654595464468002,
            0.05361732095479965,
            0.06397594511508942,
            0.06393719464540482,
            0.055759724229574203,
            0.032063499093055725,
            0.04735134541988373,
            0.05320996791124344,
            0.03772437572479248,
            0.035196930170059204,
            0.05751410871744156,
            0.06496542692184448,
            0.04651173949241638,
            0.045471057295799255,
            0.05828343331813812,
            0.05424465611577034,
            0.030850421637296677,
            0.04490123689174652,
            0.0634862557053566,
            0.05771070346236229,
            0.039577584713697433,
            0.039685457944869995,
            0.05503423884510994,
            0.05882374942302704,
            0.049517035484313965,
            0.029194513335824013,
            0.051303680986166,
            0.054204292595386505,
            0.038725219666957855,
            0.05209322273731232,
            0.05976102873682976,
            0.05862758308649063,
            0.05028083175420761,
            0.03492213040590286,
            0.04314713552594185,
            0.03835926949977875,
            0.050847604870796204,
            0.059961386024951935,
            0.05090896040201187,
            0.04146599397063255
        ],