{"PSNR": [21.146347522735596, 16.47038459777832, 14.894473552703857, 15.778868198394775, 17.735995054244995, 17.472474575042725, 15.40714144706726, 14.616807699203491, 14.479272365570068, 13.890650272369385, 13.914645910263062, 15.559463500976562, 16.167632341384888, 16.420599222183228, 15.47429084777832, 14.25539255142212, 13.875144720077515, 14.031065702438354, 13.68049144744873, 14.339220523834229, 16.067224740982056, 15.352498292922974, 14.60664987564087, 13.493878841400146, 14.265327453613281, 13.996211290359497, 14.084599018096924, 15.404043197631836, 15.327988862991333, 14.98796820640564, 14.667904376983643, 14.03098464012146, 13.984678983688354, 14.931682348251343, 14.21734094619751, 15.64246416091919, 14.718942642211914, 14.86282229423523, 14.83166217803955, 13.990298509597778, 15.994617938995361, 16.895720958709717, 15.846948623657227, 15.540964603424072, 15.379616022109985, 15.631099939346313, 17.25764513015747, 16.598925590515137], "SSIM": [0.8677672743797302, 0.6795514822006226, 0.6034532189369202, 0.6444119215011597, 0.6945947408676147, 0.7153223752975464, 0.6072553396224976, 0.59259432554245, 0.6042855978012085, 0.5845018625259399, 0.5758663415908813, 0.6456425189971924, 0.6150439977645874, 0.6654008626937866, 0.61435866355896, 0.5574555397033691, 0.5718857645988464, 0.5825210213661194, 0.5417479276657104, 0.5703637599945068, 0.638590931892395, 0.6321097612380981, 0.5969775319099426, 0.5513704419136047, 0.5984693169593811, 0.5756863951683044, 0.5474945306777954, 0.5812588334083557, 0.5933809876441956, 0.63446044921875, 0.6088199615478516, 0.6034499406814575, 0.5875387191772461, 0.623900294303894, 0.5559276342391968, 0.6032336354255676, 0.6180431842803955, 0.6597934365272522, 0.6586837768554688, 0.5995844006538391, 0.690450131893158, 0.6930014491081238, 0.614370584487915, 0.6128110885620117, 0.6653622388839722, 0.668596625328064, 0.7616049647331238, 0.6878221035003662], "MSE": [0.007680070586502552, 0.022540397942066193, 0.032400570809841156, 0.026430979371070862, 0.01684226468205452, 0.017895858734846115, 0.028792936354875565, 0.034539759159088135, 0.03565108776092529, 0.04082582890987396, 0.040600888431072235, 0.02780056744813919, 0.024167783558368683, 0.022800274193286896, 0.02835116907954216, 0.0375371016561985, 0.04097185656428337, 0.03952696546912193, 0.042850010097026825, 0.03681950643658638, 0.02473304234445095, 0.029157495126128197, 0.03462063521146774, 0.04473135620355606, 0.03745133429765701, 0.03984546661376953, 0.039042726159095764, 0.028813481330871582, 0.029322504997253418, 0.03171050548553467, 0.03413575887680054, 0.03952769935131073, 0.03995140641927719, 0.03212416172027588, 0.03786743804812431, 0.027274301275610924, 0.033736951649188995, 0.032637566328048706, 0.032872579991817474, 0.03989975154399872, 0.025150012224912643, 0.020437506958842278, 0.026019878685474396, 0.027919238433241844, 0.028975998982787132, 0.02734575793147087, 0.018803361803293228, 0.021883031353354454], "LPIPS": [0.148288756608963, 0.31119662523269653, 0.34197181463241577, 0.31308603286743164, 0.2548394799232483, 0.2410481572151184, 0.3530226945877075, 0.3446623682975769, 0.3724631071090698, 0.4101349711418152, 0.39440447092056274, 0.3169471323490143, 0.3466184139251709, 0.3058115243911743, 0.3781050741672516, 0.3887859582901001, 0.38081151247024536, 0.4086948335170746, 0.3997463583946228, 0.4022628664970398, 0.3536166846752167, 0.3632701635360718, 0.355374813079834, 0.3631024956703186, 0.3668079078197479, 0.3695259690284729, 0.39490801095962524, 0.39032629132270813, 0.37865644693374634, 0.35289621353149414, 0.3859143853187561, 0.37714868783950806, 0.39804309606552124, 0.3328283429145813, 0.354093998670578, 0.3455199599266052, 0.3516368567943573, 0.3717571496963501, 0.36089974641799927, 0.3631517291069031, 0.26969680190086365, 0.23480749130249023, 0.32747024297714233, 0.37989285588264465, 0.3126017451286316, 0.2808416485786438, 0.2502332329750061, 0.3267521262168884]}