{"PSNR": [20.909311771392822, 18.369967937469482, 19.20380473136902, 18.90141010284424, 19.555803537368774, 19.349132776260376, 17.384285926818848, 16.841799020767212, 19.12890911102295, 17.86821484565735, 16.192930936813354, 17.08064556121826, 17.476491928100586, 20.043561458587646, 17.15437889099121, 16.388756036758423, 16.95503830909729, 17.565454244613647, 15.764025449752808, 15.486655235290527, 18.918932676315308, 17.693514823913574, 16.118974685668945, 15.901869535446167, 18.322707414627075, 16.05378746986389, 15.067423582077026, 15.72311520576477, 17.115907669067383, 18.039637804031372, 16.263649463653564, 16.073707342147827, 16.276836395263672, 16.493152379989624, 15.476714372634888, 15.390121936798096, 18.250597715377808, 17.08298683166504, 16.29820942878723, 16.287014484405518, 16.741626262664795, 16.53722047805786, 15.994081497192383, 16.28792643547058, 18.226500749588013, 17.470977306365967, 17.43517518043518, 17.172545194625854], "SSIM": [0.8619090914726257, 0.7555679082870483, 0.8080906867980957, 0.7739531397819519, 0.7920076251029968, 0.7488411664962769, 0.679775595664978, 0.6890101432800293, 0.7806708812713623, 0.7540854215621948, 0.6742585897445679, 0.7055939435958862, 0.7196971774101257, 0.7973403930664062, 0.6560761332511902, 0.6435258984565735, 0.6855573654174805, 0.7243010401725769, 0.6206111311912537, 0.6218296885490417, 0.7856475710868835, 0.6968528628349304, 0.632437527179718, 0.6477741003036499, 0.7394896745681763, 0.6358389258384705, 0.5929811596870422, 0.6401172876358032, 0.7258137464523315, 0.7557083368301392, 0.652345597743988, 0.6732606887817383, 0.7056657671928406, 0.6717208623886108, 0.6172618269920349, 0.6257538795471191, 0.7983643412590027, 0.725438117980957, 0.6852309107780457, 0.7344529628753662, 0.7734293937683105, 0.7088698148727417, 0.673421323299408, 0.7034837603569031, 0.8034278750419617, 0.7786161303520203, 0.812795102596283, 0.7559329867362976], "MSE": [0.00811089389026165, 0.014554704539477825, 0.012012116611003876, 0.012878311797976494, 0.011076937429606915, 0.011616810224950314, 0.01826297491788864, 0.020692843943834305, 0.012221066281199455, 0.016337236389517784, 0.02402741275727749, 0.019585540518164635, 0.017879314720630646, 0.009900199249386787, 0.019255828112363815, 0.022968068718910217, 0.020160263404250145, 0.01751679554581642, 0.026521462947130203, 0.02827056311070919, 0.012826463207602501, 0.017007816582918167, 0.024440079927444458, 0.0256928950548172, 0.014713948592543602, 0.024809686467051506, 0.03113563358783722, 0.026772480458021164, 0.019427161663770676, 0.015704937279224396, 0.023639321327209473, 0.02469615265727043, 0.02356765791773796, 0.022422537207603455, 0.028335347771644592, 0.02890598773956299, 0.01496030017733574, 0.019574984908103943, 0.02345195785164833, 0.02351249009370804, 0.021175682544708252, 0.022196169942617416, 0.02515312097966671, 0.02350754663348198, 0.015043532475829124, 0.017902031540870667, 0.018050219863653183, 0.0191754512488842], "LPIPS": [0.1904597282409668, 0.2991598844528198, 0.24713106453418732, 0.290736585855484, 0.22914618253707886, 0.26738911867141724, 0.3442773222923279, 0.34063154458999634, 0.26288092136383057, 0.2575919032096863, 0.28884339332580566, 0.31730538606643677, 0.2905738055706024, 0.22508805990219116, 0.34945690631866455, 0.3873257339000702, 0.3381437659263611, 0.333411306142807, 0.3931293189525604, 0.36982619762420654, 0.2946634888648987, 0.33137035369873047, 0.3681340217590332, 0.36578047275543213, 0.31848955154418945, 0.3707011342048645, 0.39536556601524353, 0.34162503480911255, 0.33784279227256775, 0.30005237460136414, 0.37173476815223694, 0.3378167748451233, 0.3212129473686218, 0.3216377794742584, 0.38298946619033813, 0.3795700967311859, 0.28626298904418945, 0.3227245807647705, 0.3178803026676178, 0.3156968653202057, 0.20985956490039825, 0.3022823929786682, 0.3498033285140991, 0.3257511258125305, 0.23868069052696228, 0.2787370979785919, 0.27997204661369324, 0.2830054759979248]}