{"PSNR": [20.675759315490723, 17.29893922805786, 16.130012273788452, 18.980426788330078, 17.42506980895996, 18.883845806121826, 17.499064207077026, 15.44535756111145, 14.994516372680664, 15.662145614624023, 16.45370125770569, 17.40669012069702, 16.039912700653076, 16.12109661102295, 16.92244529724121, 15.823073387145996, 15.172394514083862, 15.59338927268982, 16.470437049865723, 16.03095531463623, 15.477577447891235, 15.825700759887695, 15.791999101638794, 15.880048274993896, 15.457935333251953, 16.590992212295532, 15.826956033706665, 16.479040384292603, 15.790308713912964, 15.546364784240723, 15.531167984008789, 16.154658794403076, 16.464414596557617, 16.642367839813232, 17.09266185760498, 16.685036420822144, 16.085764169692993, 16.067999601364136, 16.20247721672058, 17.525877952575684, 18.01283597946167, 18.94599199295044, 18.164725303649902, 17.051076889038086, 17.4715256690979, 17.96239972114563, 19.92992401123047, 18.415980339050293], "SSIM": [0.860137939453125, 0.7131687998771667, 0.7107987403869629, 0.7982271909713745, 0.700469434261322, 0.7830839157104492, 0.7448729276657104, 0.6685972213745117, 0.6426229476928711, 0.7113488912582397, 0.7233094573020935, 0.7204141020774841, 0.6307799220085144, 0.6422740817070007, 0.7017269134521484, 0.7002102732658386, 0.6271118521690369, 0.6567923426628113, 0.7288512587547302, 0.675675094127655, 0.598447322845459, 0.6304899454116821, 0.7141293883323669, 0.6706732511520386, 0.6276756525039673, 0.7124066352844238, 0.6927599906921387, 0.6658949851989746, 0.6451870203018188, 0.6102983355522156, 0.6443319320678711, 0.7197062373161316, 0.6742362976074219, 0.6924607157707214, 0.7372162342071533, 0.719505786895752, 0.6942832469940186, 0.6751865744590759, 0.6878926157951355, 0.7400926351547241, 0.7271544337272644, 0.7964752912521362, 0.759147047996521, 0.7215235233306885, 0.7333089113235474, 0.7296950817108154, 0.8167527914047241, 0.7601286768913269], "MSE": [0.008559022098779678, 0.018625419586896896, 0.024378042668104172, 0.012646119110286236, 0.01809227094054222, 0.012930507771670818, 0.017786625772714615, 0.028540678322315216, 0.03166273608803749, 0.027150973677635193, 0.022627152502536774, 0.01816900074481964, 0.024889079853892326, 0.02442813478410244, 0.020312128588557243, 0.026163315400481224, 0.030392086133360863, 0.027584245428442955, 0.022540122270584106, 0.024940460920333862, 0.028329726308584213, 0.02614748477935791, 0.02635118179023266, 0.025822317227721214, 0.028458137065172195, 0.021923040971159935, 0.02613992989063263, 0.022495513781905174, 0.02636144682765007, 0.02788454107940197, 0.02798229083418846, 0.02424008771777153, 0.02257140353322029, 0.02166522853076458, 0.01953142136335373, 0.021453415974974632, 0.024627691134810448, 0.024728629738092422, 0.023974653333425522, 0.017677154392004013, 0.015802156180143356, 0.01274679135531187, 0.015259052626788616, 0.01971934363245964, 0.0178997702896595, 0.015986740589141846, 0.010162663646042347, 0.014401309192180634], "LPIPS": [0.2159861922264099, 0.2865067720413208, 0.28243398666381836, 0.2594357430934906, 0.2843624949455261, 0.27209654450416565, 0.31656694412231445, 0.35017770528793335, 0.36890923976898193, 0.30168038606643677, 0.29983875155448914, 0.3064101040363312, 0.3493208885192871, 0.36603742837905884, 0.3400207459926605, 0.3159635663032532, 0.37556540966033936, 0.3978227376937866, 0.3058021366596222, 0.3516138195991516, 0.40108683705329895, 0.37442904710769653, 0.37314605712890625, 0.3261961340904236, 0.3903427720069885, 0.31060880422592163, 0.31611573696136475, 0.34192800521850586, 0.36258894205093384, 0.42798325419425964, 0.38249480724334717, 0.29876992106437683, 0.3344508707523346, 0.3313821852207184, 0.3181881010532379, 0.3286058008670807, 0.37008097767829895, 0.3795192837715149, 0.32618215680122375, 0.2906194031238556, 0.32429039478302, 0.2877386212348938, 0.31588536500930786, 0.34626635909080505, 0.2727348804473877, 0.2530392110347748, 0.24088937044143677, 0.29957249760627747]}