{
    "PSNR": [
        20.693840980529785,
        18.680503368377686,
        17.97065258026123,
        18.862698078155518,
        19.32815194129944,
        21.35153293609619,
        19.70022439956665,
        17.754549980163574,
        16.795567274093628,
        17.17610478401184,
        17.98729658126831,
        18.767118453979492,
        18.190704584121704,
        19.745769500732422,
        20.468177795410156,
        17.907440662384033,
        17.500932216644287,
        16.425528526306152,
        17.595818042755127,
        17.464784383773804,
        18.995970487594604,
        18.938584327697754,
        17.874027490615845,
        16.86527371406555,
        16.773746013641357,
        16.98708176612854,
        17.20266103744507,
        17.396363019943237,
        18.34329843521118,
        17.36399531364441,
        17.499516010284424,
        16.82603359222412,
        16.50370717048645,
        17.160643339157104,
        18.798831701278687,
        17.264753580093384,
        16.90089702606201,
        16.88908338546753,
        16.974759101867676,
        16.661977767944336,
        16.551016569137573,
        18.944923877716064,
        18.03519606590271,
        17.55423665046692,
        16.84106707572937,
        16.634291410446167,
        16.70680284500122,
        17.11862802505493
    ],
    "SSIM": [
        0.8553454279899597,
        0.8059262037277222,
        0.7721667289733887,
        0.7875177264213562,
        0.7937591075897217,
        0.8570124506950378,
        0.846526026725769,
        0.8111900091171265,
        0.7580175399780273,
        0.7558605074882507,
        0.7488362193107605,
        0.7711884379386902,
        0.7535123825073242,
        0.8387472033500671,
        0.8356943130493164,
        0.7871502637863159,
        0.8286160826683044,
        0.7737607359886169,
        0.7392866015434265,
        0.7422282099723816,
        0.8273563385009766,
        0.7932488322257996,
        0.7579803466796875,
        0.7582632899284363,
        0.8358022570610046,
        0.7577630877494812,
        0.7348068952560425,
        0.762649416923523,
        0.8284457921981812,
        0.7465340495109558,
        0.7385820150375366,
        0.7300547361373901,
        0.7626985907554626,
        0.8203147649765015,
        0.7687852382659912,
        0.794207751750946,
        0.7474676966667175,
        0.7236101031303406,
        0.7374600172042847,
        0.7426327466964722,
        0.7520872950553894,
        0.7900089025497437,
        0.8091731071472168,
        0.8270888328552246,
        0.7367887496948242,
        0.7458359003067017,
        0.7319318652153015,
        0.7688938975334167
    ],
    "MSE": [
        0.008523463271558285,
        0.013550321571528912,
        0.015956394374370575,
        0.01299362163990736,
        0.011673061177134514,
        0.007325658109039068,
        0.010714638978242874,
        0.016770463436841965,
        0.020914297550916672,
        0.01915973797440529,
        0.015895359218120575,
        0.013282757252454758,
        0.015168044716119766,
        0.01060286071151495,
        0.008978052996098995,
        0.016190338879823685,
        0.017778977751731873,
        0.022774413228034973,
        0.01739475131034851,
        0.01792757213115692,
        0.01260093878954649,
        0.012768549844622612,
        0.016315385699272156,
        0.020581291988492012,
        0.021019648760557175,
        0.020012063905596733,
        0.019042937085032463,
        0.01821225881576538,
        0.014644353650510311,
        0.01834849640727043,
        0.017784781754016876,
        0.020768094807863235,
        0.022368114441633224,
        0.019228069111704826,
        0.013186117634177208,
        0.018772609531879425,
        0.020413164049386978,
        0.02046877145767212,
        0.020068923011422157,
        0.02156762033700943,
        0.022125771269202232,
        0.012749923393130302,
        0.01572100818157196,
        0.017562100663781166,
        0.020696328952908516,
        0.02170555293560028,
        0.021346155554056168,
        0.0194149911403656
    ],
    "LPIPS": [
        0.22569607198238373,
        0.24336963891983032,
        0.2491496354341507,
        0.23034757375717163,
        0.17668193578720093,
        0.1325075626373291,
        0.18336322903633118,
        0.2537480592727661,
        0.27365440130233765,
        0.2588985562324524,
        0.21677327156066895,
        0.22893564403057098,
        0.24200668931007385,
        0.18449294567108154,
        0.20175278186798096,
        0.25824105739593506,
        0.22013026475906372,
        0.2743198871612549,
        0.2617875933647156,
        0.25219228863716125,
        0.20801673829555511,
        0.24316559731960297,
        0.24960318207740784,
        0.2760741710662842,
        0.21457047760486603,
        0.2687787115573883,
        0.26027804613113403,
        0.2727307379245758,
        0.2186158150434494,
        0.2753104567527771,
        0.2403038889169693,
        0.28187745809555054,
        0.24105770885944366,
        0.1886262595653534,
        0.2626037895679474,
        0.21839305758476257,
        0.24577924609184265,
        0.2815258502960205,
        0.23998527228832245,
        0.25891441106796265,
        0.2570606470108032,
        0.19976289570331573,
        0.1958518624305725,
        0.24646729230880737,
        0.2673451900482178,
        0.23136255145072937,
        0.2694142460823059,
        0.25208842754364014
    ],
    "complexity": {
        "normal_roughness": [
            0.048222970217466354,
            0.04735717549920082,
            0.057892877608537674,
            0.05937621369957924,
            0.04916592687368393,
            0.03176476061344147,
            0.02813565917313099,
            0.0374150350689888,
            0.05044647306203842,
            0.057242803275585175,
            0.05887233838438988,
            0.05927703529596329,
            0.05265836417675018,
            0.031222674995660782,
            0.03554314374923706,
            0.04412278160452843,
            0.03730716556310654,
            0.04765300452709198,
            0.05571766942739487,
            0.05872567743062973,
            0.03525685891509056,
            0.04491361603140831,
            0.05358145385980606,
            0.05194896087050438,
            0.03549552708864212,
            0.04618846997618675,
            0.05088768154382706,
            0.050870008766651154,
            0.037138428539037704,
            0.05158188194036484,
            0.057513706386089325,
            0.06275211274623871,
            0.05094403028488159,
            0.03092401847243309,
            0.03961826115846634,
            0.04258451610803604,
            0.04980454593896866,
            0.06267167627811432,
            0.06462929397821426,
            0.062124062329530716,
            0.05116846412420273,
            0.04600805044174194,
            0.03164903074502945,
            0.03705096244812012,
            0.06040693446993828,
            0.0648321658372879,
            0.05473920702934265,
            0.048739589750766754
        ],