{"PSNR": [20.693840980529785, 17.069222927093506, 17.162749767303467, 17.647790908813477, 19.112995862960815, 18.02476406097412, 15.964027643203735, 15.239779949188232, 16.230264902114868, 16.03258728981018, 16.098220348358154, 16.50430917739868, 16.352696418762207, 18.26166272163391, 16.413898468017578, 14.440845251083374, 14.090325832366943, 16.048471927642822, 15.145101547241211, 14.86514687538147, 17.18072533607483, 16.58314824104309, 14.71545934677124, 13.659573793411255, 16.16465926170349, 14.32245135307312, 15.16926646232605, 14.362108707427979, 14.938669204711914, 17.461533546447754, 15.613638162612915, 13.919039964675903, 13.850010633468628, 15.779876708984375, 15.085704326629639, 14.368634223937988, 16.670098304748535, 17.478864192962646, 15.377132892608643, 14.411683082580566, 16.90329909324646, 16.114672422409058, 15.071425437927246, 14.849371910095215, 18.629655838012695, 15.827739238739014, 17.500691413879395, 15.934066772460938], "SSIM": [0.8566875457763672, 0.6969325542449951, 0.7317229509353638, 0.7711466550827026, 0.7579559087753296, 0.7231969833374023, 0.6293952465057373, 0.6209555864334106, 0.684234619140625, 0.682763934135437, 0.674433171749115, 0.6827912330627441, 0.6570649743080139, 0.7569303512573242, 0.6516704559326172, 0.5746068954467773, 0.6278995871543884, 0.6846305727958679, 0.6098076105117798, 0.584296464920044, 0.7162380218505859, 0.6632528901100159, 0.5816352367401123, 0.5809001922607422, 0.6983784437179565, 0.5768080949783325, 0.5981358289718628, 0.5515426397323608, 0.6090296506881714, 0.7447696924209595, 0.6435737609863281, 0.5819140672683716, 0.6330277323722839, 0.6876115798950195, 0.5960536599159241, 0.5577529668807983, 0.717237651348114, 0.7471868395805359, 0.6727706789970398, 0.6567643284797668, 0.7418968677520752, 0.6707032918930054, 0.602985143661499, 0.6062284708023071, 0.7679535746574402, 0.7146936655044556, 0.7727200388908386, 0.6861407160758972], "MSE": [0.008523463271558285, 0.01963711529970169, 0.019218750298023224, 0.017187826335430145, 0.012265926226973534, 0.015758812427520752, 0.025327786803245544, 0.02992415986955166, 0.023821741342544556, 0.02493109181523323, 0.02455715648829937, 0.022365011274814606, 0.023159563541412354, 0.014922233298420906, 0.02283548377454281, 0.035967934876680374, 0.03899127244949341, 0.02484007738530636, 0.030583687126636505, 0.03262010216712952, 0.019139364361763, 0.02196267619729042, 0.03376401215791702, 0.04305688664317131, 0.0241843368858099, 0.03696195036172867, 0.030413983389735222, 0.03662597015500069, 0.0320725217461586, 0.017941005527973175, 0.02745593711733818, 0.04055982455611229, 0.04120966047048569, 0.026424840092658997, 0.031004851683974266, 0.03657097741961479, 0.021527335047721863, 0.017869550734758377, 0.02899256907403469, 0.03621026873588562, 0.02040187269449234, 0.024464301764965057, 0.03110695630311966, 0.03273880481719971, 0.013709908351302147, 0.026135211810469627, 0.017779961228370667, 0.02550312504172325], "LPIPS": [0.15101751685142517, 0.31000185012817383, 0.2735453248023987, 0.2486354410648346, 0.2535715401172638, 0.28687161207199097, 0.3495243787765503, 0.33036816120147705, 0.33660319447517395, 0.3375168740749359, 0.3331800103187561, 0.3544705808162689, 0.3280991017818451, 0.21682657301425934, 0.38622933626174927, 0.38934919238090515, 0.34376299381256104, 0.34278401732444763, 0.34941402077674866, 0.3776807188987732, 0.3122372627258301, 0.3265068531036377, 0.3809833824634552, 0.37765440344810486, 0.3336487412452698, 0.3748708963394165, 0.3908570110797882, 0.3893249034881592, 0.33546724915504456, 0.2944040894508362, 0.352710485458374, 0.342016339302063, 0.3528350591659546, 0.29022645950317383, 0.3872317969799042, 0.37664252519607544, 0.28768542408943176, 0.28256160020828247, 0.33730244636535645, 0.3459314703941345, 0.24835264682769775, 0.3408590853214264, 0.3558562695980072, 0.33925822377204895, 0.26220226287841797, 0.29184675216674805, 0.2525642216205597, 0.3022031784057617]}