{"PSNR": [20.07159948348999, 15.628846883773804, 14.75213885307312, 15.548601150512695, 16.14508867263794, 16.964561939239502, 17.268681526184082, 15.589826107025146, 15.364412069320679, 15.224720239639282, 15.390552282333374, 15.466428995132446, 16.12699031829834, 16.280062198638916, 15.71249008178711, 14.949884414672852, 14.820297956466675, 15.26563286781311, 15.851821899414062, 16.22775912284851, 16.39727473258972, 15.454950332641602, 14.92047905921936, 14.473520517349243, 14.700665473937988, 15.26742696762085, 16.062257289886475, 16.360533237457275, 16.16529107093811, 15.800262689590454, 15.522717237472534, 16.057933568954468, 14.808223247528076, 15.699635744094849, 17.065436840057373, 17.060765027999878, 16.70891523361206, 15.833101272583008, 15.182342529296875, 15.421509742736816, 16.044156551361084, 17.075711488723755, 17.61513113975525, 17.499699592590332, 16.160532236099243, 16.0528826713562, 17.511377334594727, 17.233881950378418], "SSIM": [0.8603758215904236, 0.6392030119895935, 0.6141469478607178, 0.6560013294219971, 0.7007598280906677, 0.7026968002319336, 0.6737964153289795, 0.6746081113815308, 0.6553921699523926, 0.6383931636810303, 0.6325544118881226, 0.661815881729126, 0.7065272331237793, 0.6962267756462097, 0.6274608373641968, 0.6668409109115601, 0.69122713804245, 0.6692790985107422, 0.6532419919967651, 0.680091381072998, 0.6961270570755005, 0.6305571794509888, 0.6202961206436157, 0.711652398109436, 0.6725565791130066, 0.650603175163269, 0.6763272285461426, 0.7165864706039429, 0.6781880259513855, 0.6437100172042847, 0.6197423934936523, 0.7010889053344727, 0.686210036277771, 0.6866423487663269, 0.7197283506393433, 0.7395786046981812, 0.6621305346488953, 0.6227115988731384, 0.6102678179740906, 0.6618602275848389, 0.6967620849609375, 0.723746657371521, 0.7288349866867065, 0.6999008059501648, 0.6199823617935181, 0.6473643779754639, 0.7383192777633667, 0.6712101697921753], "MSE": [0.009836487472057343, 0.027359958738088608, 0.03348005935549736, 0.027870189398527145, 0.024293560534715652, 0.020116101950407028, 0.01875564455986023, 0.027606889605522156, 0.029077623039484024, 0.03002811037003994, 0.02890312299132347, 0.028402533382177353, 0.024395007640123367, 0.02355015277862549, 0.02683805301785469, 0.03198980540037155, 0.032958708703517914, 0.029746562242507935, 0.025990694761276245, 0.02383549138903618, 0.0229230634868145, 0.028477704152464867, 0.03220714256167412, 0.03569834306836128, 0.03387922793626785, 0.02973426878452301, 0.024761348962783813, 0.02311781421303749, 0.024180812761187553, 0.026301097124814987, 0.02803679183125496, 0.02478601410984993, 0.03305047005414963, 0.026917606592178345, 0.01965424232184887, 0.019675398245453835, 0.021335776895284653, 0.02610297128558159, 0.03032255731523037, 0.028697829693555832, 0.024864763021469116, 0.019607800990343094, 0.017317570745944977, 0.017784027382731438, 0.024207323789596558, 0.02481485903263092, 0.017736267298460007, 0.01890653185546398], "LPIPS": [0.12430181354284286, 0.31390297412872314, 0.3858097493648529, 0.33126139640808105, 0.2950354814529419, 0.30202388763427734, 0.34690091013908386, 0.3583611249923706, 0.33688873052597046, 0.37645575404167175, 0.3656979203224182, 0.31924885511398315, 0.32243770360946655, 0.3670377731323242, 0.3883490562438965, 0.41320598125457764, 0.3690105676651001, 0.37113118171691895, 0.34424519538879395, 0.3267899453639984, 0.34418508410453796, 0.3968939781188965, 0.4188807010650635, 0.35164013504981995, 0.36801332235336304, 0.365806519985199, 0.3536839485168457, 0.3576669692993164, 0.3685673773288727, 0.36386215686798096, 0.4121859669685364, 0.37293556332588196, 0.31885024905204773, 0.331612229347229, 0.29435116052627563, 0.30352434515953064, 0.36295461654663086, 0.3936903476715088, 0.3841228485107422, 0.30131828784942627, 0.2974626421928406, 0.30920174717903137, 0.265592098236084, 0.32332074642181396, 0.3642726540565491, 0.3206303119659424, 0.25619372725486755, 0.29326650500297546]}