{"PSNR": [20.760409832000732, 16.97792649269104, 16.385858058929443, 17.988708019256592, 18.052279949188232, 19.00041937828064, 17.351020574569702, 15.342293977737427, 15.358370542526245, 16.298437118530273, 17.24021315574646, 17.294962406158447, 16.650512218475342, 17.97119975090027, 18.045660257339478, 15.852007865905762, 15.001558065414429, 15.516858100891113, 16.90217137336731, 16.80660367012024, 16.789135932922363, 17.850584983825684, 17.269691228866577, 15.425704717636108, 15.391120910644531, 17.147810459136963, 17.216709852218628, 16.39593243598938, 16.308515071868896, 17.085483074188232, 18.87426495552063, 16.926454305648804, 15.638823509216309, 16.07886791229248, 18.863658905029297, 16.704223155975342, 16.73456311225891, 17.507623434066772, 18.22311282157898, 17.105828523635864, 16.568962335586548, 16.434231996536255, 16.599619388580322, 16.65379285812378, 17.159736156463623, 18.017793893814087, 16.73081874847412, 17.45349645614624], "SSIM": [0.8584181666374207, 0.7149425745010376, 0.6940810084342957, 0.7309157848358154, 0.7208921313285828, 0.7865258455276489, 0.7452427744865417, 0.6805411577224731, 0.6728429198265076, 0.676917314529419, 0.6674774885177612, 0.6841700077056885, 0.6593073606491089, 0.7208609580993652, 0.7503175735473633, 0.6971880793571472, 0.6829681396484375, 0.7101570963859558, 0.655272364616394, 0.6508458256721497, 0.6668187379837036, 0.7362370491027832, 0.7120010852813721, 0.6551870107650757, 0.6955274343490601, 0.7362174987792969, 0.660560131072998, 0.6711912155151367, 0.6855599284172058, 0.7143436670303345, 0.7520136833190918, 0.6837773323059082, 0.6631277799606323, 0.7064046859741211, 0.7633764147758484, 0.7388644218444824, 0.7053861618041992, 0.7119103670120239, 0.7440813779830933, 0.7111219167709351, 0.7174711227416992, 0.7013091444969177, 0.7088381052017212, 0.7304667234420776, 0.7082619667053223, 0.76470947265625, 0.7425740957260132, 0.7342661619186401], "MSE": [0.008393807336688042, 0.020054295659065247, 0.022983398288488388, 0.015890194103121758, 0.015659287571907043, 0.012588041834533215, 0.018403399735689163, 0.029226085171103477, 0.02911810204386711, 0.023450728505849838, 0.018878992646932602, 0.01864248514175415, 0.02162463590502739, 0.015954390168190002, 0.01568317785859108, 0.025989577174186707, 0.03161143511533737, 0.028074637055397034, 0.02040717378258705, 0.02086121402680874, 0.020945291966199875, 0.016403689980506897, 0.018751278519630432, 0.02867012284696102, 0.028899341821670532, 0.019284971058368683, 0.018981432542204857, 0.022930141538381577, 0.023396378383040428, 0.019563736394047737, 0.012959061190485954, 0.02029339037835598, 0.02729717455804348, 0.02466682717204094, 0.012990749441087246, 0.02135884389281273, 0.02121014893054962, 0.01775161176919937, 0.015055276453495026, 0.01947229914367199, 0.022034531459212303, 0.0227288156747818, 0.021879535168409348, 0.02160830795764923, 0.019232086837291718, 0.01578412763774395, 0.02122844010591507, 0.017974233254790306], "LPIPS": [0.21679377555847168, 0.29056304693222046, 0.32091227173805237, 0.2947901487350464, 0.3188754618167877, 0.23962301015853882, 0.26544642448425293, 0.32903456687927246, 0.3086588978767395, 0.361400842666626, 0.36014050245285034, 0.37635260820388794, 0.34425216913223267, 0.2982572019100189, 0.3062710165977478, 0.32937902212142944, 0.3222099542617798, 0.3214472532272339, 0.3872305750846863, 0.3782387375831604, 0.33331719040870667, 0.3415229320526123, 0.3239057958126068, 0.33901917934417725, 0.34348544478416443, 0.3049999475479126, 0.3362357020378113, 0.35132449865341187, 0.35122543573379517, 0.35572415590286255, 0.3125934600830078, 0.3797261416912079, 0.33796656131744385, 0.29796549677848816, 0.30845263600349426, 0.31727465987205505, 0.3170682191848755, 0.34977537393569946, 0.2994634211063385, 0.32890772819519043, 0.3116185665130615, 0.3104715943336487, 0.31398746371269226, 0.33069032430648804, 0.30754128098487854, 0.2544403672218323, 0.2605522871017456, 0.27878957986831665]}