{
    "PSNR": [
        20.937283039093018,
        20.21878480911255,
        17.3946750164032,
        16.51352882385254,
        17.175129652023315,
        17.259550094604492,
        17.443214654922485,
        18.39234948158264,
        17.605249881744385,
        16.10892653465271,
        15.587468147277832,
        15.585824251174927,
        15.8011794090271,
        16.494630575180054,
        16.242449283599854,
        17.02579140663147,
        18.385756015777588,
        16.43195867538452,
        15.56255578994751,
        15.288711786270142,
        16.397976875305176,
        15.882229804992676,
        16.26663565635681,
        17.154653072357178,
        17.649343013763428,
        16.003934144973755,
        15.267467498779297,
        15.538685321807861,
        16.47321343421936,
        15.606414079666138,
        15.732583999633789,
        16.445038318634033,
        17.38154649734497,
        17.10123896598816,
        15.627777576446533,
        15.310113430023193,
        15.920443534851074,
        15.70743203163147,
        16.158982515335083,
        16.62501573562622,
        17.981743812561035,
        16.966625452041626,
        16.05344295501709,
        16.564522981643677,
        16.181769371032715,
        16.73019289970398,
        18.358619213104248,
        19.02485966682434
    ],
    "SSIM": [
        0.8937194347381592,
        0.8382387161254883,
        0.7659357786178589,
        0.725986123085022,
        0.820220947265625,
        0.7476125955581665,
        0.7113440036773682,
        0.7585395574569702,
        0.7911955714225769,
        0.6625239849090576,
        0.6236770153045654,
        0.6858610510826111,
        0.7676043510437012,
        0.7457399368286133,
        0.6538110375404358,
        0.6724551916122437,
        0.7840938568115234,
        0.7074248194694519,
        0.6014822721481323,
        0.622489869594574,
        0.8085929751396179,
        0.6553980708122253,
        0.6183929443359375,
        0.686830997467041,
        0.8037203550338745,
        0.6440140008926392,
        0.5988548994064331,
        0.6812845468521118,
        0.8169060945510864,
        0.7015595436096191,
        0.616206705570221,
        0.6414651274681091,
        0.7513729929924011,
        0.7578861117362976,
        0.6285393238067627,
        0.6392948627471924,
        0.7766920924186707,
        0.6688312888145447,
        0.6311098337173462,
        0.6915773749351501,
        0.8292410373687744,
        0.7340110540390015,
        0.6537495851516724,
        0.7479516267776489,
        0.7105077505111694,
        0.6968812942504883,
        0.8233689665794373,
        0.8059177398681641
    ],
    "MSE": [
        0.008058827370405197,
        0.009508708491921425,
        0.01821933686733246,
        0.022317584604024887,
        0.019164038822054863,
        0.018795114010572433,
        0.018016835674643517,
        0.014479885809123516,
        0.017357010394334793,
        0.024496687576174736,
        0.027621876448392868,
        0.02763233706355095,
        0.026295538991689682,
        0.022414907813072205,
        0.02375500276684761,
        0.019834479317069054,
        0.014501883648335934,
        0.022740717977285385,
        0.02778078243136406,
        0.02958890050649643,
        0.02291935309767723,
        0.025809353217482567,
        0.02362307719886303,
        0.01925460807979107,
        0.01718168333172798,
        0.025096124038100243,
        0.029733991250395775,
        0.027933893725275993,
        0.022525718435645103,
        0.027501648291945457,
        0.02671416662633419,
        0.02267233282327652,
        0.018274500966072083,
        0.01949288696050644,
        0.02736668661236763,
        0.029443448409438133,
        0.02558324858546257,
        0.026869332417845726,
        0.02421596646308899,
        0.02175196073949337,
        0.01591569557785988,
        0.020106542855501175,
        0.02481166087090969,
        0.02205706760287285,
        0.024089237675070763,
        0.021231502294540405,
        0.014592781662940979,
        0.012517398223280907
    ],
    "LPIPS": [
        0.15815412998199463,
        0.23683355748653412,
        0.2737993001937866,
        0.313165545463562,
        0.24389061331748962,
        0.28891879320144653,
        0.2963606119155884,
        0.2640010714530945,
        0.2766151428222656,
        0.3658222556114197,
        0.3785669505596161,
        0.3258139491081238,
        0.3202533423900604,
        0.30209535360336304,
        0.37256449460983276,
        0.3515241742134094,
        0.2913346588611603,
        0.33964788913726807,
        0.40431225299835205,
        0.40690797567367554,
        0.2804529070854187,
        0.3869475722312927,
        0.39417678117752075,
        0.35279300808906555,
        0.3036953806877136,
        0.39111313223838806,
        0.4178886413574219,
        0.35643163323402405,
        0.30263787508010864,
        0.34736740589141846,
        0.4081626534461975,
        0.38640743494033813,
        0.30596181750297546,
        0.3186863660812378,
        0.4200896620750427,
        0.4002542495727539,
        0.3176698088645935,
        0.37934160232543945,
        0.39401906728744507,
        0.3519253134727478,
        0.2977946996688843,
        0.34317201375961304,
        0.37172096967697144,
        0.316203236579895,
        0.33220499753952026,
        0.34341543912887573,
        0.27109163999557495,
        0.21976235508918762
    ],
    "complexity": {
        "normal_roughness": [
            0.02987085096538067,
            0.032244570553302765,
            0.03970853239297867,
            0.04677005857229233,
            0.03464426472783089,
            0.04637601971626282,
            0.048464395105838776,
            0.04169972613453865,
            0.0371248722076416,
            0.05539983510971069,
            0.05909572169184685,
            0.05495438724756241,
            0.04749324545264244,
            0.04787710681557655,
            0.05663429945707321,
            0.05671817809343338,
            0.04072069004178047,
            0.053584858775138855,
            0.06412620842456818,
            0.06439822167158127,
            0.03684261441230774,
            0.05766503885388374,
            0.05953378230333328,
            0.055445097386837006,
            0.03841422125697136,
            0.05883190780878067,
            0.06621614098548889,
            0.05493784695863724,
            0.03847820684313774,
            0.04989026486873627,
            0.059631623327732086,
            0.06055768206715584,
            0.04536520689725876,
            0.045420244336128235,
            0.06102186068892479,
            0.05906527489423752,
            0.03858165815472603,
            0.052963607013225555,
            0.056571297347545624,
            0.05223267525434494,
            0.0348384827375412,
            0.04830937087535858,
            0.054051563143730164,
            0.04444776475429535,
            0.04246865585446358,
            0.046669989824295044,
            0.031789638102054596,
            0.04517243057489395
        ],