{"PSNR": [20.55772304534912, 16.869564056396484, 17.589685916900635, 16.71963334083557, 17.29945182800293, 16.38309121131897, 15.500900745391846, 15.012764930725098, 15.412555932998657, 15.003383159637451, 15.0791335105896, 16.390985250473022, 17.231062650680542, 16.430189609527588, 15.732582807540894, 15.001202821731567, 14.97751235961914, 15.460901260375977, 15.14938235282898, 15.322636365890503, 17.049055099487305, 16.890352964401245, 15.947095155715942, 15.510741472244263, 14.806277751922607, 14.626328945159912, 14.755983352661133, 16.44928812980652, 17.162089347839355, 17.533254623413086, 17.60409712791443, 16.03710412979126, 15.072734355926514, 15.023558139801025, 14.103449583053589, 15.591267347335815, 17.529828548431396, 17.45262622833252, 16.3168728351593, 15.613571405410767, 16.217840909957886, 15.530651807785034, 15.386741161346436, 17.08412766456604, 18.45526933670044, 16.553598642349243, 16.99970841407776, 17.267874479293823], "SSIM": [0.8603634834289551, 0.692177414894104, 0.662801206111908, 0.668472409248352, 0.7451342344284058, 0.7126233577728271, 0.641110897064209, 0.6658066511154175, 0.6665734052658081, 0.5714379549026489, 0.5955045223236084, 0.6953095197677612, 0.7233299016952515, 0.6892797350883484, 0.6371310949325562, 0.6462346911430359, 0.7184829711914062, 0.65328449010849, 0.6122267246246338, 0.6273401975631714, 0.6952232122421265, 0.6910197138786316, 0.6580983996391296, 0.702323317527771, 0.6978771686553955, 0.6304304599761963, 0.6016474366188049, 0.7078892588615417, 0.7297461032867432, 0.694628894329071, 0.6995625495910645, 0.6762470006942749, 0.7060407400131226, 0.6736604571342468, 0.5864048004150391, 0.6488180756568909, 0.7330174446105957, 0.688687801361084, 0.6687368154525757, 0.6878570318222046, 0.737104594707489, 0.6692559123039246, 0.6507803201675415, 0.7104235887527466, 0.7450682520866394, 0.7089718580245972, 0.7502371668815613, 0.7207978963851929], "MSE": [0.00879483763128519, 0.020560970529913902, 0.017419330775737762, 0.021283190697431564, 0.018623221665620804, 0.02299804799258709, 0.028177987784147263, 0.03152996301651001, 0.028757061809301376, 0.03159815073013306, 0.031051790341734886, 0.022956281900405884, 0.018918810412287712, 0.02274998091161251, 0.026714175939559937, 0.0316140241920948, 0.03178694099187851, 0.028438713401556015, 0.030553556978702545, 0.029358675703406334, 0.0197285208851099, 0.020462781190872192, 0.02542673423886299, 0.028114212676882744, 0.03306528180837631, 0.03446411341428757, 0.033450424671173096, 0.022650152444839478, 0.019221670925617218, 0.0176471546292305, 0.017361626029014587, 0.02490517497062683, 0.031097587198019028, 0.03145171329379082, 0.03887362778186798, 0.02759772539138794, 0.017661077901721, 0.017977837473154068, 0.023351391777396202, 0.027456358075141907, 0.023889988660812378, 0.02798561565577984, 0.028928503394126892, 0.019569842144846916, 0.014271615073084831, 0.022112620994448662, 0.01995396614074707, 0.018759123980998993], "LPIPS": [0.14564132690429688, 0.28237807750701904, 0.3529958128929138, 0.34397047758102417, 0.25514766573905945, 0.26847317814826965, 0.35626691579818726, 0.3473186492919922, 0.37134867906570435, 0.4009726047515869, 0.38361674547195435, 0.34678933024406433, 0.3163404166698456, 0.27874767780303955, 0.3266538977622986, 0.3406313955783844, 0.33604738116264343, 0.35077619552612305, 0.3823249340057373, 0.3607383966445923, 0.29391634464263916, 0.3212535083293915, 0.33078575134277344, 0.31453678011894226, 0.3261811137199402, 0.34327274560928345, 0.3667687773704529, 0.3551566004753113, 0.32678526639938354, 0.3066861033439636, 0.36040496826171875, 0.32025402784347534, 0.32894912362098694, 0.29986506700515747, 0.36148083209991455, 0.3718332350254059, 0.3339900076389313, 0.3309935927391052, 0.3164549171924591, 0.332955539226532, 0.2682510018348694, 0.3103035092353821, 0.34360471367836, 0.35436850786209106, 0.27580007910728455, 0.32157161831855774, 0.2687755227088928, 0.28258103132247925]}