{
    "PSNR": [
        21.166982650756836,
        15.684596300125122,
        13.886405229568481,
        14.571186304092407,
        16.9088876247406,
        15.867336988449097,
        14.695026874542236,
        14.436335563659668,
        13.71427297592163,
        13.275558948516846,
        13.099223375320435,
        14.55701231956482,
        14.96760606765747,
        16.21865749359131,
        14.403718709945679,
        14.135071039199829,
        13.521268367767334,
        13.964860439300537,
        13.389482498168945,
        13.74350905418396,
        16.45140767097473,
        15.448222160339355,
        13.769186735153198,
        13.452303409576416,
        14.988223314285278,
        13.693199157714844,
        13.47033143043518,
        14.13742184638977,
        15.225944519042969,
        16.73857808113098,
        14.3769371509552,
        13.121498823165894,
        14.068073034286499,
        15.598905086517334,
        13.477733135223389,
        13.690656423568726,
        15.461640357971191,
        14.920492172241211,
        13.943657875061035,
        14.332867860794067,
        15.947142839431763,
        16.341174840927124,
        14.508651494979858,
        15.403947830200195,
        14.952322244644165,
        15.713872909545898,
        17.47838020324707,
        15.763014554977417
    ],
    "SSIM": [
        0.866860568523407,
        0.7006542682647705,
        0.613895058631897,
        0.5819386839866638,
        0.7005314826965332,
        0.6500634551048279,
        0.6551793813705444,
        0.6704607009887695,
        0.6313099265098572,
        0.5534101724624634,
        0.5292295217514038,
        0.5951811075210571,
        0.643976092338562,
        0.6618684530258179,
        0.6292620301246643,
        0.6510559916496277,
        0.6522083878517151,
        0.5979532599449158,
        0.5407686233520508,
        0.5953973531723022,
        0.6753616333007812,
        0.6541469097137451,
        0.6106601357460022,
        0.6584848761558533,
        0.6716563105583191,
        0.5871669054031372,
        0.5848046541213989,
        0.6554825305938721,
        0.6647746562957764,
        0.6835408210754395,
        0.6187329292297363,
        0.6371159553527832,
        0.6293737292289734,
        0.6620195508003235,
        0.5870494842529297,
        0.6102113723754883,
        0.6554719805717468,
        0.6286348104476929,
        0.6487231850624084,
        0.6581174731254578,
        0.693751335144043,
        0.6832895278930664,
        0.607409656047821,
        0.6745246648788452,
        0.6379689574241638,
        0.6901849508285522,
        0.7530223727226257,
        0.682841956615448
    ],
    "MSE": [
        0.007643664255738258,
        0.027010982856154442,
        0.04086575657129288,
        0.03490450233221054,
        0.02037563920021057,
        0.025898005813360214,
        0.03392324596643448,
        0.036005303263664246,
        0.04251798987388611,
        0.047037482261657715,
        0.048986636102199554,
        0.03501860797405243,
        0.03185953572392464,
        0.02388550154864788,
        0.03627673536539078,
        0.03859161585569382,
        0.044450148940086365,
        0.04013414308428764,
        0.04581965133547783,
        0.042232729494571686,
        0.02263910137116909,
        0.028521856293082237,
        0.04198376089334488,
        0.045161642134189606,
        0.03170864284038544,
        0.04272481054067612,
        0.04497455805540085,
        0.03857072815299034,
        0.030019646510481834,
        0.021190550178289413,
        0.03650112450122833,
        0.04873603582382202,
        0.03919157385826111,
        0.02754923701286316,
        0.04489796608686447,
        0.042749837040901184,
        0.028433870524168015,
        0.03220703825354576,
        0.04033055156469345,
        0.036873407661914825,
        0.025426452979445457,
        0.02322109043598175,
        0.03541072830557823,
        0.028814110904932022,
        0.031971849501132965,
        0.026829516515135765,
        0.017871538177132607,
        0.026527641341090202
    ],
    "LPIPS": [
        0.17343220114707947,
        0.26878973841667175,
        0.4045116603374481,
        0.35999926924705505,
        0.2570873200893402,
        0.2790476977825165,
        0.3148673176765442,
        0.3211831748485565,
        0.37808600068092346,
        0.4291163980960846,
        0.4656480550765991,
        0.3971925377845764,
        0.3520267605781555,
        0.2918812036514282,
        0.3372145891189575,
        0.3497118651866913,
        0.3792552649974823,
        0.3749755024909973,
        0.42616552114486694,
        0.42496442794799805,
        0.3125815689563751,
        0.361890971660614,
        0.39262551069259644,
        0.372964471578598,
        0.32289016246795654,
        0.3927787244319916,
        0.3924233615398407,
        0.3809397518634796,
        0.3752942681312561,
        0.34701088070869446,
        0.38468706607818604,
        0.4070977568626404,
        0.37363627552986145,
        0.32643866539001465,
        0.35440900921821594,
        0.3749673068523407,
        0.3859517574310303,
        0.3509836792945862,
        0.3553246855735779,
        0.3092378079891205,
        0.29134875535964966,
        0.29321587085723877,
        0.3185851573944092,
        0.3532712161540985,
        0.3621447682380676,
        0.3141839802265167,
        0.25567442178726196,
        0.3461534380912781
    ],
    "complexity": {
        "normal_roughness": [
            0.05381699278950691,
            0.05272620916366577,
            0.03712746500968933,
            0.03976556658744812,
            0.054394081234931946,
            0.05914858728647232,
            0.059231869876384735,
            0.048236556351184845,
            0.03627097234129906,
            0.04221013933420181,
            0.04496303200721741,
            0.03991803899407387,
            0.046475011855363846,
            0.06062702834606171,
            0.059074316173791885,
            0.05237659811973572,
            0.038062456995248795,
            0.05187831073999405,
            0.0531412735581398,
            0.038484763354063034,
            0.052492715418338776,
            0.05818350985646248,
            0.0524040162563324,
            0.03612619638442993,
            0.05151452124118805,
            0.06249978765845299,
            0.05777409300208092,
            0.03569301217794418,
            0.03690360486507416,
            0.0537954680621624,
            0.05021991953253746,
            0.03508037328720093,
            0.04776626080274582,
            0.06387238204479218,
            0.06550468504428864,
            0.05376887321472168,
            0.03571116924285889,
            0.040488213300704956,
            0.029469294473528862,
            0.03665431961417198,
            0.056678466498851776,
            0.06454572081565857,
            0.06309939920902252,
            0.049590811133384705,
            0.035166800022125244,
            0.035241611301898956,
            0.05553318187594414,
            0.057433485984802246
        ],