{"PSNR": [21.801865100860596, 16.7979097366333, 14.465512037277222, 15.857782363891602, 17.892366647720337, 16.36962056159973, 16.986039876937866, 15.9417724609375, 13.412659168243408, 13.423266410827637, 14.495850801467896, 16.757194995880127, 18.44327688217163, 15.576480627059937, 14.696964025497437, 15.859997272491455, 14.432227611541748, 13.299012184143066, 13.8248610496521, 15.59907078742981, 16.14991068840027, 14.184085130691528, 14.171905517578125, 16.00257158279419, 14.13599967956543, 13.751599788665771, 14.974198341369629, 19.9420964717865, 17.032283544540405, 14.432337284088135, 13.509385585784912, 14.092743396759033, 16.339484453201294, 14.574452638626099, 15.15171766281128, 18.036494255065918, 15.298280715942383, 13.784284591674805, 13.488607406616211, 15.497739315032959, 18.63643527030945, 16.60938858985901, 17.32999324798584, 18.12588095664978, 14.642921686172485, 14.642053842544556, 17.15038299560547, 17.217490673065186], "SSIM": [0.9003636240959167, 0.7846187353134155, 0.6154956817626953, 0.6658291220664978, 0.8141005039215088, 0.7141337394714355, 0.7105354070663452, 0.7746538519859314, 0.584647536277771, 0.5390254855155945, 0.5882825255393982, 0.7275047302246094, 0.8251991271972656, 0.6635571718215942, 0.6140024662017822, 0.6886569857597351, 0.7406305074691772, 0.552399754524231, 0.548291802406311, 0.6487364768981934, 0.690488338470459, 0.5765568017959595, 0.593602180480957, 0.7506544589996338, 0.6853595972061157, 0.5662714242935181, 0.6139326095581055, 0.829761266708374, 0.7546367645263672, 0.5897607207298279, 0.5498804450035095, 0.6248107552528381, 0.8182704448699951, 0.6616341471672058, 0.6388353109359741, 0.7718666791915894, 0.6589264273643494, 0.5717532634735107, 0.579613208770752, 0.6862823367118835, 0.8341385722160339, 0.7330608367919922, 0.7730717658996582, 0.8268451690673828, 0.6421409845352173, 0.646925687789917, 0.815022885799408, 0.8090558052062988], "MSE": [0.006604099180549383, 0.020903024822473526, 0.03576422482728958, 0.025955041870474815, 0.016246631741523743, 0.023069489747285843, 0.0200168639421463, 0.025457914918661118, 0.04557577520608902, 0.04546459764242172, 0.035515256226062775, 0.021099906414747238, 0.014311081729829311, 0.027691848576068878, 0.033908113837242126, 0.02594180963933468, 0.03603937849402428, 0.046784162521362305, 0.04144898056983948, 0.027548184618353844, 0.024266600608825684, 0.038158517330884933, 0.038265690207481384, 0.02510400116443634, 0.038583360612392426, 0.04215412586927414, 0.03181121125817299, 0.010134221985936165, 0.019804857671260834, 0.03603847324848175, 0.04457193613052368, 0.03896958380937576, 0.02323012612760067, 0.03487825393676758, 0.03053712658584118, 0.01571631245315075, 0.029523782432079315, 0.041838061064481735, 0.04478568583726883, 0.02819851040840149, 0.013688519597053528, 0.021830378100275993, 0.018492713570594788, 0.015396143309772015, 0.03433268889784813, 0.034339554607868195, 0.019273551180958748, 0.018978023901581764], "LPIPS": [0.13841503858566284, 0.32323476672172546, 0.3784167766571045, 0.348566472530365, 0.19556140899658203, 0.27107447385787964, 0.308544397354126, 0.3501092195510864, 0.41538605093955994, 0.4496198892593384, 0.4149606227874756, 0.3399234414100647, 0.2135535329580307, 0.3041982352733612, 0.37554827332496643, 0.3533910810947418, 0.3403480052947998, 0.4233012795448303, 0.4283403158187866, 0.3891230821609497, 0.3051338791847229, 0.388385534286499, 0.4166255593299866, 0.33817487955093384, 0.35665225982666016, 0.3792020082473755, 0.4227045476436615, 0.26052790880203247, 0.28788936138153076, 0.3933056592941284, 0.4378799796104431, 0.40645185112953186, 0.26910701394081116, 0.3071586787700653, 0.3644946217536926, 0.303969144821167, 0.35786616802215576, 0.42867356538772583, 0.41968420147895813, 0.3445527255535126, 0.22320453822612762, 0.30178502202033997, 0.2959738075733185, 0.27928051352500916, 0.38031142950057983, 0.38613390922546387, 0.2483871728181839, 0.2941672205924988]}