{"PSNR": [20.682785511016846, 17.545770406723022, 15.69578766822815, 16.405179500579834, 16.997462511062622, 17.282981872558594, 18.08778166770935, 16.708027124404907, 14.989136457443237, 15.021321773529053, 16.037302017211914, 16.326637268066406, 16.191253662109375, 16.505396366119385, 16.89796209335327, 18.626965284347534, 15.45864462852478, 14.837346076965332, 15.45803189277649, 15.96084475517273, 16.391974687576294, 16.499959230422974, 17.55116581916809, 16.027019023895264, 15.100528001785278, 15.223820209503174, 16.279014348983765, 16.00218176841736, 16.34238362312317, 16.40341281890869, 16.75786852836609, 16.852725744247437, 15.662342309951782, 14.759873151779175, 15.53916335105896, 17.597804069519043, 16.562942266464233, 16.578562259674072, 16.687657833099365, 16.740809679031372, 15.660908222198486, 15.802264213562012, 18.548462390899658, 16.805521249771118, 16.841808557510376, 16.820807456970215, 16.751290559768677, 17.504879236221313], "SSIM": [0.8654903173446655, 0.7467122077941895, 0.6636682748794556, 0.7314400672912598, 0.702820897102356, 0.7112528681755066, 0.7490448951721191, 0.6755716800689697, 0.5796452760696411, 0.6370335817337036, 0.7275279760360718, 0.7203234434127808, 0.6444369554519653, 0.6403133869171143, 0.6700212359428406, 0.7432569265365601, 0.5936750769615173, 0.58525550365448, 0.6874713897705078, 0.7053200006484985, 0.6335604190826416, 0.6179220676422119, 0.7277593612670898, 0.6435885429382324, 0.5912501811981201, 0.6178485155105591, 0.7202069163322449, 0.6332899928092957, 0.6161110401153564, 0.6201639175415039, 0.666273832321167, 0.7242554426193237, 0.6342658400535583, 0.591126561164856, 0.6633450984954834, 0.6917740702629089, 0.6452251076698303, 0.6482338905334473, 0.7137980461120605, 0.7359828948974609, 0.6734251976013184, 0.6665726900100708, 0.7283738851547241, 0.6522321105003357, 0.7047491073608398, 0.7343047857284546, 0.7500042915344238, 0.7374269366264343], "MSE": [0.00854518637061119, 0.017596367746591568, 0.026941467076539993, 0.02288137376308441, 0.01996428519487381, 0.018693985417485237, 0.015531804412603378, 0.02134014293551445, 0.03170197829604149, 0.03146790340542793, 0.0249040424823761, 0.023298947140574455, 0.02403668686747551, 0.022359414026141167, 0.02042696624994278, 0.01371840387582779, 0.028453491628170013, 0.032829590141773224, 0.028457507491111755, 0.025346357375383377, 0.022951047867536545, 0.02238742634654045, 0.017574522644281387, 0.024963079020380974, 0.03089919686317444, 0.03003433346748352, 0.023555845022201538, 0.02510625123977661, 0.02321462333202362, 0.022890683263540268, 0.021096637472510338, 0.020640846341848373, 0.027149751782417297, 0.03342048451304436, 0.027930816635489464, 0.017386801540851593, 0.022065093740820885, 0.02198587916791439, 0.02144046686589718, 0.021179664880037308, 0.027158712968230247, 0.02628897875547409, 0.013968626037240028, 0.02086642198264599, 0.020692795515060425, 0.02079310268163681, 0.021128613501787186, 0.01776283048093319], "LPIPS": [0.1805865317583084, 0.3075307607650757, 0.38574227690696716, 0.3132482171058655, 0.33062249422073364, 0.3149986267089844, 0.2561922073364258, 0.35391533374786377, 0.42964622378349304, 0.4054771661758423, 0.3454764783382416, 0.33226922154426575, 0.39164823293685913, 0.39595460891723633, 0.3410579562187195, 0.2637913227081299, 0.4122483730316162, 0.4527623951435089, 0.38204339146614075, 0.3311675786972046, 0.40935903787612915, 0.4333358108997345, 0.36372193694114685, 0.3361319303512573, 0.42341330647468567, 0.4170869290828705, 0.3679474890232086, 0.3856438100337982, 0.4212731122970581, 0.43591660261154175, 0.402152419090271, 0.33460333943367004, 0.39120960235595703, 0.42446643114089966, 0.3412838876247406, 0.3165331482887268, 0.3848397731781006, 0.42123210430145264, 0.39908599853515625, 0.31102168560028076, 0.3545016050338745, 0.35711079835891724, 0.2879070043563843, 0.36831292510032654, 0.37641656398773193, 0.32990431785583496, 0.33395135402679443, 0.3203155994415283]}