{"PSNR": [19.43913698196411, 15.029324293136597, 15.54574966430664, 14.860372543334961, 15.26361346244812, 15.736216306686401, 14.788528680801392, 15.026947259902954, 15.310598611831665, 15.895839929580688, 14.540388584136963, 14.842885732650757, 15.551053285598755, 16.70749306678772, 14.458917379379272, 14.809110164642334, 15.360265970230103, 17.258018255233765, 14.90694522857666, 14.8037850856781, 16.469656229019165, 15.202062129974365, 14.484636783599854, 15.60009479522705, 17.116611003875732, 15.622115135192871, 14.671303033828735, 15.549203157424927, 15.956214666366577, 15.250848531723022, 14.418681859970093, 14.84094500541687, 16.49008870124817, 17.120075225830078, 15.872691869735718, 14.908326864242554, 15.10318636894226, 15.71409821510315, 14.52715516090393, 15.810753107070923, 16.975631713867188, 16.978013515472412, 15.90654730796814, 15.569597482681274, 15.57699203491211, 15.46926498413086, 17.436745166778564, 15.77157974243164], "SSIM": [0.8475971221923828, 0.6960239410400391, 0.6904619932174683, 0.6327528357505798, 0.6412612795829773, 0.687975287437439, 0.6598391532897949, 0.6827019453048706, 0.7085351943969727, 0.6830195188522339, 0.60121750831604, 0.6198877692222595, 0.631864070892334, 0.6759158968925476, 0.6004425883293152, 0.622516930103302, 0.6713420748710632, 0.7337562441825867, 0.620945930480957, 0.605638861656189, 0.6993815302848816, 0.6001940965652466, 0.5879022479057312, 0.6333937048912048, 0.7228498458862305, 0.6685504913330078, 0.5933176279067993, 0.6479071378707886, 0.6850574016571045, 0.648369550704956, 0.5849645137786865, 0.6036736369132996, 0.6612820625305176, 0.7280451655387878, 0.6463777422904968, 0.595474898815155, 0.6871187686920166, 0.6714396476745605, 0.5814356207847595, 0.6356028914451599, 0.6867925524711609, 0.7029139399528503, 0.6540715098381042, 0.6580076217651367, 0.6576696634292603, 0.6405300498008728, 0.7403074502944946, 0.6857055425643921], "MSE": [0.011378534138202667, 0.03140997514128685, 0.027888499200344086, 0.0326559841632843, 0.029760397970676422, 0.02669183537364006, 0.0332006961107254, 0.03142716735601425, 0.02944016084074974, 0.025728588923811913, 0.035152897238731384, 0.032787732779979706, 0.02785446308553219, 0.021342767402529716, 0.03581857308745384, 0.03304372727870941, 0.02910539135336876, 0.018801746889948845, 0.03230765834450722, 0.033084265887737274, 0.022544175386428833, 0.030185183510184288, 0.03560708090662956, 0.027541693300008774, 0.019424010068178177, 0.027402399107813835, 0.03410905972123146, 0.02786632440984249, 0.025373395532369614, 0.029847994446754456, 0.03615196794271469, 0.03280239924788475, 0.022438358515501022, 0.01940852403640747, 0.02586609125137329, 0.03229738399386406, 0.030880292877554893, 0.02682812139391899, 0.03526017814874649, 0.02623763680458069, 0.02006489410996437, 0.020053893327713013, 0.02566523477435112, 0.027735775336623192, 0.027688592672348022, 0.028384000062942505, 0.018043696880340576, 0.02647537551820278], "LPIPS": [0.1482170820236206, 0.30417221784591675, 0.2804630994796753, 0.302914559841156, 0.3087505102157593, 0.30920547246932983, 0.4112430512905121, 0.37444058060646057, 0.332828164100647, 0.280984491109848, 0.3629867434501648, 0.3483937680721283, 0.37607818841934204, 0.3293253183364868, 0.4112226963043213, 0.3590768575668335, 0.3721398413181305, 0.2696443200111389, 0.35143473744392395, 0.36853015422821045, 0.38225072622299194, 0.3754117488861084, 0.395815372467041, 0.3627852499485016, 0.330552875995636, 0.3123888373374939, 0.3860650062561035, 0.3781707286834717, 0.4001777470111847, 0.3533998131752014, 0.3975657820701599, 0.40047889947891235, 0.3626074194908142, 0.25975900888442993, 0.35671210289001465, 0.41279712319374084, 0.35046252608299255, 0.3567555546760559, 0.37529250979423523, 0.38492822647094727, 0.32018497586250305, 0.3240780830383301, 0.37925341725349426, 0.4002218246459961, 0.3098367154598236, 0.3256961703300476, 0.2994336485862732, 0.32632720470428467]}