{"PSNR": [21.2371563911438, 15.28119444847107, 13.701540231704712, 15.563006401062012, 16.912710666656494, 17.81101107597351, 15.40469765663147, 13.057140111923218, 12.195698022842407, 12.886314392089844, 13.27879548072815, 14.966351985931396, 14.464824199676514, 16.082077026367188, 16.249560117721558, 13.335063457489014, 11.794402599334717, 13.141274452209473, 13.095335960388184, 13.60113263130188, 14.440336227416992, 15.895907878875732, 14.587143659591675, 12.23125696182251, 12.470091581344604, 13.47989797592163, 13.518352508544922, 13.34648609161377, 13.512834310531616, 14.734410047531128, 15.550248622894287, 13.420909643173218, 12.784202098846436, 14.483727216720581, 13.338040113449097, 13.482452630996704, 13.888264894485474, 14.59678053855896, 15.08543610572815, 14.82524037361145, 15.091044902801514, 16.294618844985962, 13.98791790008545, 13.671718835830688, 14.00499939918518, 15.1490318775177, 17.27187156677246, 14.94305968284607], "SSIM": [0.8771989345550537, 0.6469390392303467, 0.5983569025993347, 0.6556087732315063, 0.6834196448326111, 0.7170283198356628, 0.6563680768013, 0.5650908350944519, 0.5535314083099365, 0.5616723299026489, 0.5465480089187622, 0.6078369617462158, 0.6053302884101868, 0.6138615608215332, 0.6529421806335449, 0.5755758285522461, 0.5248194932937622, 0.5762169361114502, 0.5255149602890015, 0.5580993890762329, 0.5635878443717957, 0.5919952988624573, 0.6027962565422058, 0.5613318681716919, 0.5382293462753296, 0.5258346796035767, 0.5719614624977112, 0.5791562795639038, 0.5736281871795654, 0.5467368960380554, 0.6058320999145508, 0.6184452772140503, 0.5545315146446228, 0.5944646596908569, 0.5293058156967163, 0.5691696405410767, 0.5588678121566772, 0.580089807510376, 0.652084231376648, 0.6533685922622681, 0.6433181166648865, 0.6556663513183594, 0.5889467597007751, 0.5914404392242432, 0.5688710808753967, 0.6473469734191895, 0.7500090599060059, 0.6312084197998047], "MSE": [0.007521153427660465, 0.029640164226293564, 0.04264282435178757, 0.02777790278196335, 0.020357713103294373, 0.01655385084450245, 0.028809137642383575, 0.049463629722595215, 0.060315683484077454, 0.05144800245761871, 0.04700244963169098, 0.03186873719096184, 0.03576989099383354, 0.024648603051900864, 0.023716142401099205, 0.04639739915728569, 0.06615456938743591, 0.04851461946964264, 0.049030520021915436, 0.04364020749926567, 0.035972148180007935, 0.025728192180395126, 0.0347764790058136, 0.059823840856552124, 0.056622736155986786, 0.044875603169202805, 0.04447999224066734, 0.04627552628517151, 0.04453655704855919, 0.03361700102686882, 0.02785961888730526, 0.04548928141593933, 0.05267200618982315, 0.03561454638838768, 0.046365611255168915, 0.0448492094874382, 0.0408482663333416, 0.034699395298957825, 0.031006766483187675, 0.03292122483253479, 0.030966749414801598, 0.023471351712942123, 0.03992162644863129, 0.042936645448207855, 0.03976491838693619, 0.030556023120880127, 0.018741868436336517, 0.03204011544585228], "LPIPS": [0.15362600982189178, 0.27912798523902893, 0.36365216970443726, 0.3079727292060852, 0.23589345812797546, 0.2656746506690979, 0.32587772607803345, 0.38939785957336426, 0.40666598081588745, 0.3790106773376465, 0.43269699811935425, 0.3203747272491455, 0.3355047404766083, 0.308796763420105, 0.3784647583961487, 0.4207584261894226, 0.399422287940979, 0.38395974040031433, 0.4260459542274475, 0.4054708480834961, 0.35254552960395813, 0.35146647691726685, 0.42437973618507385, 0.4053274989128113, 0.337871789932251, 0.40722763538360596, 0.43915921449661255, 0.40365803241729736, 0.38596734404563904, 0.3859645128250122, 0.4074821472167969, 0.3994390070438385, 0.3414425849914551, 0.3346059322357178, 0.4239778518676758, 0.38041919469833374, 0.4095330238342285, 0.4025019407272339, 0.387466698884964, 0.3052753806114197, 0.3096543550491333, 0.28664904832839966, 0.3872649669647217, 0.3802810311317444, 0.3910790681838989, 0.34203600883483887, 0.2643145024776459, 0.33605626225471497]}