{"PSNR": [23.30707311630249, 15.670725107192993, 14.83959674835205, 13.915634155273438, 15.888252258300781, 15.297625064849854, 13.934053182601929, 13.172404766082764, 15.076926946640015, 13.009146451950073, 12.37912654876709, 13.2211434841156, 14.096368551254272, 15.367350578308105, 13.633288145065308, 12.798227071762085, 13.509196043014526, 13.563090562820435, 12.441352605819702, 12.467513084411621, 15.22497296333313, 14.058202505111694, 12.76572585105896, 13.045051097869873, 13.784887790679932, 13.109041452407837, 12.682740688323975, 13.938547372817993, 13.77542495727539, 14.290170669555664, 12.903759479522705, 12.863789796829224, 14.147984981536865, 13.858566284179688, 13.071117401123047, 13.773287534713745, 14.73148226737976, 13.095721006393433, 13.150954246520996, 14.086716175079346, 15.337923765182495, 13.329434394836426, 12.991480827331543, 13.402992486953735, 14.605995416641235, 14.364739656448364, 16.004122495651245, 14.939029216766357], "SSIM": [0.9109475016593933, 0.7133276462554932, 0.6738566160202026, 0.6097735166549683, 0.688481330871582, 0.6998274326324463, 0.6341145038604736, 0.6218407154083252, 0.7025970816612244, 0.5865092873573303, 0.525781512260437, 0.5791904926300049, 0.629265546798706, 0.6839741468429565, 0.6062072515487671, 0.5546773672103882, 0.6600074768066406, 0.6803516149520874, 0.5500490665435791, 0.5050213932991028, 0.6960902214050293, 0.6250063180923462, 0.5492343306541443, 0.5643944144248962, 0.705103874206543, 0.6674894094467163, 0.5279889106750488, 0.593578577041626, 0.6405670046806335, 0.6470234394073486, 0.546172022819519, 0.5335168242454529, 0.6317026615142822, 0.7237231731414795, 0.6073712110519409, 0.5721326470375061, 0.6731055974960327, 0.5641926527023315, 0.5408955812454224, 0.601343035697937, 0.6804739832878113, 0.6786753535270691, 0.6041824817657471, 0.6373050212860107, 0.643789529800415, 0.6104978919029236, 0.7112597227096558, 0.6954113245010376], "MSE": [0.004669742658734322, 0.027097396552562714, 0.03281258046627045, 0.04059164226055145, 0.025773581117391586, 0.029528236016631126, 0.04041986167430878, 0.04816810414195061, 0.03106757067143917, 0.050013285130262375, 0.057821229100227356, 0.04763055965304375, 0.03893706575036049, 0.029057949781417847, 0.043318282812833786, 0.05250217765569687, 0.04457386955618858, 0.04402415081858635, 0.05699867010116577, 0.0566563680768013, 0.030026361346244812, 0.03928074613213539, 0.05289657041430473, 0.049601517617702484, 0.041832249611616135, 0.04887602850794792, 0.05391703173518181, 0.04037804901599884, 0.04192350432276726, 0.037237703800201416, 0.05124175548553467, 0.051715534180402756, 0.03847702965140343, 0.041128553450107574, 0.049304693937301636, 0.04194413870573044, 0.03363967686891556, 0.04902616888284683, 0.04840660095214844, 0.03902369365096092, 0.02925550937652588, 0.04645758867263794, 0.050217144191265106, 0.04567733034491539, 0.03462585061788559, 0.036603789776563644, 0.025095034390687943, 0.032069869339466095], "LPIPS": [0.10829456895589828, 0.268709659576416, 0.2831973731517792, 0.31769105792045593, 0.26457124948501587, 0.24486267566680908, 0.2924805283546448, 0.3139006495475769, 0.2917015850543976, 0.3549029231071472, 0.38622918725013733, 0.3506098985671997, 0.33718812465667725, 0.2982668876647949, 0.3252089023590088, 0.3501211404800415, 0.31609046459198, 0.30732351541519165, 0.36988967657089233, 0.40345442295074463, 0.348268061876297, 0.32381540536880493, 0.38811200857162476, 0.3578398823738098, 0.3631010055541992, 0.3133304715156555, 0.3862057328224182, 0.34187448024749756, 0.3015158772468567, 0.3160867691040039, 0.38066959381103516, 0.3764333128929138, 0.30564770102500916, 0.29735031723976135, 0.3269540071487427, 0.3341955542564392, 0.30166900157928467, 0.3387298882007599, 0.38300514221191406, 0.33097678422927856, 0.2699757218360901, 0.32212257385253906, 0.3105069696903229, 0.28140315413475037, 0.26646995544433594, 0.28765368461608887, 0.25037333369255066, 0.228235125541687]}