{"PSNR": [24.096803665161133, 17.738664150238037, 15.408080816268921, 16.14647626876831, 19.62113618850708, 18.116918802261353, 16.77103042602539, 17.735241651535034, 15.408347845077515, 14.191312789916992, 14.994481801986694, 16.98705554008484, 18.394070863723755, 17.31240749359131, 15.930933952331543, 15.21322250366211, 15.411064624786377, 14.533360004425049, 14.416064023971558, 14.821527004241943, 17.708804607391357, 15.984193086624146, 14.95321273803711, 14.735853672027588, 16.103745698928833, 14.619201421737671, 13.993817567825317, 16.239932775497437, 16.942447423934937, 15.556914806365967, 15.56613564491272, 14.55318808555603, 15.093079805374146, 16.39672040939331, 14.224534034729004, 14.589934349060059, 16.05577826499939, 15.669817924499512, 15.291435718536377, 15.363571643829346, 16.60061240196228, 15.504152774810791, 14.972877502441406, 16.22217297554016, 17.025965452194214, 16.269707679748535, 17.447726726531982, 16.458899974822998], "SSIM": [0.9156455993652344, 0.7619233131408691, 0.6422191858291626, 0.6408202648162842, 0.775112509727478, 0.7343921661376953, 0.702267050743103, 0.7643367052078247, 0.6649195551872253, 0.5384096503257751, 0.5752007961273193, 0.6849579811096191, 0.7480624914169312, 0.7099983096122742, 0.6403941512107849, 0.6398292779922485, 0.704641580581665, 0.5803686380386353, 0.556663453578949, 0.5632557272911072, 0.7086747884750366, 0.646764874458313, 0.6092786192893982, 0.6362241506576538, 0.7080506086349487, 0.5847715139389038, 0.5558549165725708, 0.6761592626571655, 0.7062623500823975, 0.6171262264251709, 0.6363642811775208, 0.6043009161949158, 0.7027109861373901, 0.7150484919548035, 0.5918766856193542, 0.6113762259483337, 0.6609890460968018, 0.623516321182251, 0.6360829472541809, 0.6869058609008789, 0.7557978630065918, 0.7083417177200317, 0.6822449564933777, 0.7263085246086121, 0.6930637359619141, 0.6898360252380371, 0.7955502271652222, 0.7481812238693237], "MSE": [0.0038933176547288895, 0.01683191955089569, 0.028786709532141685, 0.024285797029733658, 0.010911550372838974, 0.015427950769662857, 0.021032795310020447, 0.016845189034938812, 0.02878493443131447, 0.03809507191181183, 0.03166298568248749, 0.020012184977531433, 0.014474148862063885, 0.018567752093076706, 0.025521529838442802, 0.030107717961072922, 0.0287669338285923, 0.035209834575653076, 0.03617376089096069, 0.03294938802719116, 0.016948042437434196, 0.025210458785295486, 0.03196530044078827, 0.03360582888126373, 0.024525925517082214, 0.034520722925662994, 0.03986743092536926, 0.023768775165081024, 0.020218798890709877, 0.02781689167022705, 0.027757888659834862, 0.035049453377723694, 0.03095223568379879, 0.022925984114408493, 0.03780476376414299, 0.03475413843989372, 0.02479831501841545, 0.027103055268526077, 0.029570352286100388, 0.029083251953125, 0.021874532103538513, 0.02815689705312252, 0.03182089328765869, 0.023866167291998863, 0.01983369141817093, 0.023606372997164726, 0.01799812912940979, 0.022600088268518448], "LPIPS": [0.14200837910175323, 0.23916149139404297, 0.32773324847221375, 0.33427828550338745, 0.2674294412136078, 0.28911513090133667, 0.30841347575187683, 0.2693162262439728, 0.3357354998588562, 0.42074957489967346, 0.4066183269023895, 0.31559300422668457, 0.26282864809036255, 0.3113022446632385, 0.3539435863494873, 0.3659241497516632, 0.266649067401886, 0.40084895491600037, 0.4002014994621277, 0.3898945450782776, 0.30362656712532043, 0.34617024660110474, 0.3911043405532837, 0.34379875659942627, 0.33103299140930176, 0.4064997136592865, 0.40192779898643494, 0.33972638845443726, 0.3102134168148041, 0.3489934504032135, 0.36984553933143616, 0.4120050370693207, 0.33042728900909424, 0.341372549533844, 0.39815041422843933, 0.35851752758026123, 0.29397857189178467, 0.34820276498794556, 0.3478735089302063, 0.3064769506454468, 0.24706263840198517, 0.3078497052192688, 0.30853039026260376, 0.2582545876502991, 0.29799938201904297, 0.3118114471435547, 0.25475746393203735, 0.26482564210891724]}