{"PSNR": [22.38572597503662, 16.33287787437439, 15.138843059539795, 16.55434012413025, 17.65925884246826, 16.580275297164917, 16.261178255081177, 15.211328268051147, 13.371762037277222, 12.9771089553833, 14.59963083267212, 17.290151119232178, 16.97718858718872, 15.487487316131592, 14.837712049484253, 15.968950986862183, 13.91298532485962, 13.04345965385437, 12.73653507232666, 15.10794997215271, 15.52454948425293, 14.475541114807129, 14.172046184539795, 14.927138090133667, 13.62134337425232, 12.918301820755005, 13.101615905761719, 16.361056566238403, 16.938438415527344, 14.457864761352539, 13.950923681259155, 15.066438913345337, 15.721806287765503, 13.948851823806763, 13.090651035308838, 14.79089617729187, 15.858994722366333, 14.478856325149536, 14.504693746566772, 15.356035232543945, 15.534919500350952, 14.181575775146484, 14.63858962059021, 15.883429050445557, 15.925852060317993, 15.208497047424316, 15.684350728988647, 16.049418449401855], "SSIM": [0.8938808441162109, 0.721934974193573, 0.7066468596458435, 0.7367627024650574, 0.7374758720397949, 0.7058588862419128, 0.7207586169242859, 0.7145460844039917, 0.6161689162254333, 0.5770339965820312, 0.6348373293876648, 0.7258352041244507, 0.7027251720428467, 0.6390684247016907, 0.6246887445449829, 0.7146307826042175, 0.6431381702423096, 0.5742076635360718, 0.5526155233383179, 0.6499732136726379, 0.6265241503715515, 0.588032603263855, 0.6321182250976562, 0.7337027788162231, 0.5784518718719482, 0.5433979034423828, 0.5597507953643799, 0.7117438316345215, 0.7023119926452637, 0.5894178152084351, 0.6038135886192322, 0.7284154295921326, 0.6955730319023132, 0.6057480573654175, 0.541414737701416, 0.6162793040275574, 0.650538444519043, 0.6043193340301514, 0.6859301328659058, 0.7413038015365601, 0.6574327945709229, 0.6184558272361755, 0.625856876373291, 0.7215499877929688, 0.6948550939559937, 0.7449828386306763, 0.6825684309005737, 0.7046356201171875], "MSE": [0.0057733445428311825, 0.023265492171049118, 0.03062780201435089, 0.022108841687440872, 0.01714249700307846, 0.02197720669209957, 0.023652782663702965, 0.0301208458840847, 0.04600698873400688, 0.05038359761238098, 0.03467663377523422, 0.018663151189684868, 0.02005770429968834, 0.028265153989195824, 0.03282681852579117, 0.02529909461736679, 0.04061640053987503, 0.04961969703435898, 0.053253304213285446, 0.030846435576677322, 0.028024962171912193, 0.035681724548339844, 0.038264449685811996, 0.03215779364109039, 0.04343758150935173, 0.051070474088191986, 0.04895967245101929, 0.023115023970603943, 0.020237471908330917, 0.03582725673913956, 0.040263138711452484, 0.031142687425017357, 0.026780549436807632, 0.04028235375881195, 0.04908342286944389, 0.03318260237574577, 0.025947805494070053, 0.03565450757741928, 0.035443015396595, 0.029133757576346397, 0.027958128601312637, 0.03818056732416153, 0.034366950392723083, 0.02580222487449646, 0.025551404803991318, 0.030140485614538193, 0.027012508362531662, 0.024834655225276947], "LPIPS": [0.13650090992450714, 0.23395465314388275, 0.2975994348526001, 0.23524415493011475, 0.23596270382404327, 0.2773657441139221, 0.27327215671539307, 0.2949191927909851, 0.33854296803474426, 0.38954001665115356, 0.32620400190353394, 0.25649240612983704, 0.28097450733184814, 0.33237940073013306, 0.3230383098125458, 0.2761783003807068, 0.3185095191001892, 0.38131001591682434, 0.40841466188430786, 0.3428137004375458, 0.3431159555912018, 0.36951547861099243, 0.3751147985458374, 0.2904741168022156, 0.3696591258049011, 0.43036746978759766, 0.4091320335865021, 0.29681724309921265, 0.28690361976623535, 0.3529893159866333, 0.38356447219848633, 0.33255597949028015, 0.31572607159614563, 0.36994627118110657, 0.3702342212200165, 0.33714914321899414, 0.2907480299472809, 0.3453610837459564, 0.31488704681396484, 0.2730518579483032, 0.3015018701553345, 0.33649733662605286, 0.2946929931640625, 0.29098236560821533, 0.27319103479385376, 0.3171680271625519, 0.29462236166000366, 0.2797958552837372]}