{"PSNR": [23.097023963928223, 17.17523217201233, 15.828646421432495, 14.566457271575928, 18.163621425628662, 14.97463583946228, 14.158546924591064, 14.948757886886597, 16.127338409423828, 13.537852764129639, 12.770345211029053, 13.884587287902832, 15.656518936157227, 15.277694463729858, 13.276900053024292, 13.27582597732544, 15.677661895751953, 14.728498458862305, 12.018935680389404, 12.487343549728394, 17.84764051437378, 13.367389440536499, 12.639129161834717, 13.459792137145996, 16.84134840965271, 12.431222200393677, 11.854081153869629, 13.687881231307983, 18.83650302886963, 14.487282037734985, 12.83117413520813, 12.910152673721313, 15.595928430557251, 15.08799433708191, 12.07107424736023, 12.889553308486938, 17.272255420684814, 13.82944941520691, 13.209508657455444, 14.402328729629517, 19.51277494430542, 13.948512077331543, 13.263776302337646, 16.482951641082764, 16.500242948532104, 15.19789457321167, 19.714279174804688, 17.477355003356934], "SSIM": [0.9237979650497437, 0.8146635293960571, 0.7783624529838562, 0.710979163646698, 0.8565782308578491, 0.7005901336669922, 0.6788969039916992, 0.749489963054657, 0.8155443072319031, 0.6519343256950378, 0.616608738899231, 0.6763794422149658, 0.7670401930809021, 0.7238367795944214, 0.6236609816551208, 0.6438683271408081, 0.7832075953483582, 0.7075308561325073, 0.5731542110443115, 0.6028616428375244, 0.8245214223861694, 0.6325209140777588, 0.582580029964447, 0.6572633981704712, 0.8414732813835144, 0.599760890007019, 0.5631529688835144, 0.6731480360031128, 0.8505780696868896, 0.7009919881820679, 0.5854935050010681, 0.6019385457038879, 0.7401673197746277, 0.7402162551879883, 0.5777557492256165, 0.621503472328186, 0.7890679240226746, 0.6494413614273071, 0.6018152832984924, 0.6710686683654785, 0.8430267572402954, 0.6787559390068054, 0.6465803384780884, 0.762004017829895, 0.7465347051620483, 0.6838216781616211, 0.8508443236351013, 0.795930802822113], "MSE": [0.004901144187897444, 0.0191635861992836, 0.02612975612282753, 0.03494253009557724, 0.01526293158531189, 0.03180800750851631, 0.038383565843105316, 0.03199810907244682, 0.024393051862716675, 0.04428073763847351, 0.05284033343195915, 0.040882859379053116, 0.02718617580831051, 0.029664060100913048, 0.04702296853065491, 0.047034598886966705, 0.02705414593219757, 0.03366279974579811, 0.06282123178243637, 0.05639825388789177, 0.016414813697338104, 0.046053335070610046, 0.05446118861436844, 0.04508383199572563, 0.02069498971104622, 0.05713178962469101, 0.06525172293186188, 0.042777158319950104, 0.01307222992181778, 0.03558539226651192, 0.05210539698600769, 0.051166385412216187, 0.02756812423467636, 0.030988506972789764, 0.062071543186903, 0.05140966922044754, 0.018740214407444, 0.041405219584703445, 0.04775834083557129, 0.036288343369960785, 0.011187231168150902, 0.04028550535440445, 0.04716527462005615, 0.022475268691778183, 0.022385966032743454, 0.030214160680770874, 0.010680018924176693, 0.017875757068395615], "LPIPS": [0.12752193212509155, 0.26927971839904785, 0.25121670961380005, 0.3137158155441284, 0.16481171548366547, 0.31404849886894226, 0.35583043098449707, 0.31210386753082275, 0.24318364262580872, 0.351755827665329, 0.4085652232170105, 0.3420572280883789, 0.2996774911880493, 0.30307385325431824, 0.3780171573162079, 0.3780350685119629, 0.27230215072631836, 0.2967391610145569, 0.410286009311676, 0.4123430550098419, 0.22721199691295624, 0.3769066333770752, 0.40572279691696167, 0.3649047017097473, 0.22368672490119934, 0.39305952191352844, 0.4384176731109619, 0.3616420030593872, 0.24905765056610107, 0.34221452474594116, 0.41669440269470215, 0.376449316740036, 0.27627474069595337, 0.2746977210044861, 0.4017159044742584, 0.397678017616272, 0.2728046774864197, 0.3467708230018616, 0.37316015362739563, 0.3236026465892792, 0.21532383561134338, 0.3394126892089844, 0.3707095980644226, 0.28395095467567444, 0.2781386375427246, 0.29924964904785156, 0.2092217355966568, 0.24773308634757996]}