{"PSNR": [22.68265962600708, 15.942379236221313, 14.420837163925171, 15.51267385482788, 17.519198656082153, 16.37277603149414, 14.606441259384155, 13.699759244918823, 13.125115633010864, 12.284754514694214, 12.65311598777771, 15.146015882492065, 15.125175714492798, 15.694969892501831, 13.575466871261597, 12.775939702987671, 13.104172945022583, 12.628895044326782, 12.665473222732544, 13.131458759307861, 13.629664182662964, 14.419698715209961, 12.235337495803833, 12.289986610412598, 12.879500389099121, 13.48020076751709, 13.20910096168518, 13.70151162147522, 12.715003490447998, 12.934250831604004, 12.366852760314941, 11.55078649520874, 12.807457447052002, 14.797405004501343, 13.225069046020508, 14.092702865600586, 12.771315574645996, 12.575796842575073, 12.004153728485107, 12.368738651275635, 15.447914600372314, 15.240479707717896, 14.164648056030273, 14.03770923614502, 14.505642652511597, 14.350084066390991, 15.661977529525757, 14.82600450515747], "SSIM": [0.8823210000991821, 0.6406249403953552, 0.607818603515625, 0.6165916919708252, 0.6756726503372192, 0.6470571756362915, 0.5890403985977173, 0.5481778979301453, 0.5658497214317322, 0.5572965145111084, 0.5424417853355408, 0.6274290084838867, 0.6088072061538696, 0.6316044926643372, 0.5695395469665527, 0.5293557643890381, 0.5657815933227539, 0.5504568815231323, 0.5140877366065979, 0.5627331137657166, 0.5781416893005371, 0.620856761932373, 0.5508833527565002, 0.5358829498291016, 0.559261679649353, 0.544090211391449, 0.5322668552398682, 0.5497254133224487, 0.5438477396965027, 0.5789105892181396, 0.5507141351699829, 0.5552434921264648, 0.5610735416412354, 0.6226245164871216, 0.5316126346588135, 0.547704815864563, 0.5869415998458862, 0.6112748980522156, 0.6109646558761597, 0.5753121376037598, 0.643367350101471, 0.6474778652191162, 0.5643560886383057, 0.567588746547699, 0.6457280516624451, 0.6342658400535583, 0.6796343326568604, 0.6332004070281982], "MSE": [0.005391804035753012, 0.025454357266426086, 0.036134023219347, 0.02810170315206051, 0.017704352736473083, 0.02305273339152336, 0.03462229296565056, 0.042660318315029144, 0.048695456236600876, 0.059091441333293915, 0.054286062717437744, 0.03057725355029106, 0.030724329873919487, 0.026946544647216797, 0.043898873031139374, 0.052772313356399536, 0.04893083870410919, 0.05458966642618179, 0.05413183197379112, 0.04862438887357712, 0.04335445165634155, 0.036143504083156586, 0.05976765602827072, 0.05902029201388359, 0.05152878910303116, 0.0448724702000618, 0.04776281863451004, 0.04264311119914055, 0.05351797863841057, 0.05088327080011368, 0.05798487365245819, 0.06997153162956238, 0.05239070579409599, 0.03313291072845459, 0.047587521374225616, 0.03896994888782501, 0.05282852053642273, 0.05526120588183403, 0.06303542107343674, 0.05795970559120178, 0.028523875400424004, 0.029919346794486046, 0.03832968324422836, 0.03946654126048088, 0.0354352742433548, 0.036727529019117355, 0.027152027934789658, 0.03291543573141098], "LPIPS": [0.11954391747713089, 0.31709906458854675, 0.3678056001663208, 0.31531429290771484, 0.26390624046325684, 0.2790262699127197, 0.35018694400787354, 0.3592209815979004, 0.4113636016845703, 0.478390634059906, 0.4281591773033142, 0.29808321595191956, 0.3191874027252197, 0.3099404573440552, 0.3588981330394745, 0.3769380748271942, 0.37186408042907715, 0.36575382947921753, 0.4259490966796875, 0.364352822303772, 0.35107100009918213, 0.3139619827270508, 0.37396958470344543, 0.3548095226287842, 0.34323495626449585, 0.3688490092754364, 0.3717239499092102, 0.37899109721183777, 0.3645396828651428, 0.3721427619457245, 0.36874914169311523, 0.37950414419174194, 0.36507469415664673, 0.3017311990261078, 0.38597190380096436, 0.3624667525291443, 0.37018758058547974, 0.4186689555644989, 0.4137853980064392, 0.3586577773094177, 0.31645476818084717, 0.315582275390625, 0.3580757975578308, 0.34865424036979675, 0.337546706199646, 0.3607151508331299, 0.28615278005599976, 0.3352454602718353]}