{"PSNR": [20.428411960601807, 14.35294508934021, 14.538742303848267, 15.421394109725952, 15.673073530197144, 17.425601482391357, 13.113435506820679, 13.292791843414307, 14.250658750534058, 15.017526149749756, 13.490477800369263, 14.120490550994873, 14.193658828735352, 16.039044857025146, 14.283320903778076, 12.535589933395386, 13.390941619873047, 15.70664644241333, 12.990827560424805, 13.376878499984741, 14.773601293563843, 16.413222551345825, 12.90189266204834, 13.602238893508911, 14.42042589187622, 14.524364471435547, 12.9934561252594, 13.82610559463501, 13.643666505813599, 16.18778347969055, 14.72856879234314, 13.19196105003357, 14.60500717163086, 15.894664525985718, 13.353042602539062, 14.587117433547974, 14.508392810821533, 15.560609102249146, 14.213709831237793, 14.227452278137207, 15.939538478851318, 15.560692548751831, 13.391242027282715, 13.61135482788086, 15.362241268157959, 15.536408424377441, 17.23931312561035, 14.517269134521484], "SSIM": [0.8680814504623413, 0.7105857729911804, 0.7111040949821472, 0.755842924118042, 0.6837749481201172, 0.8001639246940613, 0.6443912982940674, 0.6168082356452942, 0.6477939486503601, 0.715999960899353, 0.6631497740745544, 0.6359831690788269, 0.5970996618270874, 0.6843409538269043, 0.705399751663208, 0.5636943578720093, 0.5890340805053711, 0.6819238066673279, 0.6718193888664246, 0.5922117233276367, 0.6029160618782043, 0.7187501192092896, 0.6053941249847412, 0.6000080108642578, 0.6211388111114502, 0.6802122592926025, 0.6210938692092896, 0.5943817496299744, 0.5641213655471802, 0.6566161513328552, 0.7144173383712769, 0.6161561012268066, 0.6309913992881775, 0.6797935366630554, 0.6896347999572754, 0.6226660013198853, 0.6241432428359985, 0.6998359560966492, 0.7073572874069214, 0.6474854350090027, 0.6800476312637329, 0.6944748163223267, 0.7091745734214783, 0.5941799879074097, 0.7071990966796875, 0.7359979152679443, 0.739105224609375, 0.7119676470756531], "MSE": [0.009060639888048172, 0.036703336983919144, 0.03516622632741928, 0.028698597103357315, 0.027082746848464012, 0.018090056255459785, 0.04882659763097763, 0.04685121029615402, 0.0375780388712883, 0.03149541839957237, 0.04476640373468399, 0.038721390068531036, 0.038074493408203125, 0.024894051253795624, 0.037296488881111145, 0.05577518790960312, 0.04580426216125488, 0.026874195784330368, 0.05022468417882919, 0.04595281928777695, 0.03331500291824341, 0.02283903956413269, 0.05126379057765007, 0.04362909123301506, 0.03613744676113129, 0.03528284281492233, 0.050194304436445236, 0.041437119245529175, 0.04321488365530968, 0.024055905640125275, 0.03366225212812424, 0.04795169085264206, 0.034633733332157135, 0.025735557079315186, 0.04620572179555893, 0.03477669879794121, 0.03541283681988716, 0.027793239802122116, 0.03789910674095154, 0.03777937591075897, 0.02547101490199566, 0.027792703360319138, 0.045801084488630295, 0.043537601828575134, 0.029092153534293175, 0.027948543429374695, 0.018882904201745987, 0.035340532660484314], "LPIPS": [0.15009260177612305, 0.29355889558792114, 0.30490878224372864, 0.2773054242134094, 0.3137314021587372, 0.18627873063087463, 0.33750075101852417, 0.37199246883392334, 0.3541516661643982, 0.2932681143283844, 0.3197323977947235, 0.369168758392334, 0.42371994256973267, 0.3273264765739441, 0.27762919664382935, 0.3941209018230438, 0.397967129945755, 0.2912594974040985, 0.3408522307872772, 0.3568383455276489, 0.4001077115535736, 0.31132471561431885, 0.3621551990509033, 0.3972543179988861, 0.34385398030281067, 0.26649409532546997, 0.3212200701236725, 0.4091315269470215, 0.4090537428855896, 0.3431968092918396, 0.2723841667175293, 0.36488255858421326, 0.37553882598876953, 0.30835285782814026, 0.28257226943969727, 0.34035930037498474, 0.38357609510421753, 0.31560999155044556, 0.31567734479904175, 0.37063783407211304, 0.2851443290710449, 0.25490033626556396, 0.26720333099365234, 0.3582639694213867, 0.3054514527320862, 0.3066244423389435, 0.25464800000190735, 0.322956383228302]}