{
    "PSNR": [
        22.483937740325928,
        17.180826663970947,
        19.00597333908081,
        16.328749656677246,
        19.227726459503174,
        16.757235527038574,
        15.476922988891602,
        15.802122354507446,
        16.976265907287598,
        15.781755447387695,
        14.850184917449951,
        14.587328433990479,
        15.148236751556396,
        16.16484761238098,
        14.338288307189941,
        14.249752759933472,
        15.66060185432434,
        14.528862237930298,
        13.603215217590332,
        13.236024379730225,
        15.438741445541382,
        13.75747561454773,
        13.163914680480957,
        14.187195301055908,
        14.52156662940979,
        13.46440076828003,
        12.284995317459106,
        13.740237951278687,
        15.217009782791138,
        14.652081727981567,
        12.613189220428467,
        13.170000314712524,
        16.005773544311523,
        14.469442367553711,
        12.617979049682617,
        12.641021013259888,
        16.905124187469482,
        13.28456163406372,
        13.053621053695679,
        15.84824800491333,
        16.081620454788208,
        14.019649028778076,
        12.917476892471313,
        14.06928300857544,
        16.192094087600708,
        15.203028917312622,
        16.06781840324402,
        14.492594003677368
    ],
    "SSIM": [
        0.8741998672485352,
        0.7139484882354736,
        0.7602238655090332,
        0.7064225077629089,
        0.7918704748153687,
        0.7178912162780762,
        0.6315645575523376,
        0.6552700996398926,
        0.7112221717834473,
        0.6627018451690674,
        0.6498613357543945,
        0.6725603938102722,
        0.7061650156974792,
        0.7048138380050659,
        0.6252638101577759,
        0.5962375402450562,
        0.6815543174743652,
        0.6507445573806763,
        0.6014156341552734,
        0.5909899473190308,
        0.7352944612503052,
        0.6429915428161621,
        0.5815213322639465,
        0.6297594308853149,
        0.6949396133422852,
        0.6216922998428345,
        0.5432984232902527,
        0.6221604943275452,
        0.696302592754364,
        0.7192332744598389,
        0.5811452865600586,
        0.6061688661575317,
        0.734104573726654,
        0.6648619174957275,
        0.5878461599349976,
        0.5549008846282959,
        0.7855936884880066,
        0.6687869429588318,
        0.6139240860939026,
        0.7362350225448608,
        0.7550133466720581,
        0.6726261973381042,
        0.5973145365715027,
        0.6349596977233887,
        0.8001058101654053,
        0.7394832372665405,
        0.7532528638839722,
        0.6883515119552612
    ],
    "MSE": [
        0.005644249729812145,
        0.019138917326927185,
        0.012571952305734158,
        0.02328762412071228,
        0.01194613054394722,
        0.021099712699651718,
        0.02833399549126625,
        0.02628982625901699,
        0.02006196603178978,
        0.026413410902023315,
        0.03273267671465874,
        0.03477500379085541,
        0.030561616644263268,
        0.024183284491300583,
        0.036827411502599716,
        0.03758588060736656,
        0.027160629630088806,
        0.03524632006883621,
        0.04361927509307861,
        0.04746764153242111,
        0.02858418971300125,
        0.042097121477127075,
        0.04826235771179199,
        0.03813119977712631,
        0.035305581986904144,
        0.045036014169454575,
        0.05908816307783127,
        0.04226454347372055,
        0.03008147142827511,
        0.03426035866141319,
        0.05478745326399803,
        0.048194777220487595,
        0.02508549392223358,
        0.03573187440633774,
        0.054727062582969666,
        0.054437458515167236,
        0.020393304526805878,
        0.04694008827209473,
        0.049503736197948456,
        0.026012083515524864,
        0.02465119957923889,
        0.039631009101867676,
        0.05108015984296799,
        0.03918066248297691,
        0.02403203956782818,
        0.030178464949131012,
        0.024729659780859947,
        0.035541895776987076
    ],
    "LPIPS": [
        0.14245276153087616,
        0.28678178787231445,
        0.24818319082260132,
        0.2609768807888031,
        0.20097985863685608,
        0.28425976634025574,
        0.33086782693862915,
        0.33103713393211365,
        0.2950390875339508,
        0.31150519847869873,
        0.30757594108581543,
        0.3132994472980499,
        0.295612096786499,
        0.2681021988391876,
        0.3676878809928894,
        0.3903290331363678,
        0.3061690330505371,
        0.36406058073043823,
        0.36851465702056885,
        0.3356843590736389,
        0.2761771082878113,
        0.3463754653930664,
        0.39087581634521484,
        0.34404754638671875,
        0.3285122513771057,
        0.3644546866416931,
        0.41220301389694214,
        0.33899807929992676,
        0.3197946548461914,
        0.308444082736969,
        0.3912486135959625,
        0.36236268281936646,
        0.26899170875549316,
        0.29670149087905884,
        0.39651593565940857,
        0.38895300030708313,
        0.2598985433578491,
        0.30882665514945984,
        0.3417501151561737,
        0.29172617197036743,
        0.21153517067432404,
        0.31622225046157837,
        0.38190028071403503,
        0.35337507724761963,
        0.23970219492912292,
        0.25291770696640015,
        0.2506680488586426,
        0.3303261697292328
    ],
    "complexity": {
        "normal_roughness": [
            0.04196350276470184,
            0.045749638229608536,
            0.03645899146795273,
            0.03048768639564514,
            0.03642338514328003,
            0.04720991477370262,
            0.04751100391149521,
            0.04852992668747902,
            0.03992444649338722,
            0.0441608801484108,
            0.04331594333052635,
            0.03999936208128929,
            0.035422973334789276,
            0.040886763483285904,
            0.048323407769203186,
            0.04951203987002373,
            0.044628698378801346,
            0.04506056010723114,
            0.05323103070259094,
            0.04674829542636871,
            0.02869020774960518,
            0.04556506872177124,
            0.04915802180767059,
            0.04890332370996475,
            0.037411220371723175,
            0.05371858552098274,
            0.0469902902841568,
            0.04396096244454384,
            0.036764636635780334,
            0.035657621920108795,
            0.04669763892889023,
            0.045996762812137604,
            0.040648203343153,
            0.052292000502347946,
            0.04994477331638336,
            0.04529818892478943,
            0.035853978246450424,
            0.03869800642132759,
            0.042867712676525116,
            0.039486952126026154,
            0.0428398922085762,
            0.0515744611620903,
            0.04723011329770088,
            0.04580290988087654,
            0.0354171022772789,
            0.03132781386375427,
            0.04518284648656845,
            0.046084608882665634
        ],