{"PSNR": [21.14591360092163, 14.858689308166504, 13.344249725341797, 15.60064435005188, 12.246527671813965, 16.426539421081543, 16.080743074417114, 12.950711250305176, 12.718619108200073, 12.56832242012024, 13.92764687538147, 12.869342565536499, 11.44030213356018, 11.378262042999268, 16.90284252166748, 13.456319570541382, 12.341009378433228, 13.372436761856079, 12.802040576934814, 14.28470492362976, 10.666002035140991, 12.428553104400635, 14.844478368759155, 12.46166467666626, 12.99647569656372, 12.783628702163696, 14.20799970626831, 12.042227983474731, 11.507328748703003, 11.107982397079468, 14.997115135192871, 13.592276573181152, 12.513830661773682, 12.921009063720703, 13.876265287399292, 13.641163110733032, 12.07718014717102, 13.220593929290771, 15.64008355140686, 13.622721433639526, 13.714431524276733, 14.51012134552002, 14.783775806427002, 12.607980966567993, 13.623783588409424, 15.817258358001709, 16.24136447906494, 14.25852656364441], "SSIM": [0.8819054365158081, 0.6237759590148926, 0.5963748693466187, 0.7588950991630554, 0.64829421043396, 0.7636313438415527, 0.6695443987846375, 0.5185744762420654, 0.5339055061340332, 0.5750368237495422, 0.6864497065544128, 0.655908465385437, 0.5701038241386414, 0.5917266607284546, 0.7378824949264526, 0.5614224076271057, 0.5076239109039307, 0.5809178352355957, 0.6534290313720703, 0.6686315536499023, 0.49974387884140015, 0.6036209464073181, 0.6648253202438354, 0.5300279855728149, 0.5591928958892822, 0.6488765478134155, 0.6783279180526733, 0.5568668842315674, 0.51976078748703, 0.4855482578277588, 0.7216777205467224, 0.6303435564041138, 0.5610357522964478, 0.6412875652313232, 0.6691241264343262, 0.6120119094848633, 0.5255709886550903, 0.5978356599807739, 0.7359764575958252, 0.6468755602836609, 0.660834789276123, 0.68878173828125, 0.687057375907898, 0.5409604907035828, 0.5900779366493225, 0.7355336546897888, 0.7372239828109741, 0.6344937682151794], "MSE": [0.007680836133658886, 0.032668642699718475, 0.046299368143081665, 0.027538202702999115, 0.05961386486887932, 0.022769112139940262, 0.024656180292367935, 0.05069077014923096, 0.053473442792892456, 0.05535639077425003, 0.04047951474785805, 0.05164945125579834, 0.0717744529247284, 0.07280711829662323, 0.020404018461704254, 0.04511989280581474, 0.0583309531211853, 0.04599983990192413, 0.0524560920894146, 0.03728460147976875, 0.0857827290892601, 0.05716691538691521, 0.03277571499347687, 0.05673271417617798, 0.05015942454338074, 0.05267896503210068, 0.03794897347688675, 0.062485210597515106, 0.07067520916461945, 0.0774821788072586, 0.03164379298686981, 0.0437292754650116, 0.05605534464120865, 0.05103863775730133, 0.04096127673983574, 0.04323980212211609, 0.0619843415915966, 0.04763658344745636, 0.02728925459086895, 0.043423812836408615, 0.04251643270254135, 0.03539874777197838, 0.033237047493457794, 0.05485319346189499, 0.0434131920337677, 0.0261983685195446, 0.02376094087958336, 0.03751003369688988], "LPIPS": [0.12992079555988312, 0.35646116733551025, 0.36485087871551514, 0.2468571811914444, 0.3405187726020813, 0.2161875069141388, 0.3108963370323181, 0.4337146282196045, 0.40919652581214905, 0.3851943910121918, 0.29958969354629517, 0.3552958369255066, 0.38084977865219116, 0.339542955160141, 0.2619903087615967, 0.3847919702529907, 0.4415796995162964, 0.381909042596817, 0.35941073298454285, 0.3137727677822113, 0.40496882796287537, 0.34174811840057373, 0.3395274877548218, 0.41390281915664673, 0.3916310966014862, 0.3410963714122772, 0.3467848002910614, 0.38873329758644104, 0.40321916341781616, 0.40254926681518555, 0.2877127230167389, 0.3559480905532837, 0.38042503595352173, 0.33912286162376404, 0.34193456172943115, 0.3603528141975403, 0.3943447768688202, 0.3523569703102112, 0.24547068774700165, 0.34424182772636414, 0.3278436064720154, 0.2902633845806122, 0.3394356966018677, 0.40860939025878906, 0.3807763457298279, 0.2925252318382263, 0.2606562376022339, 0.35638242959976196]}