{"PSNR": [22.85989284515381, 16.68197274208069, 13.065273761749268, 14.724419116973877, 16.146950721740723, 16.223299503326416, 17.141083478927612, 14.981725215911865, 12.580839395523071, 11.66843056678772, 12.859965562820435, 16.90148115158081, 14.642701148986816, 14.10597562789917, 14.56583023071289, 15.98568320274353, 13.325115442276001, 11.486866474151611, 11.534744501113892, 13.892450332641602, 12.968207597732544, 13.191750049591064, 14.399245977401733, 15.495191812515259, 13.02797555923462, 11.491351127624512, 12.646995782852173, 14.718937873840332, 13.622293472290039, 12.484344244003296, 13.028942346572876, 14.374481439590454, 14.929262399673462, 12.740641832351685, 12.726106643676758, 14.330248832702637, 12.823187112808228, 12.425141334533691, 13.162132501602173, 14.841947555541992, 16.038784980773926, 14.093656539916992, 15.20924687385559, 15.140519142150879, 13.096638917922974, 13.855890035629272, 16.098411083221436, 15.66952109336853], "SSIM": [0.895612895488739, 0.724739670753479, 0.5906599760055542, 0.6502929925918579, 0.7459462881088257, 0.7309698462486267, 0.7330905199050903, 0.6600365042686462, 0.5703790187835693, 0.5221192836761475, 0.5858101844787598, 0.7349804639816284, 0.7136361002922058, 0.6442131996154785, 0.6308263540267944, 0.7039755582809448, 0.605293869972229, 0.52579665184021, 0.5233685374259949, 0.6645472049713135, 0.5982896089553833, 0.5822598934173584, 0.6245440244674683, 0.7030590772628784, 0.6161133646965027, 0.5226283669471741, 0.620572566986084, 0.7298499941825867, 0.6477535367012024, 0.5704125165939331, 0.5701940059661865, 0.6475614905357361, 0.7162217497825623, 0.6314746141433716, 0.6355968713760376, 0.7408294677734375, 0.5970076322555542, 0.5598242282867432, 0.6009024381637573, 0.7021578550338745, 0.7532342672348022, 0.7038413286209106, 0.7527889609336853, 0.7187378406524658, 0.6126455664634705, 0.6614012718200684, 0.7567824125289917, 0.726721465587616], "MSE": [0.005176197737455368, 0.02146855555474758, 0.049371086061000824, 0.03369442746043205, 0.024283146485686302, 0.023859983310103416, 0.01931486278772354, 0.03175612539052963, 0.05519707128405571, 0.06810154020786285, 0.05176110565662384, 0.020410416647791862, 0.03433443605899811, 0.038851018995046616, 0.03494757041335106, 0.025201808661222458, 0.04650380462408066, 0.07100899517536163, 0.07023047655820847, 0.04080890864133835, 0.0504869669675827, 0.04795403033494949, 0.036314111202955246, 0.02821505069732666, 0.049796923995018005, 0.07093571871519089, 0.05436263233423233, 0.03373698145151138, 0.04342808946967125, 0.05643722414970398, 0.04978583753108978, 0.03652177378535271, 0.03214206546545029, 0.05320296436548233, 0.05338133126497269, 0.03689564764499664, 0.052201300859451294, 0.057211827486753464, 0.04828216880559921, 0.03279481455683708, 0.02489553950726986, 0.038961391896009445, 0.03013528883457184, 0.030615976080298424, 0.04901580139994621, 0.04115390032529831, 0.024556076154112816, 0.027104903012514114], "LPIPS": [0.10130337625741959, 0.2784084677696228, 0.3667905926704407, 0.31964796781539917, 0.24181678891181946, 0.23457901179790497, 0.21946382522583008, 0.34214264154434204, 0.4007096290588379, 0.4417957663536072, 0.3611091077327728, 0.2611529529094696, 0.2801329791545868, 0.3218492865562439, 0.343869149684906, 0.25473299622535706, 0.353828102350235, 0.411287784576416, 0.42732298374176025, 0.3283142149448395, 0.33608803153038025, 0.3763383626937866, 0.3398515582084656, 0.3303317427635193, 0.3281148672103882, 0.4171317517757416, 0.3737070560455322, 0.28256955742836, 0.3328203856945038, 0.39820146560668945, 0.4003554880619049, 0.3356344401836395, 0.2637989819049835, 0.34153592586517334, 0.3335495591163635, 0.28706422448158264, 0.37457266449928284, 0.4121818542480469, 0.38146692514419556, 0.3161466717720032, 0.2501729130744934, 0.2717083990573883, 0.2795884609222412, 0.305696576833725, 0.3691841959953308, 0.3357331156730652, 0.2472153753042221, 0.29483914375305176]}