{"PSNR": [21.402220726013184, 15.518100261688232, 14.954500198364258, 13.61703634262085, 17.380311489105225, 14.872325658798218, 13.682607412338257, 14.17721152305603, 14.745540618896484, 12.968326807022095, 11.556177139282227, 12.098778486251831, 12.516227960586548, 15.006107091903687, 13.069837093353271, 13.313106298446655, 15.848026275634766, 13.429527282714844, 12.319351434707642, 11.518535614013672, 15.129380226135254, 13.306379318237305, 12.387056350708008, 14.13698673248291, 15.20004153251648, 13.57024073600769, 12.169373035430908, 11.928088665008545, 13.729212284088135, 14.25372838973999, 12.311439514160156, 13.413851261138916, 15.670328140258789, 15.514432191848755, 13.959630727767944, 13.159416913986206, 16.565613746643066, 13.060775995254517, 12.79248833656311, 14.684598445892334, 16.9386088848114, 16.797919273376465, 15.553556680679321, 15.476822853088379, 16.617729663848877, 14.553570747375488, 17.757035493850708, 17.26429581642151], "SSIM": [0.8756284117698669, 0.6897333860397339, 0.6611828207969666, 0.6365399360656738, 0.7331128120422363, 0.6423851847648621, 0.6047441959381104, 0.629814863204956, 0.6731001734733582, 0.6484248638153076, 0.589769721031189, 0.6228414177894592, 0.6216639280319214, 0.6452456712722778, 0.5654692053794861, 0.5801253318786621, 0.7124588489532471, 0.6161342859268188, 0.5722827315330505, 0.5632535219192505, 0.7029250860214233, 0.5481761693954468, 0.5246617197990417, 0.6313297748565674, 0.667209804058075, 0.6086423397064209, 0.5492603778839111, 0.5661070346832275, 0.6212083697319031, 0.6440476179122925, 0.5131890773773193, 0.5854002237319946, 0.6888748407363892, 0.6831226348876953, 0.6122444868087769, 0.5869534015655518, 0.7268568873405457, 0.6180105209350586, 0.5956040620803833, 0.6664214134216309, 0.7374018430709839, 0.7254206538200378, 0.6697296500205994, 0.6685606837272644, 0.7145284414291382, 0.6352937817573547, 0.7481643557548523, 0.7073529958724976], "MSE": [0.007240655831992626, 0.028066612780094147, 0.03195582330226898, 0.04348069056868553, 0.01827969402074814, 0.03256623074412346, 0.042829133570194244, 0.03821895644068718, 0.033530961722135544, 0.050485581159591675, 0.06988473981618881, 0.06167684495449066, 0.05602439492940903, 0.031578343361616135, 0.049319230020046234, 0.04663257300853729, 0.026013417169451714, 0.04539911448955536, 0.0586225800216198, 0.07049308717250824, 0.030694609507918358, 0.04670486971735954, 0.057715751230716705, 0.03857459872961044, 0.030199235305190086, 0.04395173117518425, 0.060682397335767746, 0.06414917856454849, 0.04237198829650879, 0.03755149245262146, 0.058729469776153564, 0.04556327685713768, 0.027099868282675743, 0.028090324252843857, 0.04018250107765198, 0.048312366008758545, 0.022051524370908737, 0.0494222454726696, 0.052571602165699005, 0.03400479257106781, 0.020236674696207047, 0.020902976393699646, 0.027838407084345818, 0.028334643691778183, 0.02178848534822464, 0.03504636138677597, 0.016760865226387978, 0.018774591386318207], "LPIPS": [0.173823744058609, 0.2842634916305542, 0.2850269675254822, 0.3080452084541321, 0.2620644271373749, 0.3005300760269165, 0.344852089881897, 0.35688504576683044, 0.3063143491744995, 0.37509989738464355, 0.4486892819404602, 0.3341977596282959, 0.3839235007762909, 0.28236913681030273, 0.39701882004737854, 0.3979656398296356, 0.31449636816978455, 0.38281720876693726, 0.40364235639572144, 0.40535831451416016, 0.27233439683914185, 0.3778882622718811, 0.43458133935928345, 0.31307128071784973, 0.3020409643650055, 0.40459874272346497, 0.42661356925964355, 0.34133094549179077, 0.31978046894073486, 0.3369342088699341, 0.422146201133728, 0.374095618724823, 0.2503063678741455, 0.30355697870254517, 0.36041688919067383, 0.393183171749115, 0.26710596680641174, 0.37383681535720825, 0.4274245500564575, 0.2883986234664917, 0.26109617948532104, 0.2548119127750397, 0.31379854679107666, 0.3342360854148865, 0.2698366343975067, 0.3114083409309387, 0.21459944546222687, 0.2756507396697998]}