{"PSNR": [22.533085346221924, 15.244604349136353, 13.395755290985107, 13.723083734512329, 16.172651052474976, 14.25966501235962, 12.739146947860718, 12.550227642059326, 12.20555067062378, 11.046563386917114, 11.752374172210693, 14.111864566802979, 14.260910749435425, 13.121293783187866, 11.921138763427734, 10.992814302444458, 11.158748865127563, 10.5457603931427, 10.436228513717651, 11.871813535690308, 12.977384328842163, 11.861567497253418, 10.548750162124634, 10.30984878540039, 11.529854536056519, 10.481877326965332, 10.757584571838379, 12.659459114074707, 12.388896942138672, 11.959003210067749, 11.182092428207397, 10.547986030578613, 12.522276639938354, 11.26091718673706, 11.252254247665405, 12.115142345428467, 12.21919059753418, 12.214746475219727, 11.955511569976807, 12.410296201705933, 14.570865631103516, 12.584444284439087, 12.732408046722412, 14.57987904548645, 13.476580381393433, 13.63202452659607, 14.583646059036255, 14.610892534255981], "SSIM": [0.8808821439743042, 0.6571180820465088, 0.5917909145355225, 0.5977120399475098, 0.6576749682426453, 0.6119138598442078, 0.5668025016784668, 0.5446788668632507, 0.5686054229736328, 0.49189552664756775, 0.5020339488983154, 0.613854706287384, 0.5832915306091309, 0.5443994998931885, 0.5437902212142944, 0.5389283299446106, 0.5393969416618347, 0.5352267026901245, 0.5148370265960693, 0.5265393853187561, 0.5705183744430542, 0.5393035411834717, 0.5329788327217102, 0.5287272930145264, 0.5609659552574158, 0.5074186325073242, 0.5193225741386414, 0.5775747895240784, 0.562548816204071, 0.5749093294143677, 0.5619305372238159, 0.5397391319274902, 0.5682094097137451, 0.528557538986206, 0.52628093957901, 0.5468684434890747, 0.5385939478874207, 0.5684936046600342, 0.5815198421478271, 0.5793763995170593, 0.6157082319259644, 0.5651849508285522, 0.5425000190734863, 0.5885491371154785, 0.5825278759002686, 0.6169028282165527, 0.642309844493866, 0.603780210018158], "MSE": [0.005580737255513668, 0.029890943318605423, 0.04575351998209953, 0.04243181645870209, 0.024139871820807457, 0.03750019893050194, 0.05322127789258957, 0.055587511509656906, 0.06017899513244629, 0.07858571410179138, 0.0667978823184967, 0.03879837691783905, 0.03748944029211998, 0.04873833805322647, 0.06425192952156067, 0.07956435531377792, 0.07658173143863678, 0.08819093555212021, 0.09044346213340759, 0.06498583406209946, 0.0503804087638855, 0.06513933837413788, 0.08813026547431946, 0.09311403334140778, 0.070309579372406, 0.08949780464172363, 0.08399271219968796, 0.05420684441924095, 0.0576913021504879, 0.06369417905807495, 0.07617118954658508, 0.08814577758312225, 0.055946432054042816, 0.07480116188526154, 0.07495050132274628, 0.06144488602876663, 0.0599902868270874, 0.06005172058939934, 0.0637454092502594, 0.05740773305296898, 0.03490706905722618, 0.055151283740997314, 0.053303927183151245, 0.03483470901846886, 0.04490989074110985, 0.04333088919520378, 0.03480450063943863, 0.0345868282020092], "LPIPS": [0.13569024205207825, 0.31295454502105713, 0.40058788657188416, 0.3311413526535034, 0.2995423972606659, 0.35002970695495605, 0.37452346086502075, 0.39419612288475037, 0.39510881900787354, 0.44267934560775757, 0.38963228464126587, 0.3216736316680908, 0.3325129747390747, 0.3676779270172119, 0.38272732496261597, 0.40142571926116943, 0.3889494836330414, 0.4195992946624756, 0.48138242959976196, 0.3794553577899933, 0.3440052568912506, 0.38871920108795166, 0.39763343334198, 0.42906710505485535, 0.3767070174217224, 0.4250541925430298, 0.4271091818809509, 0.35965079069137573, 0.40699756145477295, 0.41968318819999695, 0.4394755959510803, 0.4222353398799896, 0.3687463104724884, 0.40836840867996216, 0.38893646001815796, 0.36369428038597107, 0.38112372159957886, 0.39870506525039673, 0.37930265069007874, 0.37902987003326416, 0.3472383916378021, 0.3801792860031128, 0.37074995040893555, 0.34119296073913574, 0.34911274909973145, 0.3526495695114136, 0.3328203558921814, 0.3357144296169281]}