{"PSNR": [21.443068981170654, 15.661430358886719, 15.93390941619873, 16.33089780807495, 16.976420879364014, 16.783758401870728, 14.469743967056274, 14.532161951065063, 15.579497814178467, 17.237370014190674, 14.938405752182007, 13.830312490463257, 13.303478956222534, 15.298999547958374, 13.758904933929443, 13.70787501335144, 14.747995138168335, 17.280783653259277, 14.288831949234009, 12.678340673446655, 13.953783512115479, 13.69724154472351, 12.871721982955933, 14.16143536567688, 15.584492683410645, 14.577007293701172, 13.479313850402832, 12.54027247428894, 12.960977554321289, 15.459275245666504, 12.651104927062988, 13.88799786567688, 14.838566780090332, 15.704823732376099, 14.486197233200073, 12.576252222061157, 13.895854949951172, 14.966989755630493, 13.057862520217896, 14.677489995956421, 16.94065809249878, 15.545622110366821, 13.543479442596436, 12.871922254562378, 14.315948486328125, 14.00383472442627, 16.229251623153687, 13.597341775894165], "SSIM": [0.8570055961608887, 0.6400686502456665, 0.6609582304954529, 0.7017583847045898, 0.7592051029205322, 0.7546703219413757, 0.61818927526474, 0.57573401927948, 0.6215458512306213, 0.7048430442810059, 0.6771432161331177, 0.6686677932739258, 0.621726393699646, 0.7248905897140503, 0.6250580549240112, 0.5830434560775757, 0.5961111187934875, 0.7264592051506042, 0.6587002873420715, 0.578765332698822, 0.6598421931266785, 0.6713851690292358, 0.5664083957672119, 0.6110786199569702, 0.67723548412323, 0.6773106455802917, 0.6159199476242065, 0.546746015548706, 0.564428985118866, 0.7173651456832886, 0.6278319358825684, 0.6332582831382751, 0.6570593118667603, 0.7187037467956543, 0.6752400398254395, 0.5502524971961975, 0.6088069677352905, 0.7254647612571716, 0.6611320972442627, 0.7012276649475098, 0.7620118856430054, 0.7156461477279663, 0.6057264804840088, 0.5545920729637146, 0.6545315980911255, 0.6927010416984558, 0.72878098487854, 0.6045899391174316], "MSE": [0.00717287277802825, 0.027155449613928795, 0.02550404891371727, 0.023276105523109436, 0.020061245188117027, 0.02097124606370926, 0.035729389637708664, 0.03521956130862236, 0.027672618627548218, 0.01889135129749775, 0.032074473798274994, 0.04139699041843414, 0.04673607274889946, 0.029518894851207733, 0.04208327829837799, 0.04258067533373833, 0.03351201117038727, 0.01870345138013363, 0.037249185144901276, 0.053971678018569946, 0.04023662954568863, 0.04268505424261093, 0.05162116885185242, 0.03835805505514145, 0.0276408102363348, 0.034857749938964844, 0.04488163813948631, 0.055715084075927734, 0.05057108402252197, 0.02844936028122902, 0.054311227053403854, 0.040850766003131866, 0.032820362597703934, 0.026885470375418663, 0.03559429198503494, 0.05525541305541992, 0.04077692702412605, 0.03186405822634697, 0.04945541173219681, 0.03406050056219101, 0.020227130502462387, 0.027889316901564598, 0.044223397970199585, 0.0516187846660614, 0.0370173417031765, 0.039775583893060684, 0.02382729947566986, 0.04367831349372864], "LPIPS": [0.17581185698509216, 0.33711856603622437, 0.30614978075027466, 0.2597055733203888, 0.24388384819030762, 0.2657647430896759, 0.36075717210769653, 0.38434717059135437, 0.341554194688797, 0.29586362838745117, 0.3269995152950287, 0.3585800528526306, 0.3428102135658264, 0.2978454530239105, 0.3397395610809326, 0.37688300013542175, 0.3865436017513275, 0.2647000551223755, 0.33175352215766907, 0.399856299161911, 0.3547337055206299, 0.32716330885887146, 0.37397676706314087, 0.37356632947921753, 0.33746856451034546, 0.3268190026283264, 0.3619198799133301, 0.40771546959877014, 0.4029347002506256, 0.298728346824646, 0.37415075302124023, 0.3493461012840271, 0.32735615968704224, 0.27957502007484436, 0.3319755792617798, 0.4475439190864563, 0.35100725293159485, 0.3161052465438843, 0.32978036999702454, 0.30610892176628113, 0.26651331782341003, 0.2968136668205261, 0.38146835565567017, 0.4371744692325592, 0.33709388971328735, 0.2738144099712372, 0.2842729687690735, 0.3370303213596344]}