{"PSNR": [24.59526538848877, 19.89632487297058, 17.172824144363403, 17.97064185142517, 18.91144633293152, 17.7041757106781, 16.766133308410645, 17.684091329574585, 17.034562826156616, 14.442745447158813, 14.937500953674316, 17.797574996948242, 17.95836567878723, 16.848207712173462, 15.595992803573608, 15.376960039138794, 18.5438072681427, 14.526176452636719, 13.621556758880615, 14.563369750976562, 17.60541796684265, 15.512499809265137, 14.722459316253662, 16.0848331451416, 17.10271716117859, 14.076803922653198, 14.039541482925415, 15.709468126296997, 17.2252357006073, 15.52521824836731, 14.842817783355713, 15.000821352005005, 18.276560306549072, 15.39516806602478, 14.643875360488892, 14.982074499130249, 17.143757343292236, 15.25149941444397, 15.11461853981018, 16.599899530410767, 19.008454084396362, 15.871278047561646, 16.040163040161133, 16.801880598068237, 17.47910737991333, 16.439191102981567, 17.51616597175598, 17.480602264404297], "SSIM": [0.9091349840164185, 0.7776206731796265, 0.7124166488647461, 0.7177345156669617, 0.7861946821212769, 0.6947617530822754, 0.6820697784423828, 0.72771155834198, 0.7241293787956238, 0.5775325298309326, 0.6128348112106323, 0.7306212782859802, 0.7680894136428833, 0.6800297498703003, 0.6230720281600952, 0.6275292634963989, 0.7618257403373718, 0.5997426509857178, 0.5597583055496216, 0.6133055686950684, 0.7494817972183228, 0.6386904716491699, 0.5929400324821472, 0.6816467642784119, 0.7367672920227051, 0.5838019251823425, 0.5857539176940918, 0.678625762462616, 0.7642578482627869, 0.6578704118728638, 0.6181179285049438, 0.6346221566200256, 0.781775176525116, 0.6499178409576416, 0.6091611385345459, 0.6389535665512085, 0.763777494430542, 0.6591672897338867, 0.6427336931228638, 0.6997377276420593, 0.816839873790741, 0.6772081851959229, 0.6936883926391602, 0.7392934560775757, 0.7640585899353027, 0.7169076800346375, 0.7850658297538757, 0.7737817764282227], "MSE": [0.003471150528639555, 0.010241597890853882, 0.01917421445250511, 0.01595643162727356, 0.012848589569330215, 0.016966119408607483, 0.021056529134511948, 0.017044762149453163, 0.019794464111328125, 0.03595220297574997, 0.03208114951848984, 0.016605138778686523, 0.01600160077214241, 0.020662330090999603, 0.02756771445274353, 0.028993722051382065, 0.01398361288011074, 0.03526812791824341, 0.04343545064330101, 0.03496737778186798, 0.01735634356737137, 0.028102830052375793, 0.03370963782072067, 0.02463296800851822, 0.019486255943775177, 0.039112865924835205, 0.039449889212846756, 0.026856740936636925, 0.018944207578897476, 0.028020646423101425, 0.03278825432062149, 0.03161679953336716, 0.014871127903461456, 0.028872430324554443, 0.03432514891028404, 0.03175356984138489, 0.019302979111671448, 0.0298435278236866, 0.030799109488725662, 0.02187812328338623, 0.012564770877361298, 0.025874515995383263, 0.02488764002919197, 0.020883917808532715, 0.01786854863166809, 0.022702878341078758, 0.017716728150844574, 0.01786240190267563], "LPIPS": [0.10118499398231506, 0.19440050423145294, 0.28435513377189636, 0.23465090990066528, 0.19256378710269928, 0.2853097915649414, 0.3116821050643921, 0.24864883720874786, 0.33516931533813477, 0.37243497371673584, 0.347904235124588, 0.2597183585166931, 0.3041692078113556, 0.29901576042175293, 0.3507809638977051, 0.35577306151390076, 0.276563823223114, 0.34443628787994385, 0.3948346674442291, 0.3655340075492859, 0.25809726119041443, 0.35498470067977905, 0.3728405237197876, 0.32933294773101807, 0.24769370257854462, 0.35219675302505493, 0.38633033633232117, 0.3222547471523285, 0.2774224281311035, 0.3180539608001709, 0.3539014458656311, 0.3498809039592743, 0.23806232213974, 0.2882717251777649, 0.3613128662109375, 0.32427969574928284, 0.29304826259613037, 0.3227234184741974, 0.3487437665462494, 0.2903088331222534, 0.20068509876728058, 0.29801493883132935, 0.30164533853530884, 0.2713024914264679, 0.24058476090431213, 0.2771468162536621, 0.20026232302188873, 0.21884697675704956]}