{
    "PSNR": [
        22.63636827468872,
        20.003132820129395,
        16.071640253067017,
        15.393552780151367,
        21.835694313049316,
        16.535825729370117,
        15.650546550750732,
        17.606555223464966,
        16.236852407455444,
        13.592702150344849,
        13.413323163986206,
        15.62543272972107,
        18.89521837234497,
        16.626056432724,
        14.133996963500977,
        14.564077854156494,
        17.16795802116394,
        13.932640552520752,
        12.836519479751587,
        13.897672891616821,
        18.64338994026184,
        14.18521761894226,
        13.340120315551758,
        15.53562045097351,
        15.826330184936523,
        13.115885257720947,
        13.1340491771698,
        16.10381245613098,
        19.59475040435791,
        15.005494356155396,
        13.310658931732178,
        13.71425986289978,
        17.715765237808228,
        15.117876529693604,
        13.281723260879517,
        14.858154058456421,
        16.737957000732422,
        14.026756286621094,
        13.572142124176025,
        15.318583250045776,
        18.381669521331787,
        16.302685737609863,
        15.764261484146118,
        18.66318702697754,
        15.902942419052124,
        15.32197117805481,
        20.030999183654785,
        20.627801418304443
    ],
    "SSIM": [
        0.9143767356872559,
        0.8675786852836609,
        0.7424408197402954,
        0.7120213508605957,
        0.8961615562438965,
        0.7281262278556824,
        0.6943806409835815,
        0.8015491962432861,
        0.7740010023117065,
        0.6200875043869019,
        0.592240571975708,
        0.7001128196716309,
        0.8073304891586304,
        0.7357462644577026,
        0.6216002702713013,
        0.6489664912223816,
        0.8230988383293152,
        0.6674509048461914,
        0.5608227252960205,
        0.6130201816558838,
        0.8014672994613647,
        0.6216571927070618,
        0.5732041001319885,
        0.7076141238212585,
        0.7855954170227051,
        0.5856102705001831,
        0.568993866443634,
        0.7084126472473145,
        0.8295038938522339,
        0.6542505621910095,
        0.5634083151817322,
        0.6056384444236755,
        0.7987602949142456,
        0.7206754684448242,
        0.5768042206764221,
        0.6386880278587341,
        0.7316765785217285,
        0.6018120050430298,
        0.5938509702682495,
        0.6781578063964844,
        0.8163719177246094,
        0.726306140422821,
        0.688764214515686,
        0.7918335199356079,
        0.715120792388916,
        0.6805874705314636,
        0.8466504812240601,
        0.8648163676261902
    ],
    "MSE": [
        0.0054495809599757195,
        0.009992788545787334,
        0.024707909673452377,
        0.02888316474854946,
        0.006552856415510178,
        0.022203296422958374,
        0.027223585173487663,
        0.017351800575852394,
        0.02378564141690731,
        0.043724991381168365,
        0.04556881636381149,
        0.027381470426917076,
        0.012896686792373657,
        0.02174675278365612,
        0.03860116004943848,
        0.034961678087711334,
        0.019195713102817535,
        0.04043300449848175,
        0.05204129219055176,
        0.040759872645139694,
        0.013666616752743721,
        0.03814856708049774,
        0.04634340852499008,
        0.0279536172747612,
        0.026143698021769524,
        0.0487990640103817,
        0.04859539866447449,
        0.02452555112540722,
        0.01097804307937622,
        0.031582798808813095,
        0.046658873558044434,
        0.042518116533756256,
        0.0169209074229002,
        0.0307760126888752,
        0.046970777213573456,
        0.03267267346382141,
        0.02119358442723751,
        0.039566200226545334,
        0.04393249750137329,
        0.029386086389422417,
        0.014515532180666924,
        0.023427795618772507,
        0.026520028710365295,
        0.01360445749014616,
        0.02568655088543892,
        0.02936316654086113,
        0.009928877465426922,
        0.00865405797958374
    ],
    "LPIPS": [
        0.08194003999233246,
        0.2072356641292572,
        0.2994506359100342,
        0.33757662773132324,
        0.12527842819690704,
        0.2778041958808899,
        0.30150967836380005,
        0.2311781346797943,
        0.25148943066596985,
        0.3919494152069092,
        0.39770790934562683,
        0.3331441879272461,
        0.25205063819885254,
        0.3092716932296753,
        0.3713241517543793,
        0.33858174085617065,
        0.24453309178352356,
        0.3308750092983246,
        0.4383481740951538,
        0.3995998501777649,
        0.23122401535511017,
        0.38062533736228943,
        0.3930756151676178,
        0.3218909502029419,
        0.23010361194610596,
        0.374827116727829,
        0.41008391976356506,
        0.3231354057788849,
        0.26798537373542786,
        0.34080952405929565,
        0.4163087010383606,
        0.3532157838344574,
        0.21300403773784637,
        0.2807613015174866,
        0.3834080100059509,
        0.36314353346824646,
        0.2668796181678772,
        0.3699096441268921,
        0.3694414496421814,
        0.31635424494743347,
        0.20770446956157684,
        0.2834395170211792,
        0.30373018980026245,
        0.22154712677001953,
        0.3041708767414093,
        0.3211424946784973,
        0.1630963385105133,
        0.15076524019241333
    ],
    "complexity": {
        "normal_roughness": [
            0.028689566999673843,
            0.032255351543426514,
            0.04235745221376419,
            0.044274017214775085,
            0.030884061008691788,
            0.04113713651895523,
            0.04356541112065315,
            0.03398369625210762,
            0.03508765995502472,
            0.04525994136929512,
            0.04620293155312538,
            0.049094196408987045,
            0.046758588403463364,
            0.044662512838840485,
            0.04775317758321762,
            0.04463045671582222,
            0.028635302558541298,
            0.03991851210594177,
            0.04534221440553665,
            0.05163079500198364,
            0.03976728394627571,
            0.04900377243757248,
            0.04869425669312477,
            0.04178619757294655,
            0.03294381499290466,
            0.04603268951177597,
            0.05158478766679764,
            0.05002094805240631,
            0.03364722058176994,
            0.049097102135419846,
            0.04804054647684097,
            0.047993872314691544,
            0.03717735782265663,
            0.04199504852294922,
            0.046865709125995636,
            0.0540945865213871,
            0.04434788599610329,
            0.04844173789024353,
            0.04829343408346176,
            0.04592948406934738,
            0.03394288942217827,
            0.043275315314531326,
            0.0488809272646904,
            0.04179384186863899,
            0.04580747336149216,
            0.043576329946517944,
            0.03398171439766884,
            0.031545914709568024
        ],