{"PSNR": [23.565757274627686, 20.382790565490723, 14.093878269195557, 14.884558916091919, 19.289532899856567, 16.64672613143921, 16.8138587474823, 21.033427715301514, 14.325790405273438, 12.462681531906128, 13.151406049728394, 15.99797248840332, 17.768362760543823, 15.782468318939209, 14.97333288192749, 16.566883325576782, 20.371403694152832, 12.708148956298828, 12.000447511672974, 14.14671540260315, 15.49584150314331, 14.373626708984375, 14.72594141960144, 18.79282236099243, 15.12022852897644, 12.224140167236328, 12.86991834640503, 16.919536590576172, 16.713615655899048, 14.075204133987427, 13.939831256866455, 15.517134666442871, 20.409247875213623, 13.757772445678711, 12.895761728286743, 15.438480377197266, 14.563084840774536, 13.851224184036255, 14.590082168579102, 17.114752531051636, 18.858639001846313, 14.887710809707642, 15.617265701293945, 19.562772512435913, 14.847582578659058, 15.976177453994751, 19.734607934951782, 19.92628574371338], "SSIM": [0.9177173376083374, 0.8578799962997437, 0.679537296295166, 0.72087562084198, 0.8534500002861023, 0.7233109474182129, 0.7221280932426453, 0.8532509803771973, 0.695227324962616, 0.5771321654319763, 0.6190615892410278, 0.7816141843795776, 0.8638176918029785, 0.7021107077598572, 0.6292909383773804, 0.7203359603881836, 0.8697488307952881, 0.5852049589157104, 0.5417622327804565, 0.6625490188598633, 0.7309290766716003, 0.6059864163398743, 0.6161520481109619, 0.8036941289901733, 0.6953656673431396, 0.5536864995956421, 0.5828269720077515, 0.8133543729782104, 0.8050486445426941, 0.6268991231918335, 0.5754293203353882, 0.6628042459487915, 0.8654085993766785, 0.6449437141418457, 0.585677981376648, 0.7204148173332214, 0.681898832321167, 0.6047885417938232, 0.6169909834861755, 0.739423930644989, 0.8414475321769714, 0.6765122413635254, 0.7250795364379883, 0.8823409080505371, 0.6851345896720886, 0.7010318636894226, 0.864962100982666, 0.879109263420105], "MSE": [0.0043997131288051605, 0.009156323969364166, 0.03895939141511917, 0.03247462958097458, 0.011777332052588463, 0.021643495187163353, 0.020826401188969612, 0.007882378064095974, 0.036933548748493195, 0.05671942979097366, 0.04840157553553581, 0.02513059601187706, 0.016717208549380302, 0.026409074664115906, 0.03181755170226097, 0.022045081481337547, 0.009180357679724693, 0.05360250920057297, 0.06308924406766891, 0.03848828375339508, 0.0282108336687088, 0.03652896732091904, 0.03368262201547623, 0.01320437528192997, 0.030759355053305626, 0.05992195010185242, 0.051642611622810364, 0.020325740799307823, 0.02131270244717598, 0.03912727162241936, 0.04036611318588257, 0.02807285450398922, 0.009100711904466152, 0.04209425672888756, 0.05133621022105217, 0.02858591452240944, 0.034969668835401535, 0.041198138147592545, 0.03475296497344971, 0.019432326778769493, 0.013005770742893219, 0.03245105966925621, 0.027433011680841446, 0.011059178039431572, 0.032752297818660736, 0.02525702677667141, 0.010630149394273758, 0.010171185247600079], "LPIPS": [0.10603256523609161, 0.18790407478809357, 0.29464834928512573, 0.270588219165802, 0.2060614824295044, 0.26996731758117676, 0.2623821794986725, 0.2242857962846756, 0.3236812353134155, 0.39783191680908203, 0.3981535732746124, 0.28630560636520386, 0.250751256942749, 0.31482046842575073, 0.34972432255744934, 0.28784430027008057, 0.2559099793434143, 0.38720083236694336, 0.4411885738372803, 0.37429070472717285, 0.31093037128448486, 0.3814791440963745, 0.35253459215164185, 0.24071034789085388, 0.3269244432449341, 0.43333300948143005, 0.42483222484588623, 0.2291550636291504, 0.27275997400283813, 0.36329641938209534, 0.39200359582901, 0.33719220757484436, 0.21302390098571777, 0.3792404532432556, 0.39870932698249817, 0.3371926248073578, 0.3148089647293091, 0.372905969619751, 0.36027026176452637, 0.2772754430770874, 0.2476130872964859, 0.3252817988395691, 0.28540751338005066, 0.2271004319190979, 0.28890329599380493, 0.29026639461517334, 0.2057277113199234, 0.1816364824771881]}