{
    "PSNR": [
        23.97799015045166,
        17.38038182258606,
        13.00467848777771,
        13.67045283317566,
        18.21779727935791,
        14.911794662475586,
        15.576621294021606,
        15.155051946640015,
        12.99319863319397,
        11.78337574005127,
        12.282445430755615,
        15.052000284194946,
        17.435908317565918,
        13.953194618225098,
        13.66725206375122,
        14.287208318710327,
        14.997293949127197,
        11.936769485473633,
        11.593683958053589,
        14.351886510848999,
        14.536504745483398,
        13.12060832977295,
        13.389387130737305,
        14.020353555679321,
        13.574252128601074,
        11.685667037963867,
        12.366565465927124,
        15.741734504699707,
        16.366554498672485,
        13.246626853942871,
        13.149712085723877,
        13.64835262298584,
        16.27401113510132,
        12.707347869873047,
        12.292587757110596,
        14.315303564071655,
        13.953012228012085,
        13.45990538597107,
        14.019502401351929,
        14.591678380966187,
        16.871891021728516,
        14.012500047683716,
        14.555665254592896,
        15.465937852859497,
        14.488829374313354,
        15.576784610748291,
        16.948342323303223,
        16.21143937110901
    ],
    "SSIM": [
        0.9338173866271973,
        0.8320138454437256,
        0.5911045670509338,
        0.6310076713562012,
        0.8066411018371582,
        0.6757664680480957,
        0.7384912371635437,
        0.7926949262619019,
        0.6027533411979675,
        0.5050159692764282,
        0.524497926235199,
        0.6783484220504761,
        0.7905300855636597,
        0.6126167178153992,
        0.6041314005851746,
        0.6712875366210938,
        0.7479307055473328,
        0.5112681984901428,
        0.4945215880870819,
        0.6191153526306152,
        0.6337262392044067,
        0.5450353622436523,
        0.5910727381706238,
        0.695736289024353,
        0.6308640241622925,
        0.49669402837753296,
        0.5479090213775635,
        0.7267768383026123,
        0.7260351181030273,
        0.5507936477661133,
        0.5428149104118347,
        0.5987826585769653,
        0.8225032687187195,
        0.5894470810890198,
        0.5450157523155212,
        0.6538292765617371,
        0.5876538157463074,
        0.5622994899749756,
        0.608268678188324,
        0.6565896272659302,
        0.7840781211853027,
        0.6643077731132507,
        0.6853910684585571,
        0.7459992170333862,
        0.6175706386566162,
        0.7012721300125122,
        0.8008885383605957,
        0.7879061698913574
    ],
    "MSE": [
        0.0040012989193201065,
        0.01827939972281456,
        0.05006475746631622,
        0.042949169874191284,
        0.015073716640472412,
        0.0322716049849987,
        0.027690958231687546,
        0.030513694509863853,
        0.05019727349281311,
        0.06632274389266968,
        0.059122875332832336,
        0.031246401369571686,
        0.01804717257618904,
        0.04024209454655647,
        0.04298083111643791,
        0.03726311773061752,
        0.03164248913526535,
        0.06402108818292618,
        0.06928378343582153,
        0.03671228513121605,
        0.035184346139431,
        0.0487460196018219,
        0.04582066461443901,
        0.03962458670139313,
        0.0439111553132534,
        0.06783180683851242,
        0.05798870325088501,
        0.026657938957214355,
        0.023085780441761017,
        0.0473518967628479,
        0.04842045158147812,
        0.043168287724256516,
        0.02358298748731613,
        0.05361240357160568,
        0.058984946459531784,
        0.03702283650636673,
        0.040243782103061676,
        0.045082658529281616,
        0.03963235020637512,
        0.03474018722772598,
        0.02054995857179165,
        0.03969630226492882,
        0.03502946346998215,
        0.028405748307704926,
        0.03557272627949715,
        0.027689915150403976,
        0.0201913733035326,
        0.023925229907035828
    ],
    "LPIPS": [
        0.11673161387443542,
        0.23800325393676758,
        0.36232244968414307,
        0.319783091545105,
        0.22387349605560303,
        0.3078129291534424,
        0.32906442880630493,
        0.2840707302093506,
        0.34546029567718506,
        0.4326118528842926,
        0.4197233319282532,
        0.31148266792297363,
        0.23578661680221558,
        0.34204626083374023,
        0.38053804636001587,
        0.3722435534000397,
        0.25245577096939087,
        0.39778757095336914,
        0.4646948575973511,
        0.33809009194374084,
        0.33397477865219116,
        0.41631463170051575,
        0.38736140727996826,
        0.3043099045753479,
        0.328014612197876,
        0.44096076488494873,
        0.4058781862258911,
        0.3053562045097351,
        0.31428998708724976,
        0.41524821519851685,
        0.4067252576351166,
        0.36270812153816223,
        0.22585932910442352,
        0.36593377590179443,
        0.41597211360931396,
        0.35635074973106384,
        0.376270055770874,
        0.39893239736557007,
        0.3652935028076172,
        0.28739529848098755,
        0.279918909072876,
        0.34028658270835876,
        0.3445727229118347,
        0.3382442891597748,
        0.33853527903556824,
        0.3002485930919647,
        0.226701021194458,
        0.24052055180072784
    ],
    "complexity": {
        "normal_roughness": [
            0.03609666973352432,
            0.029564982280135155,
            0.0400150790810585,
            0.04229946434497833,
            0.04024248570203781,
            0.04591624438762665,
            0.042281899601221085,
            0.030903395265340805,
            0.03817840665578842,
            0.04568992555141449,
            0.04692851006984711,
            0.03838682919740677,
            0.034443724900484085,
            0.0454770065844059,
            0.04932045936584473,
            0.04132514446973801,
            0.03447035700082779,
            0.046043701469898224,
            0.0466146320104599,
            0.04754410311579704,
            0.044863611459732056,
            0.048506010323762894,
            0.04738956689834595,
            0.03499561920762062,
            0.044682808220386505,
            0.04621467739343643,
            0.05223134905099869,
            0.04027416557073593,
            0.0410739928483963,
            0.04905487969517708,
            0.04709191620349884,
            0.04528352990746498,
            0.034832872450351715,
            0.046978168189525604,
            0.052607156336307526,
            0.05158375948667526,
            0.046938322484493256,
            0.04903595149517059,
            0.04573114216327667,
            0.03914874792098999,
            0.04031582921743393,
            0.0521293506026268,
            0.0537603422999382,
            0.036630067974328995,
            0.046898581087589264,
            0.04223877936601639,
            0.03832414001226425,
            0.03372959420084953
        ],