{
    "PSNR": [
        23.862919807434082,
        18.48618507385254,
        13.359447717666626,
        13.458518981933594,
        20.982179641723633,
        16.359366178512573,
        15.051870346069336,
        16.40550971031189,
        13.805569410324097,
        11.842825412750244,
        11.78348422050476,
        13.855711221694946,
        18.015830516815186,
        15.762624740600586,
        14.07684326171875,
        13.733948469161987,
        15.95371127128601,
        12.323927879333496,
        11.310317516326904,
        12.069262266159058,
        16.507540941238403,
        13.956314325332642,
        13.109056949615479,
        13.804705142974854,
        14.714837074279785,
        11.966352462768555,
        11.594103574752808,
        14.322530031204224,
        17.70845651626587,
        14.176372289657593,
        13.303920030593872,
        13.118029832839966,
        15.021734237670898,
        13.820819854736328,
        12.274041175842285,
        13.096280097961426,
        15.065755844116211,
        13.628424406051636,
        13.287396430969238,
        13.909546136856079,
        17.373571395874023,
        14.65644359588623,
        14.08062219619751,
        17.232789993286133,
        14.571014642715454,
        14.220086336135864,
        19.033445119857788,
        17.863200902938843
    ],
    "SSIM": [
        0.8931636810302734,
        0.82640141248703,
        0.6727923154830933,
        0.6820513606071472,
        0.8314799070358276,
        0.7445639371871948,
        0.7257422208786011,
        0.7984814643859863,
        0.7140852808952332,
        0.6188321113586426,
        0.6167436242103577,
        0.6854642629623413,
        0.7989413738250732,
        0.7158038020133972,
        0.6654866933822632,
        0.6909447908401489,
        0.7970926761627197,
        0.6422132849693298,
        0.5926339626312256,
        0.6306753158569336,
        0.7453083992004395,
        0.6494612097740173,
        0.646209716796875,
        0.6958426237106323,
        0.7649145126342773,
        0.6295033693313599,
        0.6059234142303467,
        0.7218759059906006,
        0.7863118648529053,
        0.6633448600769043,
        0.6342805624008179,
        0.6628227233886719,
        0.7666303515434265,
        0.7223054766654968,
        0.6504325270652771,
        0.6779841184616089,
        0.6988257169723511,
        0.6522573232650757,
        0.6536664962768555,
        0.7064363360404968,
        0.8457062244415283,
        0.760952353477478,
        0.730506420135498,
        0.8085106611251831,
        0.7013041377067566,
        0.7097811698913574,
        0.8549418449401855,
        0.8254770040512085
    ],
    "MSE": [
        0.004108734428882599,
        0.014170381240546703,
        0.04613763093948364,
        0.045097045600414276,
        0.007975945249199867,
        0.023124024271965027,
        0.03124733828008175,
        0.022879628464579582,
        0.041633520275354385,
        0.06542103737592697,
        0.06632107496261597,
        0.04115559160709381,
        0.015791267156600952,
        0.02653001807630062,
        0.03911251947283745,
        0.04232579469680786,
        0.025388028472661972,
        0.05856082960963249,
        0.07395513355731964,
        0.0620974563062191,
        0.022348370403051376,
        0.04021319001913071,
        0.04887586086988449,
        0.04164180904626846,
        0.033768847584724426,
        0.06358648836612701,
        0.0692770928144455,
        0.036961279809474945,
        0.016949404031038284,
        0.038226351141929626,
        0.046731315553188324,
        0.048774972558021545,
        0.031464915722608566,
        0.041487570852041245,
        0.05923738703131676,
        0.04901985451579094,
        0.031147588044404984,
        0.043366819620132446,
        0.04690946266055107,
        0.04064858704805374,
        0.018308086320757866,
        0.03422597050666809,
        0.039078496396541595,
        0.01891128532588482,
        0.03490587696433067,
        0.03784351050853729,
        0.012492675334215164,
        0.016356108710169792
    ],
    "LPIPS": [
        0.14181943237781525,
        0.2108234018087387,
        0.358444482088089,
        0.3409876823425293,
        0.2040235847234726,
        0.265314519405365,
        0.29632312059402466,
        0.2564454972743988,
        0.34670954942703247,
        0.4047771096229553,
        0.4120369553565979,
        0.33817145228385925,
        0.2762478291988373,
        0.31272226572036743,
        0.31588298082351685,
        0.3419993221759796,
        0.2843097448348999,
        0.4177861213684082,
        0.44215521216392517,
        0.40607914328575134,
        0.29587000608444214,
        0.35015028715133667,
        0.37850767374038696,
        0.3559284806251526,
        0.29729729890823364,
        0.40578559041023254,
        0.39289650321006775,
        0.3431550860404968,
        0.30496829748153687,
        0.36574435234069824,
        0.38774532079696655,
        0.37751269340515137,
        0.29913002252578735,
        0.30380070209503174,
        0.3748340606689453,
        0.33636146783828735,
        0.3390386700630188,
        0.3955915570259094,
        0.39923906326293945,
        0.3466237783432007,
        0.20415453612804413,
        0.2809988856315613,
        0.2633233964443207,
        0.2661542296409607,
        0.34033235907554626,
        0.3448120355606079,
        0.215597465634346,
        0.24516335129737854
    ],
    "complexity": {
        "normal_roughness": [
            0.05237249284982681,
            0.0351356565952301,
            0.05237249284982681,
            0.050790950655937195,
            0.03626139834523201,
            0.04417097568511963,
            0.045760802924633026,
            0.03388027101755142,
            0.04518284648656845,
            0.04909255728125572,
            0.050205297768116,
            0.0532105416059494,
            0.03832418471574783,
            0.045638345181941986,
            0.04981348291039467,
            0.043490681797266006,
            0.028689566999673843,
            0.04590795561671257,
            0.04452446103096008,
            0.05062315613031387,
            0.04000101238489151,
            0.048061128705739975,
            0.04760199785232544,
            0.041264649480581284,
            0.040224552154541016,
            0.045648202300071716,
            0.0466894805431366,
            0.04321139305830002,
            0.03398171439766884,
            0.04595262184739113,
            0.04880457744002342,
            0.047317832708358765,
            0.03610296919941902,
            0.040913935750722885,
            0.043933846056461334,
            0.045094672590494156,
            0.04196350276470184,
            0.047793760895729065,
            0.04941543936729431,
            0.04431900382041931,
            0.030173160135746002,
            0.03441502898931503,
            0.04078685864806175,
            0.03429581969976425,
            0.04355788230895996,
            0.04291609302163124,
            0.029134372249245644,
            0.02927115187048912
        ],