{"PSNR": [21.889305114746094, 15.303734540939331, 13.296483755111694, 14.910733699798584, 15.121122598648071, 14.606705904006958, 12.114442586898804, 12.331541776657104, 11.672765016555786, 11.928155422210693, 12.029874324798584, 14.203338623046875, 14.003238677978516, 13.238996267318726, 10.889538526535034, 12.048810720443726, 11.986277103424072, 11.143702268600464, 10.907392501831055, 12.199833393096924, 12.04152226448059, 10.252203941345215, 10.941038131713867, 12.561417818069458, 12.219032049179077, 10.498714447021484, 10.22818922996521, 13.559356927871704, 11.204431056976318, 10.256508588790894, 11.18439793586731, 12.305954694747925, 13.184044361114502, 12.80489444732666, 10.3971529006958, 10.288076400756836, 10.92260479927063, 11.367110013961792, 12.904455661773682, 14.59438443183899, 14.399003982543945, 13.160566091537476, 11.043462753295898, 11.451367139816284, 12.576137781143188, 14.965465068817139, 15.659106969833374, 13.30911636352539], "SSIM": [0.8819515109062195, 0.639026403427124, 0.5992029905319214, 0.6360421776771545, 0.657332718372345, 0.6063634157180786, 0.538503885269165, 0.5624823570251465, 0.5573378205299377, 0.5409218072891235, 0.5255648493766785, 0.6139219999313354, 0.6033822298049927, 0.5754963159561157, 0.4876892566680908, 0.5472327470779419, 0.5518249869346619, 0.5504583716392517, 0.5155928134918213, 0.5442614555358887, 0.5305774807929993, 0.48763570189476013, 0.4733680188655853, 0.5456299185752869, 0.5637196898460388, 0.5531747937202454, 0.5116856098175049, 0.5455963015556335, 0.5283299088478088, 0.48699602484703064, 0.47837990522384644, 0.5244583487510681, 0.5920796394348145, 0.5925843119621277, 0.5354839563369751, 0.5016747713088989, 0.5227276086807251, 0.4784407615661621, 0.5307570695877075, 0.6280046701431274, 0.6588027477264404, 0.6166722774505615, 0.5421943664550781, 0.5522476434707642, 0.5480412840843201, 0.6014604568481445, 0.6706123352050781, 0.5947245955467224], "MSE": [0.006472460925579071, 0.029486721381545067, 0.04681139439344406, 0.03227949142456055, 0.030753014609217644, 0.03462018817663193, 0.061454784125089645, 0.05845825374126434, 0.0680336058139801, 0.0641482025384903, 0.06266320496797562, 0.03798973560333252, 0.03978104516863823, 0.047435175627470016, 0.08147909492254257, 0.06239057704806328, 0.06329542398452759, 0.07684750854969025, 0.08114480972290039, 0.060258276760578156, 0.06249537318944931, 0.09435819089412689, 0.08051859587430954, 0.055444471538066864, 0.059992484748363495, 0.08915148675441742, 0.09488140046596527, 0.04406201094388962, 0.07578040659427643, 0.09426470845937729, 0.07613076269626617, 0.05880368873476982, 0.04803919047117233, 0.05242163687944412, 0.0912608802318573, 0.09358201920986176, 0.08086107671260834, 0.07299432158470154, 0.051233552396297455, 0.034718550741672516, 0.03631613403558731, 0.048299580812454224, 0.0786418616771698, 0.071591816842556, 0.05525686591863632, 0.03187525272369385, 0.027169978246092796, 0.046675436198711395], "LPIPS": [0.1308046281337738, 0.27536845207214355, 0.3540559709072113, 0.3416299819946289, 0.3010098934173584, 0.31758609414100647, 0.35134923458099365, 0.39290517568588257, 0.4049023985862732, 0.3826512098312378, 0.41230204701423645, 0.38040095567703247, 0.333412230014801, 0.37398552894592285, 0.4731828272342682, 0.38063859939575195, 0.4115760028362274, 0.45597541332244873, 0.3977106809616089, 0.4024144113063812, 0.4042885899543762, 0.5369402170181274, 0.441049188375473, 0.3876107931137085, 0.38401859998703003, 0.48002374172210693, 0.42644059658050537, 0.3724462389945984, 0.4116690158843994, 0.5051270723342896, 0.44198912382125854, 0.38833433389663696, 0.3714108467102051, 0.3696211576461792, 0.44455486536026, 0.4100249111652374, 0.3977808356285095, 0.41942960023880005, 0.3925624191761017, 0.326169490814209, 0.3246892988681793, 0.35190504789352417, 0.3764450252056122, 0.4054308235645294, 0.3845219016075134, 0.32953158020973206, 0.2891989052295685, 0.3599002957344055]}