{
    "PSNR": [
        21.794235706329346,
        15.576794147491455,
        12.86626935005188,
        13.48238229751587,
        16.15140199661255,
        13.653862476348877,
        13.273613452911377,
        13.86954665184021,
        13.109632730484009,
        12.451251745223999,
        12.166919708251953,
        14.1205894947052,
        15.546985864639282,
        13.64952802658081,
        12.411962747573853,
        13.156338930130005,
        13.33253026008606,
        12.822136878967285,
        12.052654027938843,
        12.693965435028076,
        14.217667579650879,
        12.45118498802185,
        11.828789710998535,
        13.70452880859375,
        13.6430823802948,
        12.193400859832764,
        12.411953210830688,
        15.292671918869019,
        13.795919418334961,
        13.066245317459106,
        12.140259742736816,
        12.517056465148926,
        15.31949520111084,
        13.313251733779907,
        12.248533964157104,
        12.628597021102905,
        13.79060983657837,
        13.05047869682312,
        12.690876722335815,
        14.584474563598633,
        15.944186449050903,
        13.388948440551758,
        12.536486387252808,
        13.611165285110474,
        14.129142761230469,
        14.169222116470337,
        16.11670970916748,
        14.48445439338684
    ],
    "SSIM": [
        0.8742777705192566,
        0.6816300749778748,
        0.58529132604599,
        0.6043848991394043,
        0.7035827040672302,
        0.6042415499687195,
        0.5971209406852722,
        0.6220435500144958,
        0.6089528799057007,
        0.5528264045715332,
        0.5117793083190918,
        0.6042946577072144,
        0.6718131303787231,
        0.5980957746505737,
        0.5262635946273804,
        0.5575759410858154,
        0.6127400398254395,
        0.5787997245788574,
        0.5051946640014648,
        0.526180624961853,
        0.6416478157043457,
        0.5274631977081299,
        0.46802374720573425,
        0.5847967863082886,
        0.6461738348007202,
        0.5352147817611694,
        0.5221748352050781,
        0.6249221563339233,
        0.6137793064117432,
        0.5332000255584717,
        0.4871860146522522,
        0.49990519881248474,
        0.6696594953536987,
        0.646350085735321,
        0.5503308773040771,
        0.5376767516136169,
        0.5951573848724365,
        0.5498607158660889,
        0.5007991790771484,
        0.5982955098152161,
        0.6921097636222839,
        0.6331839561462402,
        0.5843963027000427,
        0.6091787815093994,
        0.590101420879364,
        0.5787148475646973,
        0.6822060346603394,
        0.6386613249778748
    ],
    "MSE": [
        0.006615709513425827,
        0.027689851820468903,
        0.05168602988123894,
        0.04484992474317551,
        0.024258270859718323,
        0.04311354458332062,
        0.04705856367945671,
        0.041024692356586456,
        0.04886936768889427,
        0.05686890333890915,
        0.06071668863296509,
        0.0387205109000206,
        0.027880556881427765,
        0.04315660148859024,
        0.057385705411434174,
        0.0483466237783432,
        0.04642447829246521,
        0.052213918417692184,
        0.06233537942171097,
        0.05377785488963127,
        0.03786459565162659,
        0.05686977505683899,
        0.06563280522823334,
        0.042613498866558075,
        0.04322069510817528,
        0.06034758687019348,
        0.05738583207130432,
        0.029561936855316162,
        0.041726138442754745,
        0.04936004430055618,
        0.06109055131673813,
        0.056013718247413635,
        0.029379911720752716,
        0.04663102328777313,
        0.05958632379770279,
        0.054593414068222046,
        0.041777171194553375,
        0.049539558589458466,
        0.05381612107157707,
        0.03479785844683647,
        0.02544376626610756,
        0.0458252839744091,
        0.05576367303729057,
        0.04353950545191765,
        0.03864432871341705,
        0.038289330899715424,
        0.024452826008200645,
        0.03560857102274895
    ],
    "LPIPS": [
        0.1697656363248825,
        0.2372356802225113,
        0.3664952516555786,
        0.3130190670490265,
        0.2593383193016052,
        0.3488147258758545,
        0.3413814902305603,
        0.33507972955703735,
        0.3594447672367096,
        0.3910640776157379,
        0.4091784954071045,
        0.3529874086380005,
        0.3048063814640045,
        0.3619745671749115,
        0.4014444649219513,
        0.3771023154258728,
        0.3739777207374573,
        0.3800971210002899,
        0.3961712419986725,
        0.40145379304885864,
        0.3585224747657776,
        0.3959757089614868,
        0.44618427753448486,
        0.3729472756385803,
        0.3646899163722992,
        0.39896607398986816,
        0.3856886327266693,
        0.30995291471481323,
        0.34940415620803833,
        0.38551032543182373,
        0.44199278950691223,
        0.41112929582595825,
        0.31312310695648193,
        0.36871111392974854,
        0.38055479526519775,
        0.3483472168445587,
        0.3420954644680023,
        0.39669331908226013,
        0.3986835479736328,
        0.34198516607284546,
        0.2568698823451996,
        0.3304550051689148,
        0.38954928517341614,
        0.3429179787635803,
        0.32575929164886475,
        0.32943353056907654,
        0.2847939133644104,
        0.26678749918937683
    ],
    "complexity": {
        "normal_roughness": [
            0.05237249284982681,
            0.04329773783683777,
            0.0459253154695034,
            0.048960037529468536,
            0.04918210953474045,
            0.03869348391890526,
            0.03413393348455429,
            0.029772091656923294,
            0.041361115872859955,
            0.0454714410007,
            0.04511331766843796,
            0.0493525005877018,
            0.054920028895139694,
            0.03306809812784195,
            0.04381834343075752,
            0.04171249270439148,
            0.035470910370349884,
            0.03795589506626129,
            0.04359730705618858,
            0.04696167632937431,
            0.03568488731980324,
            0.044269461184740067,
            0.04665378853678703,
            0.045218467712402344,
            0.03248356282711029,
            0.036046430468559265,
            0.04638613760471344,
            0.0485517680644989,
            0.03598279133439064,
            0.04464992880821228,
            0.05059328302741051,
            0.04868831858038902,
            0.045669712126255035,
            0.03044622391462326,
            0.03870226442813873,
            0.04316768795251846,
            0.042032886296510696,
            0.04812225326895714,
            0.04915250837802887,
            0.04928635433316231,
            0.04088940471410751,
            0.0332551933825016,
            0.03366953879594803,
            0.03202761709690094,
            0.04535440728068352,
            0.047695182263851166,
            0.04355647787451744,
            0.04196622967720032
        ],