{"PSNR": [21.531949043273926, 14.787989854812622, 13.818790912628174, 15.553175210952759, 12.867369651794434, 15.476341247558594, 15.537686347961426, 13.184664249420166, 12.92253851890564, 13.259449005126953, 14.289010763168335, 14.524574279785156, 11.827665567398071, 12.065765857696533, 14.308463335037231, 13.632208108901978, 12.571735382080078, 13.321723937988281, 13.493121862411499, 13.759706020355225, 11.42978310585022, 14.063763618469238, 14.630389213562012, 12.839043140411377, 13.482099771499634, 13.843196630477905, 14.319498538970947, 12.788596153259277, 12.16129183769226, 12.468914985656738, 15.937032699584961, 13.928090333938599, 13.312451839447021, 14.179006814956665, 14.963369369506836, 14.719265699386597, 12.960128784179688, 13.98210883140564, 15.383056402206421, 15.139549970626831, 14.390861988067627, 16.015019416809082, 15.548086166381836, 13.546252250671387, 14.06325101852417, 15.342925786972046, 15.78418493270874, 14.963946342468262], "SSIM": [0.8766557574272156, 0.6319749355316162, 0.5955203771591187, 0.7094144225120544, 0.6500940322875977, 0.7183741927146912, 0.6742070913314819, 0.5552012920379639, 0.5351331233978271, 0.573881983757019, 0.6725804209709167, 0.6829795837402344, 0.6069682240486145, 0.583471953868866, 0.7059032917022705, 0.5997446179389954, 0.5422975420951843, 0.5588580369949341, 0.6023482084274292, 0.6564408540725708, 0.5228950381278992, 0.611972987651825, 0.6888017654418945, 0.5932344198226929, 0.5734145045280457, 0.6001336574554443, 0.6863739490509033, 0.6154971122741699, 0.5498415231704712, 0.5294651985168457, 0.6799490451812744, 0.6524960994720459, 0.6209268569946289, 0.6457759141921997, 0.694983720779419, 0.6746158003807068, 0.5551154613494873, 0.5779930353164673, 0.654357373714447, 0.684185266494751, 0.6546115875244141, 0.720192551612854, 0.710920512676239, 0.6071325540542603, 0.5826666355133057, 0.701704204082489, 0.717376172542572, 0.6620802283287048], "MSE": [0.007027569226920605, 0.0332048162817955, 0.04150696098804474, 0.027840852737426758, 0.051672935485839844, 0.028337787836790085, 0.02794032171368599, 0.04803232476115227, 0.05102066695690155, 0.047212302684783936, 0.03724765032529831, 0.035281140357255936, 0.06564980745315552, 0.062147460877895355, 0.037081196904182434, 0.043329060077667236, 0.05531291291117668, 0.04654013738036156, 0.04473915696144104, 0.0420755073428154, 0.07194850593805313, 0.03923048824071884, 0.03443191200494766, 0.05201106518507004, 0.0448528453707695, 0.04127435386180878, 0.03698708489537239, 0.052618738263845444, 0.06079540774226189, 0.05663808435201645, 0.02548571489751339, 0.040475379675626755, 0.04663959890604019, 0.038203172385692596, 0.0318906307220459, 0.03373444080352783, 0.05058097466826439, 0.03997505456209183, 0.028953060507774353, 0.03062281385064125, 0.03638428449630737, 0.025032147765159607, 0.027873491868376732, 0.04419517517089844, 0.03923511132597923, 0.029221832752227783, 0.026398641988635063, 0.03188639506697655], "LPIPS": [0.15428179502487183, 0.3395722508430481, 0.41073280572891235, 0.2690463662147522, 0.3297663927078247, 0.244606152176857, 0.3173433840274811, 0.4021063446998596, 0.45479053258895874, 0.41489920020103455, 0.31757503747940063, 0.2732500433921814, 0.35496968030929565, 0.35567012429237366, 0.2654760181903839, 0.3753145933151245, 0.41122186183929443, 0.4044775068759918, 0.37064820528030396, 0.3762053847312927, 0.383868545293808, 0.37196528911590576, 0.30158713459968567, 0.3984032869338989, 0.3722105324268341, 0.36447206139564514, 0.3324025869369507, 0.3722761273384094, 0.39383697509765625, 0.3872470557689667, 0.31182700395584106, 0.34099674224853516, 0.3691040277481079, 0.3060781955718994, 0.2852051258087158, 0.3311814069747925, 0.3780578374862671, 0.37653523683547974, 0.34332582354545593, 0.3036992847919464, 0.3033284544944763, 0.2538415789604187, 0.2834375500679016, 0.3868018388748169, 0.38014358282089233, 0.30975252389907837, 0.24152225255966187, 0.3349478244781494]}