{"PSNR": [20.943901538848877, 14.164824485778809, 11.035577058792114, 14.264190196990967, 16.395535469055176, 16.167327165603638, 15.972503423690796, 11.357041597366333, 10.761851072311401, 10.414060354232788, 11.525044441223145, 14.844998121261597, 13.61685037612915, 13.83817434310913, 13.376619815826416, 12.042644023895264, 11.532021760940552, 11.313478946685791, 11.045529842376709, 12.08253264427185, 11.975280046463013, 11.88478708267212, 11.60292387008667, 12.957003116607666, 12.32642650604248, 12.164497375488281, 11.172146797180176, 13.265446424484253, 11.682524681091309, 10.887700319290161, 10.71784496307373, 13.319714069366455, 14.70424771308899, 13.783243894577026, 12.437056303024292, 11.480480432510376, 10.652320384979248, 10.209940671920776, 12.061572074890137, 15.44047474861145, 16.560662984848022, 15.582327842712402, 13.403226137161255, 11.68874979019165, 11.608508825302124, 14.74440336227417, 17.358514070510864, 13.989044427871704], "SSIM": [0.8644876480102539, 0.6483232975006104, 0.5774663686752319, 0.6652230620384216, 0.7116071581840515, 0.6940018534660339, 0.7155338525772095, 0.6005629301071167, 0.5647498369216919, 0.5503784418106079, 0.5937961339950562, 0.6849343180656433, 0.6127879619598389, 0.5911354422569275, 0.5966100692749023, 0.6201436519622803, 0.562309741973877, 0.5606222152709961, 0.5568976402282715, 0.6074671149253845, 0.5474488139152527, 0.5054635405540466, 0.6072061061859131, 0.6011046171188354, 0.6001373529434204, 0.599898099899292, 0.5962449312210083, 0.6128026247024536, 0.5704748034477234, 0.48088496923446655, 0.5281354784965515, 0.6559371948242188, 0.6784436106681824, 0.6521028280258179, 0.6294311285018921, 0.6115442514419556, 0.5384424924850464, 0.5132590532302856, 0.6198417544364929, 0.6977264285087585, 0.7345144152641296, 0.7437157034873962, 0.6409129500389099, 0.6259867548942566, 0.5736050605773926, 0.6731486320495605, 0.7655006647109985, 0.669554591178894], "MSE": [0.008046555332839489, 0.038328129798173904, 0.07878478616476059, 0.03746114298701286, 0.02293223701417446, 0.02416948229074478, 0.025278408080339432, 0.07316374033689499, 0.08391022682189941, 0.0909062847495079, 0.07038751244544983, 0.03277178853750229, 0.043482549488544464, 0.041322123259305954, 0.04595555365085602, 0.062479227781295776, 0.07027450203895569, 0.07390129566192627, 0.07860444486141205, 0.06190799921751022, 0.06345590204000473, 0.06479199975728989, 0.06913653761148453, 0.050617389380931854, 0.058527152985334396, 0.0607505664229393, 0.07634583115577698, 0.04714713618159294, 0.06788088381290436, 0.08151358366012573, 0.08476480096578598, 0.04656168073415756, 0.033851295709609985, 0.041848085820674896, 0.05705508589744568, 0.07111349701881409, 0.08605339378118515, 0.09528091549873352, 0.06220751255750656, 0.028572779148817062, 0.022076677531003952, 0.027654588222503662, 0.045674875378608704, 0.0677836537361145, 0.06904768943786621, 0.03353974223136902, 0.018371669575572014, 0.03991127014160156], "LPIPS": [0.16764730215072632, 0.30936962366104126, 0.3950675129890442, 0.30904415249824524, 0.3170243799686432, 0.29352253675460815, 0.30375343561172485, 0.3807359039783478, 0.3993021249771118, 0.4231489300727844, 0.380925714969635, 0.27799561619758606, 0.34360504150390625, 0.39933592081069946, 0.3743326663970947, 0.32466667890548706, 0.3611578345298767, 0.39329153299331665, 0.3703904151916504, 0.3400726020336151, 0.40591591596603394, 0.4374510645866394, 0.3368423283100128, 0.3377980887889862, 0.35428696870803833, 0.3702617883682251, 0.33808401226997375, 0.30177003145217896, 0.33727550506591797, 0.44464102387428284, 0.38932567834854126, 0.3103855550289154, 0.3310772478580475, 0.3402780592441559, 0.34739023447036743, 0.33855336904525757, 0.38502296805381775, 0.46210113167762756, 0.30883198976516724, 0.28798529505729675, 0.32054460048675537, 0.29451984167099, 0.32313960790634155, 0.3117114305496216, 0.3446822464466095, 0.2870217263698578, 0.25459471344947815, 0.2988654673099518]}