{
    "PSNR": [
        22.164225578308105,
        15.32774806022644,
        14.065145254135132,
        15.632199048995972,
        16.202579736709595,
        15.56276798248291,
        14.901156425476074,
        12.23957896232605,
        11.672422885894775,
        12.185122966766357,
        12.750383615493774,
        14.651228189468384,
        14.064297676086426,
        14.170588254928589,
        13.72679352760315,
        11.821542978286743,
        10.90214729309082,
        12.609339952468872,
        11.461886167526245,
        12.18869686126709,
        13.814773559570312,
        13.176807165145874,
        13.073158264160156,
        11.248711347579956,
        12.59196162223816,
        11.72121286392212,
        11.61647915840149,
        12.371766567230225,
        13.516533374786377,
        13.098688125610352,
        12.799162864685059,
        12.287378311157227,
        13.075388669967651,
        13.583647012710571,
        11.737915277481079,
        12.237005233764648,
        12.647895812988281,
        12.465705871582031,
        13.143229484558105,
        14.486439228057861,
        14.334489107131958,
        13.881263732910156,
        13.691083192825317,
        12.921764850616455,
        12.920118570327759,
        14.766762256622314,
        15.267750024795532,
        15.030297040939331
    ],
    "SSIM": [
        0.8793290853500366,
        0.6513168811798096,
        0.6330204606056213,
        0.6504514217376709,
        0.6556965708732605,
        0.6486518979072571,
        0.6550430059432983,
        0.5726599097251892,
        0.543663501739502,
        0.5775768160820007,
        0.5820271372795105,
        0.6101222634315491,
        0.5764516592025757,
        0.5788544416427612,
        0.6044497489929199,
        0.5834104418754578,
        0.4912963807582855,
        0.5445375442504883,
        0.542148768901825,
        0.5842670202255249,
        0.5506274104118347,
        0.5562595129013062,
        0.6155739426612854,
        0.5585527420043945,
        0.5283655524253845,
        0.5111485719680786,
        0.552986204624176,
        0.5473070740699768,
        0.5738667249679565,
        0.5335206985473633,
        0.5982074737548828,
        0.6181704998016357,
        0.5597107410430908,
        0.567877471446991,
        0.5510982871055603,
        0.5803389549255371,
        0.5532951354980469,
        0.5981907844543457,
        0.6347507238388062,
        0.6464183330535889,
        0.6185349822044373,
        0.6320406198501587,
        0.609454333782196,
        0.5881828665733337,
        0.5852030515670776,
        0.6391391158103943,
        0.693717360496521,
        0.6403871178627014
    ],
    "MSE": [
        0.006075436249375343,
        0.029324136674404144,
        0.039218004792928696,
        0.027338843792676926,
        0.023974087089300156,
        0.02777942642569542,
        0.032350748777389526,
        0.05970931798219681,
        0.0680389553308487,
        0.060462720692157745,
        0.05308375507593155,
        0.034267082810401917,
        0.03922566398978233,
        0.038277290761470795,
        0.042395591735839844,
        0.06574241816997528,
        0.0812428891658783,
        0.05483603477478027,
        0.07141860574483871,
        0.060412999242544174,
        0.04154537618160248,
        0.048119306564331055,
        0.049281537532806396,
        0.07501167058944702,
        0.0550558976829052,
        0.0672788918018341,
        0.06892108172178268,
        0.05791930854320526,
        0.04449863359332085,
        0.048992689698934555,
        0.05249086767435074,
        0.059055738151073456,
        0.049256227910518646,
        0.04381626844406128,
        0.06702063977718353,
        0.05974471569061279,
        0.054351359605789185,
        0.056679945439100266,
        0.04849277064204216,
        0.035592302680015564,
        0.03685964643955231,
        0.04091415926814079,
        0.04274563491344452,
        0.0510297529399395,
        0.05104910954833031,
        0.03336750715970993,
        0.02973206155002117,
        0.031402938067913055
    ],
    "LPIPS": [
        0.13706764578819275,
        0.27709001302719116,
        0.3370141386985779,
        0.3052762448787689,
        0.2816885709762573,
        0.3035159707069397,
        0.2976587414741516,
        0.3596155047416687,
        0.3935449719429016,
        0.3736439049243927,
        0.37053146958351135,
        0.31665390729904175,
        0.3464065194129944,
        0.3790898323059082,
        0.3413406312465668,
        0.34953662753105164,
        0.407227098941803,
        0.37975645065307617,
        0.3623822331428528,
        0.39661705493927,
        0.37675684690475464,
        0.379952996969223,
        0.35716769099235535,
        0.38650888204574585,
        0.38542476296424866,
        0.44360944628715515,
        0.40749287605285645,
        0.40042898058891296,
        0.3511013686656952,
        0.3664477467536926,
        0.3754623830318451,
        0.39454182982444763,
        0.38184934854507446,
        0.4150770902633667,
        0.3853524625301361,
        0.3752861022949219,
        0.3745515048503876,
        0.3750723600387573,
        0.367026150226593,
        0.3090732991695404,
        0.3478045165538788,
        0.31287074089050293,
        0.2977756857872009,
        0.315716028213501,
        0.37124359607696533,
        0.3038635849952698,
        0.2471311390399933,
        0.2602672576904297
    ],
    "complexity": {
        "normal_roughness": [
            0.048061128705739975,
            0.04449152201414108,
            0.038922011852264404,
            0.04766136407852173,
            0.050042882561683655,
            0.04983746260404587,
            0.0467955619096756,
            0.03895377367734909,
            0.033755674958229065,
            0.03561943769454956,
            0.03946433588862419,
            0.04734538495540619,
            0.048153750598430634,
            0.04837813228368759,
            0.046211548149585724,
            0.037416934967041016,
            0.038850512355566025,
            0.04705449193716049,
            0.049779605120420456,
            0.03715752810239792,
            0.04538528993725777,
            0.04718349128961563,
            0.038980159908533096,
            0.03635983541607857,
            0.04673079401254654,
            0.05217093974351883,
            0.050214529037475586,
            0.03951776772737503,
            0.038983143866062164,
            0.044959571212530136,
            0.03837468847632408,
            0.03099045157432556,
            0.04494616761803627,
            0.04678383469581604,
            0.050579097121953964,
            0.04584039747714996,
            0.03531423211097717,
            0.03548228740692139,
            0.03306848555803299,
            0.03977198526263237,
            0.04561685025691986,
            0.04637101665139198,
            0.05321863293647766,
            0.039959099143743515,
            0.04012707620859146,
            0.043696820735931396,
            0.0466894805431366,
            0.043901227414608
        ],