{"PSNR": [20.76563835144043, 14.816019535064697, 14.490270614624023, 15.383033752441406, 16.783571243286133, 15.692695379257202, 13.443697690963745, 13.080211877822876, 13.25859785079956, 14.270416498184204, 13.372975587844849, 13.530036211013794, 11.678799390792847, 14.01713252067566, 12.534551620483398, 11.920664310455322, 12.483609914779663, 13.167966604232788, 12.34631896018982, 11.048882007598877, 12.495039701461792, 11.82071328163147, 10.933667421340942, 11.800870895385742, 13.330466747283936, 12.005822658538818, 11.656018495559692, 11.014643907546997, 12.37236499786377, 14.31782603263855, 11.223798990249634, 10.934659242630005, 13.907270431518555, 13.299016952514648, 12.523562908172607, 11.70189380645752, 14.487780332565308, 15.296512842178345, 12.73905634880066, 14.411779642105103, 15.551565885543823, 13.875319957733154, 12.86432147026062, 12.872291803359985, 16.10283136367798, 14.99280333518982, 15.68177580833435, 13.861192464828491], "SSIM": [0.854830265045166, 0.6619940996170044, 0.6362127065658569, 0.6768993139266968, 0.70982426404953, 0.6590980887413025, 0.5589934587478638, 0.5828374624252319, 0.5805586576461792, 0.6463474035263062, 0.6288627982139587, 0.6292477250099182, 0.6026632785797119, 0.6461989879608154, 0.5328113436698914, 0.5016533136367798, 0.571040153503418, 0.6279337406158447, 0.6379923820495605, 0.6008584499359131, 0.6104876399040222, 0.5743256211280823, 0.5143911838531494, 0.5413168668746948, 0.6303888559341431, 0.5918012857437134, 0.5721293687820435, 0.5737847089767456, 0.5835200548171997, 0.6539492011070251, 0.5831109881401062, 0.557868242263794, 0.6485295295715332, 0.6325430870056152, 0.5884265303611755, 0.5515854358673096, 0.6099836230278015, 0.6691678762435913, 0.6292546391487122, 0.6673571467399597, 0.7068588137626648, 0.6626919507980347, 0.6014899015426636, 0.5980470180511475, 0.6795927882194519, 0.6794862151145935, 0.7311258316040039, 0.6229105591773987], "MSE": [0.008383709006011486, 0.0329911969602108, 0.03556092083454132, 0.028953205794095993, 0.020972145721316338, 0.02696065604686737, 0.045251213014125824, 0.04920154809951782, 0.047221552580595016, 0.03740748018026352, 0.045994143933057785, 0.04436049982905388, 0.0679391473531723, 0.03965398296713829, 0.05578852817416191, 0.06425894796848297, 0.05644676089286804, 0.048217348754405975, 0.05825967714190483, 0.0785437822341919, 0.056298401206731796, 0.06575500220060349, 0.08065536618232727, 0.06605610251426697, 0.046446543186903, 0.06301121413707733, 0.06829646974802017, 0.07916544377803802, 0.057911332696676254, 0.037001337856054306, 0.07544320076704025, 0.08063696324825287, 0.040669895708560944, 0.046784110367298126, 0.05592986196279526, 0.06757882237434387, 0.0355813130736351, 0.029535800218582153, 0.05322239547967911, 0.036209456622600555, 0.0278511643409729, 0.04097019135951996, 0.051709216088056564, 0.05161439627408981, 0.02453109435737133, 0.031675226986408234, 0.027028534561395645, 0.04110368713736534], "LPIPS": [0.15102483332157135, 0.3317834436893463, 0.3593136668205261, 0.27586403489112854, 0.25288790464401245, 0.2752215266227722, 0.3624299466609955, 0.39769119024276733, 0.39043128490448, 0.3169298768043518, 0.3488057553768158, 0.28670182824134827, 0.3906794786453247, 0.30393800139427185, 0.37270212173461914, 0.41653281450271606, 0.3776485323905945, 0.3065856397151947, 0.37929269671440125, 0.40382105112075806, 0.3385269045829773, 0.3346167206764221, 0.44844838976860046, 0.39640408754348755, 0.3166486620903015, 0.3386573791503906, 0.39214491844177246, 0.38142144680023193, 0.36879676580429077, 0.2990313768386841, 0.38495224714279175, 0.4406701624393463, 0.31648439168930054, 0.2742394506931305, 0.35017651319503784, 0.3820870816707611, 0.3454706072807312, 0.2988342344760895, 0.35340917110443115, 0.3012445271015167, 0.2700548768043518, 0.31148096919059753, 0.3441799581050873, 0.36981233954429626, 0.3341982066631317, 0.32199200987815857, 0.2524875998497009, 0.3359440565109253]}