{
    "PSNR": [
        22.065846920013428,
        16.769298315048218,
        15.371983051300049,
        15.488158464431763,
        17.671124935150146,
        16.522212028503418,
        15.293169021606445,
        14.661942720413208,
        14.690234661102295,
        14.437175989151001,
        13.876793384552002,
        14.64352011680603,
        15.0877046585083,
        15.907635688781738,
        14.261534214019775,
        13.095245361328125,
        14.055328369140625,
        14.67025876045227,
        13.781381845474243,
        13.804734945297241,
        15.573595762252808,
        14.650236368179321,
        12.960330247879028,
        13.453142642974854,
        16.355409622192383,
        14.452041387557983,
        13.730615377426147,
        14.890990257263184,
        15.918604135513306,
        14.805307388305664,
        13.906960487365723,
        13.096389770507812,
        14.848417043685913,
        15.66064715385437,
        14.885444641113281,
        14.835810661315918,
        16.060454845428467,
        14.089653491973877,
        13.750325441360474,
        14.218586683273315,
        16.105506420135498,
        15.673128366470337,
        15.618304014205933,
        16.473493576049805,
        14.711729288101196,
        14.582973718643188,
        15.703357458114624,
        16.552823781967163
    ],
    "SSIM": [
        0.8685187101364136,
        0.7094944715499878,
        0.6390752792358398,
        0.6183338761329651,
        0.7321703433990479,
        0.7190417051315308,
        0.6762887835502625,
        0.6838494539260864,
        0.647332489490509,
        0.5914068222045898,
        0.5472416281700134,
        0.585094153881073,
        0.6413924098014832,
        0.6694881319999695,
        0.669041633605957,
        0.6443517804145813,
        0.6599557399749756,
        0.6550610065460205,
        0.5639410018920898,
        0.5520036220550537,
        0.6550924181938171,
        0.6817881464958191,
        0.5894275903701782,
        0.6017951965332031,
        0.7119407653808594,
        0.6601075530052185,
        0.5600197315216064,
        0.6247641444206238,
        0.6854761838912964,
        0.6847652196884155,
        0.5973296165466309,
        0.5620824098587036,
        0.6305596828460693,
        0.6520904898643494,
        0.6485955119132996,
        0.6317533850669861,
        0.6952793598175049,
        0.5963336825370789,
        0.5705649852752686,
        0.6077480316162109,
        0.7146021723747253,
        0.6946166753768921,
        0.6454968452453613,
        0.683169960975647,
        0.6265237331390381,
        0.6310621500015259,
        0.7210907936096191,
        0.6978496313095093
    ],
    "MSE": [
        0.006214633584022522,
        0.021041184663772583,
        0.029026973992586136,
        0.028260787948966026,
        0.017095724120736122,
        0.02227300964295864,
        0.029558544978499413,
        0.03418264910578728,
        0.03396069258451462,
        0.03599833697080612,
        0.04095630347728729,
        0.03432796895503998,
        0.03099057450890541,
        0.02565881237387657,
        0.0374840646982193,
        0.049031537026166916,
        0.039306752383708954,
        0.034117262810468674,
        0.04186604171991348,
        0.04164151847362518,
        0.02771024964749813,
        0.03427491709589958,
        0.050578631460666656,
        0.045152902603149414,
        0.023145098239183426,
        0.03587532788515091,
        0.042358290404081345,
        0.03242656588554382,
        0.025594081729650497,
        0.03307267650961876,
        0.040672797709703445,
        0.04901862144470215,
        0.03274600952863693,
        0.02716035209596157,
        0.032468002289533615,
        0.032841190695762634,
        0.02477163076400757,
        0.03899731859564781,
        0.04216649383306503,
        0.0378565788269043,
        0.024515986442565918,
        0.027082405984401703,
        0.027426447719335556,
        0.022524267435073853,
        0.033793024718761444,
        0.0348098948597908,
        0.026894550770521164,
        0.022116560488939285
    ],
    "LPIPS": [
        0.18983323872089386,
        0.30481818318367004,
        0.35176771879196167,
        0.29907575249671936,
        0.27671557664871216,
        0.2884865403175354,
        0.3195371627807617,
        0.337399959564209,
        0.3619996905326843,
        0.35365504026412964,
        0.39063146710395813,
        0.3635077178478241,
        0.3309491276741028,
        0.3135085105895996,
        0.3419260084629059,
        0.3699450194835663,
        0.3506390452384949,
        0.3658478856086731,
        0.37080323696136475,
        0.37469422817230225,
        0.35225093364715576,
        0.3624453544616699,
        0.397585928440094,
        0.3590020537376404,
        0.31033241748809814,
        0.3933641314506531,
        0.3701624870300293,
        0.3461631238460541,
        0.34323304891586304,
        0.3596934676170349,
        0.34877967834472656,
        0.392031729221344,
        0.3300589621067047,
        0.3288987874984741,
        0.39024800062179565,
        0.29782819747924805,
        0.31706780195236206,
        0.3486829102039337,
        0.365708589553833,
        0.36512672901153564,
        0.2842595875263214,
        0.3247167766094208,
        0.318805456161499,
        0.3115425109863281,
        0.34267276525497437,
        0.3656333088874817,
        0.25492754578590393,
        0.2796778082847595
    ],
    "complexity": {
        "normal_roughness": [
            0.047793760895729065,
            0.045588523149490356,
            0.04553444683551788,
            0.04798835515975952,
            0.047847457230091095,
            0.043974585831165314,
            0.03954078629612923,
            0.039197199046611786,
            0.039513953030109406,
            0.046782270073890686,
            0.05046726018190384,
            0.04691026359796524,
            0.046463288366794586,
            0.04358036443591118,
            0.03444627672433853,
            0.03237205371260643,
            0.03458133339881897,
            0.03403143584728241,
            0.04712895303964615,
            0.048105400055646896,
            0.04204815626144409,
            0.029128197580575943,
            0.03442501649260521,
            0.04320906102657318,
            0.043147921562194824,
            0.03649510443210602,
            0.0418168380856514,
            0.043835680931806564,
            0.03442002832889557,
            0.034541964530944824,
            0.03800828382372856,
            0.04381473362445831,
            0.045513056218624115,
            0.05214979127049446,
            0.04037622734904289,
            0.03464536741375923,
            0.04250969737768173,
            0.0448954701423645,
            0.0433964803814888,
            0.046012237668037415,
            0.051299549639225006,
            0.049587056040763855,
            0.050126321613788605,
            0.04077538847923279,
            0.04728349298238754,
            0.04510439932346344,
            0.050205297768116,
            0.0523381382226944
        ],