{"PSNR": [22.995190620422363, 19.03885841369629, 15.89246153831482, 15.881284475326538, 21.619243621826172, 15.98625659942627, 15.490516424179077, 17.83393144607544, 16.532124280929565, 14.113932847976685, 14.013553857803345, 16.18112325668335, 20.882441997528076, 15.9800386428833, 14.470747709274292, 15.232540369033813, 18.98645281791687, 14.72964882850647, 13.289964199066162, 14.27594780921936, 17.666279077529907, 14.497318267822266, 14.282841682434082, 16.650153398513794, 17.136142253875732, 13.763827085494995, 13.384015560150146, 16.42635941505432, 20.994622707366943, 15.37638783454895, 14.1108238697052, 15.123318433761597, 18.882076740264893, 15.331549644470215, 13.510657548904419, 14.815634489059448, 16.689391136169434, 14.802545309066772, 14.92209792137146, 16.887530088424683, 19.37959313392639, 15.390658378601074, 15.021140575408936, 20.699608325958252, 16.392799615859985, 16.6513729095459, 19.75074529647827, 22.2637939453125], "SSIM": [0.9119088053703308, 0.8390800356864929, 0.7394688129425049, 0.7196335196495056, 0.8685760498046875, 0.6903465986251831, 0.6726076006889343, 0.8121298551559448, 0.753435492515564, 0.6252275705337524, 0.6158934831619263, 0.7064017057418823, 0.8325656652450562, 0.6708720922470093, 0.6080963015556335, 0.6629468202590942, 0.8456292152404785, 0.6536900997161865, 0.5668865442276001, 0.6200910806655884, 0.7341622114181519, 0.5940474271774292, 0.591486930847168, 0.7355548739433289, 0.7808754444122314, 0.5919227004051208, 0.5628980398178101, 0.6869580149650574, 0.8414281606674194, 0.6341707706451416, 0.568243682384491, 0.6422009468078613, 0.829093873500824, 0.6881551146507263, 0.5710145235061646, 0.6210654973983765, 0.6940698623657227, 0.6166885495185852, 0.6171480417251587, 0.7253988981246948, 0.8485335111618042, 0.6735299825668335, 0.6384215950965881, 0.8326467275619507, 0.6819068193435669, 0.7038258910179138, 0.8581290245056152, 0.8879501223564148], "MSE": [0.0050174277275800705, 0.012477113865315914, 0.025748616084456444, 0.025814969092607498, 0.0068877204321324825, 0.02519848197698593, 0.02824544906616211, 0.016466714441776276, 0.022222228348255157, 0.03877990320324898, 0.03968667611479759, 0.024092823266983032, 0.00816123466938734, 0.025234591215848923, 0.03572113439440727, 0.029974091798067093, 0.01262858510017395, 0.03365388140082359, 0.04688173532485962, 0.03735986351966858, 0.017114810645580292, 0.03550326079130173, 0.03730060160160065, 0.02162642404437065, 0.019336853176355362, 0.042035602033138275, 0.0458773598074913, 0.02277005836367607, 0.007953125983476639, 0.028997544199228287, 0.03880767524242401, 0.030737480148673058, 0.01293577067553997, 0.029298480600118637, 0.04455888271331787, 0.03299412131309509, 0.02143191359937191, 0.033093713223934174, 0.03219512850046158, 0.020476091653108597, 0.011535617522895336, 0.028902418911457062, 0.03146922588348389, 0.008512146770954132, 0.022946691140532494, 0.02162035182118416, 0.010590720921754837, 0.0059377336874604225], "LPIPS": [0.10370279103517532, 0.17927175760269165, 0.2763526439666748, 0.2752879858016968, 0.17955496907234192, 0.2950841188430786, 0.29437991976737976, 0.21185719966888428, 0.247769296169281, 0.3619444966316223, 0.3837010860443115, 0.2948838770389557, 0.2550737261772156, 0.31534814834594727, 0.35675671696662903, 0.3107367753982544, 0.21146918833255768, 0.34279683232307434, 0.4169144332408905, 0.39127117395401, 0.2676461935043335, 0.37199464440345764, 0.3602721095085144, 0.26939770579338074, 0.2651703357696533, 0.37989342212677, 0.39405620098114014, 0.3431960940361023, 0.19856670498847961, 0.3515901565551758, 0.3837645947933197, 0.3452923893928528, 0.24767185747623444, 0.29167643189430237, 0.3681997060775757, 0.32499200105667114, 0.2645869851112366, 0.3345869183540344, 0.3384897708892822, 0.27735257148742676, 0.16292211413383484, 0.258151113986969, 0.30429691076278687, 0.17149025201797485, 0.27391746640205383, 0.27133119106292725, 0.18229883909225464, 0.14015227556228638]}