{"PSNR": [23.19666624069214, 19.530346393585205, 13.093944787979126, 13.71023178100586, 18.18467617034912, 15.254508256912231, 16.810967922210693, 20.866365432739258, 13.393641710281372, 11.319177150726318, 11.581966876983643, 14.59140419960022, 17.23000168800354, 13.760461807250977, 13.722823858261108, 17.03978657722473, 16.6089129447937, 11.622709035873413, 10.468602180480957, 12.287092208862305, 14.388517141342163, 12.743479013442993, 14.08921480178833, 18.13298225402832, 13.432658910751343, 11.035597324371338, 11.239193677902222, 15.271910429000854, 16.19095206260681, 12.813441753387451, 12.848818302154541, 14.827789068222046, 17.28233814239502, 12.783784866333008, 11.844860315322876, 13.36543321609497, 13.946441411972046, 12.844858169555664, 13.48920226097107, 15.390040874481201, 17.313312292099, 14.327255487442017, 14.435144662857056, 16.7792809009552, 13.946287631988525, 14.291186332702637, 17.73512363433838, 16.955336332321167], "SSIM": [0.9212448000907898, 0.8300374746322632, 0.6380237340927124, 0.6728994846343994, 0.8152949213981628, 0.666170597076416, 0.7211069464683533, 0.8448044657707214, 0.6362931132316589, 0.5480133295059204, 0.5717408657073975, 0.7360288500785828, 0.8177870512008667, 0.6102367639541626, 0.5862414240837097, 0.7210866808891296, 0.762316107749939, 0.5621651411056519, 0.5122741460800171, 0.6384273767471313, 0.6721785068511963, 0.5391101837158203, 0.6045161485671997, 0.7767287492752075, 0.6458992958068848, 0.5432531237602234, 0.5680428147315979, 0.7978905439376831, 0.777157187461853, 0.5793749094009399, 0.540939211845398, 0.6418638229370117, 0.8002845644950867, 0.6091855764389038, 0.6000739336013794, 0.7063300609588623, 0.6473582983016968, 0.5714070796966553, 0.6051182150840759, 0.7115156054496765, 0.827662467956543, 0.7145382761955261, 0.7428451776504517, 0.8107020854949951, 0.6567436456680298, 0.699046790599823, 0.8210253119468689, 0.8082115054130554], "MSE": [0.0047899759374558926, 0.011142055504024029, 0.04904621094465256, 0.04255756735801697, 0.015189118683338165, 0.029822856187820435, 0.02084026113152504, 0.008191503584384918, 0.04577579349279404, 0.07380440086126328, 0.06947097182273865, 0.034742385149002075, 0.018923431634902954, 0.04206819832324982, 0.04243435710668564, 0.01977067068219185, 0.021832764148712158, 0.06882229447364807, 0.08977176994085312, 0.05905964970588684, 0.03640393167734146, 0.053168222308158875, 0.03900125250220299, 0.015370987355709076, 0.045366376638412476, 0.07878441363573074, 0.07517625391483307, 0.029703592881560326, 0.02403835952281952, 0.05231856927275658, 0.05189412087202072, 0.03290190547704697, 0.018696751445531845, 0.05267706140875816, 0.06539040803909302, 0.04607408493757248, 0.040304720401763916, 0.051941465586423874, 0.04477956146001816, 0.028906527906656265, 0.018563883379101753, 0.03692109137773514, 0.03601517528295517, 0.020992878824472427, 0.040306150913238525, 0.03722900152206421, 0.016845647245645523, 0.020158879458904266], "LPIPS": [0.10461239516735077, 0.23686179518699646, 0.35698550939559937, 0.30174708366394043, 0.1926141083240509, 0.3150925636291504, 0.268359512090683, 0.1897420883178711, 0.3462228775024414, 0.4397372603416443, 0.3951321244239807, 0.2536849081516266, 0.23879265785217285, 0.35552623867988586, 0.38528165221214294, 0.2551574110984802, 0.25724178552627563, 0.41635602712631226, 0.44806909561157227, 0.35286056995391846, 0.3278970718383789, 0.403353214263916, 0.3744295835494995, 0.20063504576683044, 0.35131505131721497, 0.4478667378425598, 0.3981674015522003, 0.2302536815404892, 0.24351763725280762, 0.37446561455726624, 0.43232616782188416, 0.3413223624229431, 0.24963273108005524, 0.37183788418769836, 0.3942636251449585, 0.25440406799316406, 0.3165763318538666, 0.37757349014282227, 0.4206802248954773, 0.2848954200744629, 0.2371397614479065, 0.298194944858551, 0.2511250078678131, 0.27111294865608215, 0.33054688572883606, 0.3407120704650879, 0.20085841417312622, 0.21087762713432312]}