{
    "PSNR": [
        21.005747318267822,
        13.931126594543457,
        14.141098260879517,
        16.165109872817993,
        15.37513256072998,
        16.273304224014282,
        13.214960098266602,
        12.106728553771973,
        12.07526445388794,
        13.027195930480957,
        14.007271528244019,
        14.118703603744507,
        13.183048963546753,
        14.505616426467896,
        13.376121520996094,
        12.810038328170776,
        12.36812710762024,
        12.209230661392212,
        12.961759567260742,
        13.201605081558228,
        12.739076614379883,
        12.763351202011108,
        14.003937244415283,
        13.142495155334473,
        13.055868148803711,
        12.197585105895996,
        13.114303350448608,
        12.27643370628357,
        11.627495288848877,
        11.684818267822266,
        13.527443408966064,
        13.474692106246948,
        13.930013179779053,
        13.962150812149048,
        11.909126043319702,
        12.5899076461792,
        11.5334153175354,
        12.596362829208374,
        14.197816848754883,
        14.219540357589722,
        14.930213689804077,
        14.267700910568237,
        12.492222785949707,
        11.872791051864624,
        13.976396322250366,
        15.418356657028198,
        15.856789350509644,
        13.901972770690918
    ],
    "SSIM": [
        0.8630155920982361,
        0.6470080614089966,
        0.6429800391197205,
        0.7109805941581726,
        0.6658461689949036,
        0.7156895995140076,
        0.6395725607872009,
        0.5831384658813477,
        0.6326713562011719,
        0.6220308542251587,
        0.6240284442901611,
        0.6258754730224609,
        0.6017279028892517,
        0.6238540410995483,
        0.6617605686187744,
        0.5622223615646362,
        0.5773584246635437,
        0.6206268072128296,
        0.6238284111022949,
        0.5727121829986572,
        0.5740903615951538,
        0.6094671487808228,
        0.6313369274139404,
        0.563291072845459,
        0.6128495931625366,
        0.6472100615501404,
        0.5820322036743164,
        0.5675627589225769,
        0.5401824712753296,
        0.5664438605308533,
        0.6204027533531189,
        0.5808350443840027,
        0.6216909885406494,
        0.6557422876358032,
        0.6267342567443848,
        0.5876676440238953,
        0.6034764051437378,
        0.6165376305580139,
        0.6031715273857117,
        0.6052606105804443,
        0.6667205095291138,
        0.6779264807701111,
        0.6468241214752197,
        0.6034106612205505,
        0.6595192551612854,
        0.6831650733947754,
        0.7323862910270691,
        0.671339750289917
    ],
    "MSE": [
        0.007932780310511589,
        0.04044710099697113,
        0.03853809833526611,
        0.024181827902793884,
        0.029005927965044975,
        0.023586831986904144,
        0.04769842326641083,
        0.061564043164253235,
        0.06201168894767761,
        0.049805860966444016,
        0.03974412381649017,
        0.038737330585718155,
        0.04805019497871399,
        0.03543547913432121,
        0.04596082866191864,
        0.05235959216952324,
        0.05796785652637482,
        0.06012804061174393,
        0.05056199058890343,
        0.047845326364040375,
        0.05322214215993881,
        0.05292548984289169,
        0.03977464139461517,
        0.04850097745656967,
        0.04947812110185623,
        0.06028946489095688,
        0.048816852271556854,
        0.059204768389463425,
        0.06874647736549377,
        0.06784505397081375,
        0.04438699409365654,
        0.04492941498756409,
        0.04045747220516205,
        0.0401591882109642,
        0.06442989408969879,
        0.05508193373680115,
        0.07025197893381119,
        0.055000126361846924,
        0.03803806006908417,
        0.03784826397895813,
        0.032135020941495895,
        0.03743087500333786,
        0.05633493512868881,
        0.0649712011218071,
        0.0400276705622673,
        0.028718670830130577,
        0.02596098557114601,
        0.04071953147649765
    ],
    "LPIPS": [
        0.14025035500526428,
        0.34271708130836487,
        0.3111807703971863,
        0.3012343645095825,
        0.290531724691391,
        0.24662867188453674,
        0.32042667269706726,
        0.40064728260040283,
        0.39594802260398865,
        0.36856919527053833,
        0.3421042561531067,
        0.38924863934516907,
        0.3760545551776886,
        0.35303908586502075,
        0.3223618268966675,
        0.3646518886089325,
        0.37805190682411194,
        0.39471903443336487,
        0.33153003454208374,
        0.38900333642959595,
        0.40230420231819153,
        0.3704080283641815,
        0.3533968925476074,
        0.39247167110443115,
        0.33822157979011536,
        0.3456069231033325,
        0.3430023193359375,
        0.4162159562110901,
        0.4008474051952362,
        0.40999752283096313,
        0.33492910861968994,
        0.3991341292858124,
        0.38245150446891785,
        0.3112735450267792,
        0.34182408452033997,
        0.3851131200790405,
        0.3768792152404785,
        0.38671252131462097,
        0.3617005944252014,
        0.36915209889411926,
        0.3332427144050598,
        0.281139612197876,
        0.34413957595825195,
        0.34301966428756714,
        0.29351094365119934,
        0.30570030212402344,
        0.2624419927597046,
        0.29159826040267944
    ],
    "complexity": {
        "normal_roughness": [
            0.04452446103096008,
            0.03834119439125061,
            0.0379507914185524,
            0.045484982430934906,
            0.04945916682481766,
            0.045298680663108826,
            0.029426321387290955,
            0.03692574054002762,
            0.03063225746154785,
            0.03233281895518303,
            0.044068045914173126,
            0.045150190591812134,
            0.05018274486064911,
            0.05237249284982681,
            0.030540525913238525,
            0.04314173012971878,
            0.04418066889047623,
            0.0341123566031456,
            0.039406727999448776,
            0.04777441918849945,
            0.04975128173828125,
            0.03467106074094772,
            0.043404169380664825,
            0.04813124239444733,
            0.043565429747104645,
            0.03157767653465271,
            0.04444228112697601,
            0.05045489966869354,
            0.054055944085121155,
            0.04463128745555878,
            0.04609498754143715,
            0.04754722863435745,
            0.0492795929312706,
            0.043557874858379364,
            0.03183700516819954,
            0.04362849146127701,
            0.034263595938682556,
            0.04028437286615372,
            0.05029520392417908,
            0.048685599118471146,
            0.047476816922426224,
            0.0431440994143486,
            0.03226510062813759,
            0.04065445065498352,
            0.04464874044060707,
            0.04847083240747452,
            0.04595256596803665,
            0.03913641721010208
        ],