{
    "PSNR": [
        22.152316570281982,
        15.336180925369263,
        15.171517133712769,
        15.387641191482544,
        16.035892963409424,
        15.153225660324097,
        14.455510377883911,
        14.168959856033325,
        15.196293592453003,
        14.60695505142212,
        14.926705360412598,
        14.87033724784851,
        16.696561574935913,
        14.704041481018066,
        15.035957098007202,
        14.617501497268677,
        13.659740686416626,
        13.808687925338745,
        15.236846208572388,
        13.669770956039429,
        14.714418649673462,
        14.519561529159546,
        14.513325691223145,
        13.653777837753296,
        13.687334060668945,
        14.363391399383545,
        13.41876745223999,
        14.183194637298584,
        14.268333911895752,
        14.297691583633423,
        15.570424795150757,
        14.33014988899231,
        13.579686880111694,
        14.406334161758423,
        14.099615812301636,
        13.239185810089111,
        14.394806623458862,
        15.423940420150757,
        16.27705693244934,
        14.994739294052124,
        14.588899612426758,
        15.69300889968872,
        14.254699945449829,
        13.95725965499878,
        15.77736496925354,
        16.84382915496826,
        16.490397453308105,
        14.94213342666626
    ],
    "SSIM": [
        0.8892900347709656,
        0.6612182855606079,
        0.6735239028930664,
        0.6883690357208252,
        0.6921052932739258,
        0.6569485664367676,
        0.6238922476768494,
        0.6527255773544312,
        0.6615880727767944,
        0.5950855016708374,
        0.6325992941856384,
        0.6707649230957031,
        0.7018656134605408,
        0.6290264129638672,
        0.5881680250167847,
        0.6181855797767639,
        0.6421180963516235,
        0.5812574028968811,
        0.6314882040023804,
        0.5505815744400024,
        0.6487356424331665,
        0.5549015402793884,
        0.5574178099632263,
        0.6051614284515381,
        0.6439701914787292,
        0.5992995500564575,
        0.5503237247467041,
        0.6018030643463135,
        0.6446726322174072,
        0.5817066431045532,
        0.5880016088485718,
        0.5856531858444214,
        0.6068500280380249,
        0.664348304271698,
        0.6038975715637207,
        0.5978276133537292,
        0.600686252117157,
        0.6045725345611572,
        0.6381440162658691,
        0.6355225443840027,
        0.663885772228241,
        0.6983272433280945,
        0.6812551021575928,
        0.6407615542411804,
        0.6435028910636902,
        0.6913580894470215,
        0.7305132746696472,
        0.6695007085800171
    ],
    "MSE": [
        0.0060921176336705685,
        0.02926725149154663,
        0.030398230999708176,
        0.028922509402036667,
        0.024912124499678612,
        0.030526533722877502,
        0.03584667667746544,
        0.03829164803028107,
        0.030225303024053574,
        0.034618206322193146,
        0.03216100111603737,
        0.0325811505317688,
        0.02139655314385891,
        0.03385290130972862,
        0.03136204183101654,
        0.03453424200415611,
        0.043055228888988495,
        0.041603632271289825,
        0.029944390058517456,
        0.0429559126496315,
        0.03377211466431618,
        0.03532189130783081,
        0.03537263721227646,
        0.04311438649892807,
        0.04278253763914108,
        0.03661515936255455,
        0.045511722564697266,
        0.038166340440511703,
        0.03742542117834091,
        0.037173278629779816,
        0.027730491012334824,
        0.036896489560604095,
        0.04385623335838318,
        0.036254893988370895,
        0.038907960057258606,
        0.04743308573961258,
        0.03635125607252121,
        0.02868177555501461,
        0.023566458374261856,
        0.031661104410886765,
        0.0347624272108078,
        0.026958715170621872,
        0.03754309192299843,
        0.04020444303750992,
        0.026440124958753586,
        0.020683173090219498,
        0.02243676409125328,
        0.032046955078840256
    ],
    "LPIPS": [
        0.13026508688926697,
        0.3470955491065979,
        0.34896278381347656,
        0.3466838002204895,
        0.3166574537754059,
        0.28236496448516846,
        0.3698752820491791,
        0.3583154082298279,
        0.3477521240711212,
        0.3646533489227295,
        0.37724798917770386,
        0.36596596240997314,
        0.32897841930389404,
        0.34108030796051025,
        0.3354305028915405,
        0.3476264476776123,
        0.3528379201889038,
        0.35997846722602844,
        0.38558509945869446,
        0.40024852752685547,
        0.3828207850456238,
        0.3992869555950165,
        0.3799495995044708,
        0.39232683181762695,
        0.38393521308898926,
        0.3449806869029999,
        0.38232773542404175,
        0.3852829933166504,
        0.37450385093688965,
        0.38409554958343506,
        0.38785362243652344,
        0.4038758873939514,
        0.38719505071640015,
        0.3525720238685608,
        0.33381712436676025,
        0.329204797744751,
        0.3733469843864441,
        0.38417530059814453,
        0.3768133223056793,
        0.3892606496810913,
        0.338680624961853,
        0.3087904751300812,
        0.33269500732421875,
        0.3447287976741791,
        0.3826400935649872,
        0.3312598764896393,
        0.2814071476459503,
        0.3437359929084778
    ],
    "complexity": {
        "normal_roughness": [
            0.050790950655937195,
            0.052536964416503906,
            0.04908166825771332,
            0.049347251653671265,
            0.052726373076438904,
            0.043168436735868454,
            0.03482945263385773,
            0.04030609503388405,
            0.04358379542827606,
            0.046995483338832855,
            0.045192182064056396,
            0.05043838918209076,
            0.046511031687259674,
            0.03647933155298233,
            0.040362462401390076,
            0.03976687043905258,
            0.03050440549850464,
            0.04360727220773697,
            0.044423047453165054,
            0.046552445739507675,
            0.033409617841243744,
            0.04741702973842621,
            0.04885973036289215,
            0.04157944768667221,
            0.03119719959795475,
            0.03942606598138809,
            0.04410804063081741,
            0.04330642148852348,
            0.03425190597772598,
            0.04543306678533554,
            0.05018405243754387,
            0.04568924754858017,
            0.04309893399477005,
            0.03138383850455284,
            0.03225475549697876,
            0.03771664947271347,
            0.044301632791757584,
            0.0479617640376091,
            0.04826102405786514,
            0.04806463420391083,
            0.042627181857824326,
            0.03495476767420769,
            0.029677757993340492,
            0.03830773010849953,
            0.048151895403862,
            0.04904988408088684,
            0.04291609302163124,
            0.043500859290361404
        ],