{
    "PSNR": [
        21.869187355041504,
        14.497314691543579,
        14.099575281143188,
        13.281458616256714,
        14.895273447036743,
        13.582260608673096,
        12.493443489074707,
        13.595309257507324,
        15.033928155899048,
        12.60130524635315,
        12.046420574188232,
        12.97748327255249,
        14.63714599609375,
        12.828525304794312,
        12.019565105438232,
        11.825921535491943,
        13.484611511230469,
        12.565248012542725,
        11.900595426559448,
        11.404709815979004,
        13.399797677993774,
        11.719224452972412,
        11.965663433074951,
        13.065857887268066,
        13.470218181610107,
        12.274755239486694,
        11.880321502685547,
        11.775548458099365,
        13.324798345565796,
        12.203613519668579,
        11.668111085891724,
        13.179281949996948,
        14.477825164794922,
        13.875900506973267,
        13.258528709411621,
        12.16065764427185,
        13.791582584381104,
        12.373349666595459,
        13.27564001083374,
        14.348000288009644,
        14.847345352172852,
        14.77759838104248,
        13.342664241790771,
        13.501662015914917,
        14.382641315460205,
        15.021308660507202,
        16.59033179283142,
        15.218065977096558
    ],
    "SSIM": [
        0.8815116882324219,
        0.642127275466919,
        0.6049163341522217,
        0.5687383413314819,
        0.64285808801651,
        0.5641267895698547,
        0.4904225766658783,
        0.5777041912078857,
        0.6113572120666504,
        0.5394800305366516,
        0.5376121997833252,
        0.5409971475601196,
        0.6051260828971863,
        0.5066424608230591,
        0.5451024174690247,
        0.5214183330535889,
        0.5840132236480713,
        0.5406373739242554,
        0.5486156940460205,
        0.49816828966140747,
        0.5725504755973816,
        0.5187286138534546,
        0.5226796865463257,
        0.5636274814605713,
        0.5623241662979126,
        0.5603070259094238,
        0.5696339011192322,
        0.5275377035140991,
        0.5482622981071472,
        0.5026432275772095,
        0.4951080083847046,
        0.573788583278656,
        0.5827957391738892,
        0.5634300112724304,
        0.6013392806053162,
        0.5660936832427979,
        0.5332421660423279,
        0.5195826292037964,
        0.5421286225318909,
        0.5766619443893433,
        0.6142855882644653,
        0.628758430480957,
        0.5814041495323181,
        0.5447862148284912,
        0.5745985507965088,
        0.61076819896698,
        0.7009482383728027,
        0.6557282209396362
    ],
    "MSE": [
        0.006502513773739338,
        0.035503290593624115,
        0.038908328860998154,
        0.04697362706065178,
        0.03239461034536362,
        0.043830256909132004,
        0.05631909891963005,
        0.043698765337467194,
        0.03137670084834099,
        0.05493757873773575,
        0.0624249130487442,
        0.050379253923892975,
        0.034378379583358765,
        0.05213717371225357,
        0.06281213462352753,
        0.06567618250846863,
        0.044826921075582504,
        0.05539558827877045,
        0.06455657631158829,
        0.07236509025096893,
        0.04571095108985901,
        0.06730969250202179,
        0.06359656155109406,
        0.049364443868398666,
        0.04497572407126427,
        0.05922763794660568,
        0.06485866010189056,
        0.06644237041473389,
        0.046507202088832855,
        0.060205839574337006,
        0.06810656189918518,
        0.04809189587831497,
        0.035662975162267685,
        0.040964722633361816,
        0.04722229391336441,
        0.06080428883433342,
        0.04176781699061394,
        0.057898204773664474,
        0.04703661426901817,
        0.03674514591693878,
        0.032754085958004,
        0.03328435868024826,
        0.046316277235746384,
        0.04465128108859062,
        0.03645322471857071,
        0.03146800398826599,
        0.02192637324333191,
        0.03007415495812893
    ],
    "LPIPS": [
        0.12035541236400604,
        0.2971324920654297,
        0.3530392646789551,
        0.3734544515609741,
        0.3111874759197235,
        0.3316004276275635,
        0.3995378017425537,
        0.32065054774284363,
        0.3034234046936035,
        0.3929644525051117,
        0.394032746553421,
        0.3803216814994812,
        0.34776026010513306,
        0.3712294101715088,
        0.4680825471878052,
        0.428836464881897,
        0.3786458671092987,
        0.40009358525276184,
        0.3917160630226135,
        0.41116219758987427,
        0.382641077041626,
        0.4367595314979553,
        0.417207270860672,
        0.3851335048675537,
        0.40525561571121216,
        0.43527042865753174,
        0.37808653712272644,
        0.39262738823890686,
        0.3644981384277344,
        0.40769797563552856,
        0.43202564120292664,
        0.4058971405029297,
        0.35753190517425537,
        0.39307335019111633,
        0.4118809103965759,
        0.4024359881877899,
        0.39036107063293457,
        0.3972369432449341,
        0.39938294887542725,
        0.380962610244751,
        0.3069034218788147,
        0.33124691247940063,
        0.3277086019515991,
        0.36589938402175903,
        0.3605613112449646,
        0.31296440958976746,
        0.2665366530418396,
        0.32248297333717346
    ],
    "complexity": {
        "normal_roughness": [
            0.050205297768116,
            0.05090664327144623,
            0.046859193593263626,
            0.044919729232788086,
            0.051894716918468475,
            0.05268906429409981,
            0.051778752356767654,
            0.047142162919044495,
            0.04361239820718765,
            0.04502544179558754,
            0.0433964803814888,
            0.04748053103685379,
            0.04332683980464935,
            0.04938255622982979,
            0.03894706815481186,
            0.032850053161382675,
            0.035353392362594604,
            0.039623379707336426,
            0.03659805655479431,
            0.04436551034450531,
            0.03563052415847778,
            0.037819065153598785,
            0.041724979877471924,
            0.039172571152448654,
            0.035892732441425323,
            0.030420411378145218,
            0.033558547496795654,
            0.039522916078567505,
            0.03603705018758774,
            0.040075868368148804,
            0.04602258279919624,
            0.047479428350925446,
            0.04342590644955635,
            0.04072460159659386,
            0.03253161162137985,
            0.03257787227630615,
            0.043939556926488876,
            0.04901064187288284,
            0.05046699196100235,
            0.0468553826212883,
            0.047003358602523804,
            0.04389234259724617,
            0.041683413088321686,
            0.043408967554569244,
            0.04764164239168167,
            0.04856976121664047,
            0.04941543936729431,
            0.04752678424119949
        ],