{
    "PSNR": [
        22.611100673675537,
        16.257768869400024,
        13.894189596176147,
        13.008092641830444,
        17.582587003707886,
        14.61669921875,
        14.575308561325073,
        15.112706422805786,
        14.94261384010315,
        12.448034286499023,
        11.943881511688232,
        12.340697050094604,
        14.699676036834717,
        14.420968294143677,
        13.347762823104858,
        13.67030382156372,
        14.537191390991211,
        13.800346851348877,
        12.130286693572998,
        11.660915613174438,
        15.333343744277954,
        13.190758228302002,
        13.142530918121338,
        13.42326283454895,
        13.467425107955933,
        13.118914365768433,
        11.828064918518066,
        12.554012537002563,
        14.60789442062378,
        13.759111166000366,
        13.234786987304688,
        12.944148778915405,
        13.725258111953735,
        13.22422742843628,
        12.630075216293335,
        12.543842792510986,
        15.037322044372559,
        13.63673210144043,
        13.193130493164062,
        13.77172589302063,
        14.657670259475708,
        13.549307584762573,
        13.53132963180542,
        14.547392129898071,
        14.605319499969482,
        14.234627485275269,
        15.980561971664429,
        16.54800772666931
    ],
    "SSIM": [
        0.8909257650375366,
        0.6928783655166626,
        0.5840623378753662,
        0.5755907297134399,
        0.7236034870147705,
        0.61685711145401,
        0.6048256754875183,
        0.6336144804954529,
        0.6096796989440918,
        0.49992045760154724,
        0.5246351957321167,
        0.5588483810424805,
        0.656475305557251,
        0.5801247358322144,
        0.5284885168075562,
        0.5760914087295532,
        0.6255490779876709,
        0.5509810447692871,
        0.4960096776485443,
        0.5187263488769531,
        0.6032085418701172,
        0.47281143069267273,
        0.5379890203475952,
        0.5933526754379272,
        0.5803779363632202,
        0.5288219451904297,
        0.5115021467208862,
        0.5858093500137329,
        0.6248337626457214,
        0.49338650703430176,
        0.484220027923584,
        0.5519577264785767,
        0.5907019972801208,
        0.5834795236587524,
        0.5262165665626526,
        0.5865010619163513,
        0.5766150951385498,
        0.4959739148616791,
        0.5141845941543579,
        0.604647159576416,
        0.6411833763122559,
        0.6200592517852783,
        0.6281255483627319,
        0.6532875895500183,
        0.5569685697555542,
        0.5935690402984619,
        0.7072765827178955,
        0.7095836400985718
    ],
    "MSE": [
        0.00548138190060854,
        0.023671358823776245,
        0.04079257696866989,
        0.05002542585134506,
        0.017447831109166145,
        0.03454062342643738,
        0.03487138822674751,
        0.03081268072128296,
        0.03204340487718582,
        0.05691104382276535,
        0.06391634047031403,
        0.05833515152335167,
        0.033886946737766266,
        0.03613293170928955,
        0.04626192897558212,
        0.04295064136385918,
        0.035178788006305695,
        0.041683606803417206,
        0.06123099476099014,
        0.06821948289871216,
        0.029286380857229233,
        0.04796496778726578,
        0.048500578850507736,
        0.04546463489532471,
        0.04500466212630272,
        0.048765044659376144,
        0.0656437873840332,
        0.0555390939116478,
        0.03461071848869324,
        0.04208127781748772,
        0.04748116061091423,
        0.05076741799712181,
        0.042410578578710556,
        0.04759674891829491,
        0.05457484722137451,
        0.055669307708740234,
        0.03135218471288681,
        0.04328393563628197,
        0.04793877527117729,
        0.04195922613143921,
        0.034216299653053284,
        0.04416409134864807,
        0.044347286224365234,
        0.03509625047445297,
        0.03463124483823776,
        0.03771701455116272,
        0.02523154392838478,
        0.02214110642671585
    ],
    "LPIPS": [
        0.16308829188346863,
        0.29762834310531616,
        0.37343987822532654,
        0.34993886947631836,
        0.24287466704845428,
        0.354200154542923,
        0.35120487213134766,
        0.3195629119873047,
        0.35772082209587097,
        0.405866801738739,
        0.4366806149482727,
        0.3562955856323242,
        0.32147541642189026,
        0.34536606073379517,
        0.37755879759788513,
        0.35471174120903015,
        0.3330085873603821,
        0.370811402797699,
        0.41250139474868774,
        0.4100625813007355,
        0.3299466371536255,
        0.4145311713218689,
        0.40940186381340027,
        0.3619832396507263,
        0.3988174796104431,
        0.40662893652915955,
        0.4330897927284241,
        0.34013134241104126,
        0.3465484380722046,
        0.4042360186576843,
        0.43583738803863525,
        0.42514580488204956,
        0.36837685108184814,
        0.41487544775009155,
        0.39389893412590027,
        0.3679291009902954,
        0.3768237233161926,
        0.43640074133872986,
        0.4363707900047302,
        0.36876362562179565,
        0.3022976219654083,
        0.3617286682128906,
        0.36258071660995483,
        0.3335033655166626,
        0.3863818347454071,
        0.3402968943119049,
        0.32111093401908875,
        0.3063453137874603
    ],
    "complexity": {
        "normal_roughness": [
            0.0532105416059494,
            0.04955921322107315,
            0.04936899244785309,
            0.05160553753376007,
            0.04528780281543732,
            0.03401149436831474,
            0.03271327167749405,
            0.048634953796863556,
            0.0505513995885849,
            0.04657082259654999,
            0.046171288937330246,
            0.04754089191555977,
            0.040912725031375885,
            0.036549799144268036,
            0.04356466978788376,
            0.0395229272544384,
            0.0407206267118454,
            0.04550207406282425,
            0.04477304965257645,
            0.04663732647895813,
            0.03754357621073723,
            0.04609577730298042,
            0.04778749495744705,
            0.03965839743614197,
            0.0380820706486702,
            0.043220240622758865,
            0.039901431649923325,
            0.03950197994709015,
            0.0395672470331192,
            0.04521377757191658,
            0.049271851778030396,
            0.04779314622282982,
            0.03829464316368103,
            0.034974001348018646,
            0.03450682759284973,
            0.03368246182799339,
            0.04666946828365326,
            0.04678167402744293,
            0.04779154062271118,
            0.04626075178384781,
            0.040884047746658325,
            0.030979691073298454,
            0.030591467395424843,
            0.03850753605365753,
            0.04801302030682564,
            0.04825829714536667,
            0.044318996369838715,
            0.041827887296676636
        ],