{"PSNR": [23.246262073516846, 17.409133911132812, 15.504544973373413, 15.790125131607056, 18.416699171066284, 16.472923755645752, 15.324350595474243, 15.475143194198608, 14.834011793136597, 13.392006158828735, 13.981893062591553, 16.43329620361328, 17.97368884086609, 16.21415138244629, 14.657509326934814, 14.920672178268433, 15.016207695007324, 13.027986288070679, 12.319638729095459, 14.032316207885742, 17.13219404220581, 14.459226131439209, 14.409574270248413, 15.044189691543579, 14.849804639816284, 12.420264482498169, 12.4730384349823, 15.603388547897339, 17.34606385231018, 14.822585582733154, 14.052022695541382, 15.10041356086731, 15.446594953536987, 14.799338579177856, 12.413700819015503, 13.374899625778198, 15.934784412384033, 14.683326482772827, 14.941408634185791, 15.814106464385986, 16.149532794952393, 14.414505958557129, 13.677929639816284, 16.071022748947144, 16.067965030670166, 16.229933500289917, 16.046959161758423, 16.01027250289917], "SSIM": [0.9004632830619812, 0.7526096701622009, 0.6857751607894897, 0.6952208876609802, 0.7795445322990417, 0.6922382712364197, 0.692891538143158, 0.6886736750602722, 0.6554908156394958, 0.552680253982544, 0.5702441930770874, 0.6741978526115417, 0.7413153648376465, 0.663672924041748, 0.5838338136672974, 0.6545032858848572, 0.7002619504928589, 0.5410544872283936, 0.48313817381858826, 0.5752736926078796, 0.6933283805847168, 0.5671484470367432, 0.5891113877296448, 0.6740565299987793, 0.6609086394309998, 0.5021700263023376, 0.520077109336853, 0.6453001499176025, 0.7080111503601074, 0.6055818796157837, 0.5500491857528687, 0.6499820947647095, 0.7086418867111206, 0.6284009218215942, 0.537236213684082, 0.5782936811447144, 0.6485406756401062, 0.5949031114578247, 0.6174425482749939, 0.6953829526901245, 0.7332121729850769, 0.6508597135543823, 0.6267989873886108, 0.7023224830627441, 0.6860718727111816, 0.7021374702453613, 0.7147988677024841, 0.7157576084136963], "MSE": [0.004735587164759636, 0.01815878227353096, 0.02815435454249382, 0.02636255882680416, 0.014398925006389618, 0.022527223452925682, 0.029347088187932968, 0.028345603495836258, 0.032854802906513214, 0.04579302296042442, 0.0399770513176918, 0.022733714431524277, 0.015945248305797577, 0.023910289630293846, 0.03421756625175476, 0.03220570087432861, 0.03150498867034912, 0.049796804785728455, 0.0586186945438385, 0.03951559215784073, 0.0193544439971447, 0.03581602871417999, 0.03622785955667496, 0.031302642077207565, 0.032735541462898254, 0.057276129722595215, 0.05658433586359024, 0.027520801872015, 0.018424412235617638, 0.03294136002659798, 0.039336685091257095, 0.0309000164270401, 0.028532546013593674, 0.03311815485358238, 0.05736273527145386, 0.0459737554192543, 0.025498908013105392, 0.034014757722616196, 0.03205229341983795, 0.02621738612651825, 0.02426871284842491, 0.036186739802360535, 0.04287528991699219, 0.024711420759558678, 0.024728823453187943, 0.023823564872145653, 0.024848729372024536, 0.025059517472982407], "LPIPS": [0.15205350518226624, 0.2171088457107544, 0.2967640161514282, 0.339760422706604, 0.18964244425296783, 0.2609628438949585, 0.2522302269935608, 0.24930761754512787, 0.32157450914382935, 0.3875448703765869, 0.3836266100406647, 0.3096361756324768, 0.22098347544670105, 0.3006798028945923, 0.3330293595790863, 0.3274993300437927, 0.29695186018943787, 0.3862663209438324, 0.44403350353240967, 0.41302967071533203, 0.26609867811203003, 0.3361622095108032, 0.3426390290260315, 0.2900456190109253, 0.30585649609565735, 0.4143955707550049, 0.4400046169757843, 0.32602137327194214, 0.26790714263916016, 0.3100787401199341, 0.3561445474624634, 0.3228057622909546, 0.27694275975227356, 0.333777517080307, 0.3900701403617859, 0.38031020760536194, 0.29950809478759766, 0.3201969265937805, 0.3417327404022217, 0.32913529872894287, 0.22755120694637299, 0.28464770317077637, 0.3070974349975586, 0.2817665934562683, 0.279106080532074, 0.3294200599193573, 0.24040502309799194, 0.2744383215904236]}