{"PSNR": [22.107808589935303, 14.832054376602173, 15.421347618103027, 14.202351570129395, 15.294631719589233, 15.42462944984436, 13.083502054214478, 13.54374647140503, 14.881254434585571, 13.022005558013916, 13.091378211975098, 13.837120532989502, 14.231499433517456, 16.61320447921753, 13.457376956939697, 12.68079161643982, 13.990086317062378, 13.51668119430542, 12.363842725753784, 13.317852020263672, 15.915120840072632, 14.767926931381226, 12.709591388702393, 13.390710353851318, 15.17263412475586, 12.486302852630615, 12.98643708229065, 13.616769313812256, 14.137482643127441, 15.796163082122803, 13.392057418823242, 13.056044578552246, 14.452652931213379, 14.472004175186157, 13.397753238677979, 13.728991746902466, 15.581296682357788, 14.142982959747314, 12.988470792770386, 13.866019248962402, 15.120042562484741, 13.903220891952515, 14.284964799880981, 13.46098780632019, 15.453791618347168, 13.762363195419312, 16.37889862060547, 14.822012186050415], "SSIM": [0.9007121920585632, 0.7106680870056152, 0.7474416494369507, 0.6636223793029785, 0.7093819379806519, 0.7118908762931824, 0.5781604647636414, 0.6245423555374146, 0.7375754714012146, 0.6528714299201965, 0.5986877679824829, 0.6260265111923218, 0.6449731588363647, 0.7667574882507324, 0.5950561761856079, 0.551255464553833, 0.6569964289665222, 0.7077130675315857, 0.5717557072639465, 0.582762598991394, 0.7099666595458984, 0.6809179186820984, 0.5626715421676636, 0.5961532592773438, 0.7283932566642761, 0.6178847551345825, 0.5665303468704224, 0.6036440134048462, 0.6285755038261414, 0.7190400958061218, 0.6111400127410889, 0.5718338489532471, 0.651935875415802, 0.7420390844345093, 0.6110672950744629, 0.5987788438796997, 0.6967082023620605, 0.6449599266052246, 0.5899625420570374, 0.6311455965042114, 0.688633143901825, 0.7146021723747253, 0.6586087942123413, 0.5945881605148315, 0.6957650184631348, 0.6385427117347717, 0.7294563055038452, 0.7062138319015503], "MSE": [0.006154876202344894, 0.0328696146607399, 0.02869890257716179, 0.037998367100954056, 0.02954859659075737, 0.02867722325026989, 0.0491643026471138, 0.04422067105770111, 0.032499343156814575, 0.04986542463302612, 0.049075208604335785, 0.04133215546607971, 0.0377441942691803, 0.02181120216846466, 0.04510890692472458, 0.05394123122096062, 0.039901699870824814, 0.04449712485074997, 0.05802507326006889, 0.04658164829015732, 0.025614624843001366, 0.03335856273770332, 0.05358470603823662, 0.045806705951690674, 0.030390417203307152, 0.05641176924109459, 0.050275497138500214, 0.04348336160182953, 0.03857019543647766, 0.026325931772589684, 0.04579249769449234, 0.04947611689567566, 0.0358702726662159, 0.03571079671382904, 0.04573247954249382, 0.0423741452395916, 0.02766115963459015, 0.03852136433124542, 0.05025194585323334, 0.04105803370475769, 0.030760671943426132, 0.040707822889089584, 0.037282370030879974, 0.045071423053741455, 0.028485305607318878, 0.04204977676272392, 0.02302025817334652, 0.032945699989795685], "LPIPS": [0.11665026843547821, 0.2796322703361511, 0.2619224190711975, 0.33790576457977295, 0.3032004237174988, 0.25594550371170044, 0.3411954641342163, 0.32731375098228455, 0.2808111906051636, 0.3387357294559479, 0.38846346735954285, 0.3509332239627838, 0.3474328815937042, 0.19131453335285187, 0.33802294731140137, 0.3844662010669708, 0.3041214346885681, 0.28246021270751953, 0.3719058632850647, 0.40069857239723206, 0.3171193599700928, 0.3236619830131531, 0.387225478887558, 0.3420129418373108, 0.2299610674381256, 0.32345980405807495, 0.40024328231811523, 0.3747892677783966, 0.3617997467517853, 0.2849515676498413, 0.35472315549850464, 0.3807408809661865, 0.3265364170074463, 0.278902143239975, 0.3213885426521301, 0.3729422390460968, 0.3459944427013397, 0.35137036442756653, 0.3928314447402954, 0.3520224988460541, 0.30488020181655884, 0.2786208987236023, 0.2876177728176117, 0.34080761671066284, 0.2937457859516144, 0.34680745005607605, 0.2506997883319855, 0.2772968113422394]}