{
    "PSNR": [
        23.863930702209473,
        19.698582887649536,
        16.39620304107666,
        16.197203397750854,
        21.34502410888672,
        17.2873055934906,
        16.1279034614563,
        17.87966251373291,
        17.35555648803711,
        14.558230638504028,
        14.502673149108887,
        16.400597095489502,
        19.383344650268555,
        17.47114658355713,
        15.508662462234497,
        15.54808497428894,
        18.307745456695557,
        15.574969053268433,
        14.045753479003906,
        15.041605234146118,
        19.655535221099854,
        15.74948787689209,
        15.0523042678833,
        16.23507022857666,
        18.860164880752563,
        14.727187156677246,
        14.19939398765564,
        17.10606813430786,
        21.48756504058838,
        16.71777367591858,
        15.105749368667603,
        15.531697273254395,
        18.10232162475586,
        16.849547624588013,
        14.835318326950073,
        16.09880805015564,
        17.970377206802368,
        15.8073091506958,
        15.577079057693481,
        16.510766744613647,
        19.5988929271698,
        16.597906351089478,
        16.48486018180847,
        19.707218408584595,
        17.10712194442749,
        16.533626317977905,
        18.520400524139404,
        18.8955557346344
    ],
    "SSIM": [
        0.9196854829788208,
        0.8563288450241089,
        0.7274680137634277,
        0.6822103261947632,
        0.8486954569816589,
        0.7227314710617065,
        0.6931767463684082,
        0.7990819811820984,
        0.7868615984916687,
        0.610332727432251,
        0.6052727699279785,
        0.7061829566955566,
        0.8053346872329712,
        0.7189146876335144,
        0.6436228156089783,
        0.6651222109794617,
        0.8418160676956177,
        0.6713382601737976,
        0.5676326751708984,
        0.6326520442962646,
        0.8000898361206055,
        0.6271229982376099,
        0.6172152757644653,
        0.7071667909622192,
        0.8276989459991455,
        0.6242959499359131,
        0.5788576602935791,
        0.7128841876983643,
        0.8348361849784851,
        0.6800270080566406,
        0.5879651308059692,
        0.6515592336654663,
        0.8172214031219482,
        0.7497357130050659,
        0.6149767637252808,
        0.6662325859069824,
        0.7330427169799805,
        0.6288232803344727,
        0.6263365745544434,
        0.7108809947967529,
        0.8587314486503601,
        0.725947380065918,
        0.7023667097091675,
        0.823205828666687,
        0.7020978331565857,
        0.6930076479911804,
        0.8310661315917969,
        0.8231363296508789
    ],
    "MSE": [
        0.004107777960598469,
        0.01071869395673275,
        0.022928718477487564,
        0.024003785103559494,
        0.007336650043725967,
        0.018675383180379868,
        0.024389877915382385,
        0.016294226050376892,
        0.018384186550974846,
        0.03500878065824509,
        0.03545951098203659,
        0.02290552854537964,
        0.011525655165314674,
        0.017901331186294556,
        0.02812766656279564,
        0.027873501181602478,
        0.014764725230634212,
        0.027701489627361298,
        0.039393506944179535,
        0.03132127970457077,
        0.010825462639331818,
        0.026610393077135086,
        0.031244218349456787,
        0.02379540354013443,
        0.013001201674342155,
        0.03367295861244202,
        0.03802424669265747,
        0.019471220672130585,
        0.007099758367985487,
        0.0212923064827919,
        0.030862074345350266,
        0.02797888219356537,
        0.015479892492294312,
        0.020655956119298935,
        0.03284492343664169,
        0.024553831666707993,
        0.015957407653331757,
        0.026258450001478195,
        0.027688032016158104,
        0.022331781685352325,
        0.010967581532895565,
        0.021888166666030884,
        0.02246539294719696,
        0.010697401128709316,
        0.019466502591967583,
        0.02221454307436943,
        0.014059184119105339,
        0.012895687483251095
    ],
    "LPIPS": [
        0.13194572925567627,
        0.16844138503074646,
        0.28986403346061707,
        0.30859994888305664,
        0.18624167144298553,
        0.23782265186309814,
        0.2968275547027588,
        0.23533783853054047,
        0.25043416023254395,
        0.34927260875701904,
        0.36383605003356934,
        0.308538556098938,
        0.2748102843761444,
        0.2711770534515381,
        0.3250669240951538,
        0.33822357654571533,
        0.22398385405540466,
        0.31658244132995605,
        0.4237906038761139,
        0.3541353642940521,
        0.2318766713142395,
        0.35183069109916687,
        0.36702078580856323,
        0.293374240398407,
        0.1859874129295349,
        0.3564112186431885,
        0.4019252359867096,
        0.2714424431324005,
        0.24441459774971008,
        0.32296645641326904,
        0.4004247784614563,
        0.35073351860046387,
        0.245271235704422,
        0.2549741268157959,
        0.32332730293273926,
        0.2876492738723755,
        0.2877559959888458,
        0.34963834285736084,
        0.3457621932029724,
        0.3193761706352234,
        0.21395057439804077,
        0.24738730490207672,
        0.2270924597978592,
        0.24835297465324402,
        0.29139384627342224,
        0.3105659484863281,
        0.25143593549728394,
        0.18750564754009247
    ],
    "complexity": {
        "normal_roughness": [
            0.05237249284982681,
            0.030266698449850082,
            0.046557676047086716,
            0.05287885665893555,
            0.037296112626791,
            0.045987196266651154,
            0.043304651975631714,
            0.03568272292613983,
            0.043384015560150146,
            0.04646311700344086,
            0.049546465277671814,
            0.048611000180244446,
            0.04211479797959328,
            0.0471295602619648,
            0.04880928993225098,
            0.044846199452877045,
            0.03135601431131363,
            0.04506421461701393,
            0.04515683650970459,
            0.053737759590148926,
            0.04191502183675766,
            0.04932044446468353,
            0.048726730048656464,
            0.04150457680225372,
            0.03738334774971008,
            0.044095464050769806,
            0.047258034348487854,
            0.05075109377503395,
            0.03301921486854553,
            0.04690500721335411,
            0.048080652952194214,
            0.04848591983318329,
            0.033995501697063446,
            0.036694083362817764,
            0.046593546867370605,
            0.04535031318664551,
            0.0412789061665535,
            0.04725925251841545,
            0.048384055495262146,
            0.0404629223048687,
            0.02958562970161438,
            0.04031168669462204,
            0.04404975473880768,
            0.03606680408120155,
            0.04494315758347511,
            0.044481709599494934,
            0.02927115187048912,
            0.031093329191207886
        ],