{
    "PSNR": [
        23.61241579055786,
        16.03434681892395,
        13.888990879058838,
        14.053338766098022,
        17.565821409225464,
        15.415154695510864,
        14.761855602264404,
        14.956083297729492,
        13.998299837112427,
        12.618252038955688,
        12.571277618408203,
        14.252206087112427,
        15.31078577041626,
        14.870725870132446,
        14.134719371795654,
        13.899602890014648,
        13.723846673965454,
        12.85275936126709,
        11.871267557144165,
        13.247063159942627,
        15.637253522872925,
        13.92603874206543,
        13.099428415298462,
        12.91943073272705,
        15.758473873138428,
        12.628978490829468,
        13.047029972076416,
        14.620925188064575,
        15.648372173309326,
        14.629204273223877,
        13.50629210472107,
        12.472420930862427,
        13.52365493774414,
        13.70012879371643,
        12.88370966911316,
        13.691266775131226,
        14.608269929885864,
        13.298084735870361,
        13.05577278137207,
        13.350518941879272,
        15.670154094696045,
        13.927679061889648,
        13.93126130104065,
        17.125108242034912,
        13.923635482788086,
        14.684900045394897,
        15.333268642425537,
        15.712549686431885
    ],
    "SSIM": [
        0.9003854990005493,
        0.6883457899093628,
        0.5917060971260071,
        0.5974471569061279,
        0.7023791074752808,
        0.6317621469497681,
        0.6203717589378357,
        0.6515377759933472,
        0.643200159072876,
        0.5449628233909607,
        0.5574594736099243,
        0.582072377204895,
        0.6119050979614258,
        0.5942656993865967,
        0.6085872650146484,
        0.6105255484580994,
        0.6463261246681213,
        0.5468303561210632,
        0.48673972487449646,
        0.582334041595459,
        0.6267015337944031,
        0.5755027532577515,
        0.5705931186676025,
        0.6345483660697937,
        0.6453366279602051,
        0.5591273307800293,
        0.5596991777420044,
        0.6671934127807617,
        0.6542341709136963,
        0.5956833362579346,
        0.5875628590583801,
        0.6170834898948669,
        0.6059795022010803,
        0.5725431442260742,
        0.5741167068481445,
        0.5688850283622742,
        0.6478540897369385,
        0.5774288177490234,
        0.6185132265090942,
        0.622944712638855,
        0.6737946271896362,
        0.6386382579803467,
        0.6058191061019897,
        0.6936323046684265,
        0.6401726603507996,
        0.6621715426445007,
        0.6704268455505371,
        0.6520823836326599
    ],
    "MSE": [
        0.0043526990339159966,
        0.02492099069058895,
        0.04084143787622452,
        0.039324771612882614,
        0.017515312880277634,
        0.02873985283076763,
        0.03340522572398186,
        0.03194417804479599,
        0.03982631117105484,
        0.05472362041473389,
        0.055318742990493774,
        0.037564657628536224,
        0.029438894242048264,
        0.032578229904174805,
        0.03859473392367363,
        0.04074176400899887,
        0.04242437332868576,
        0.051847055554389954,
        0.06499400734901428,
        0.047347135841846466,
        0.027307039126753807,
        0.04049450531601906,
        0.0489843413233757,
        0.051057200878858566,
        0.026555389165878296,
        0.05458862707018852,
        0.049578920006752014,
        0.03450702503323555,
        0.02723722904920578,
        0.03444131091237068,
        0.04460369795560837,
        0.05659238249063492,
        0.044425737112760544,
        0.04265668988227844,
        0.05147887021303177,
        0.04274382442235947,
        0.034607719630002975,
        0.04679414629936218,
        0.04947921633720398,
        0.04623258113861084,
        0.027100957930088043,
        0.04047921299934387,
        0.04044584929943085,
        0.01938604563474655,
        0.0405169278383255,
        0.034002434462308884,
        0.029286881908774376,
        0.026837682351469994
    ],
    "LPIPS": [
        0.13046923279762268,
        0.26206159591674805,
        0.3953695297241211,
        0.3473065495491028,
        0.27556610107421875,
        0.333187997341156,
        0.33470678329467773,
        0.31508728861808777,
        0.34252989292144775,
        0.42005303502082825,
        0.4509597718715668,
        0.3516703248023987,
        0.30776968598365784,
        0.3513099253177643,
        0.3516475558280945,
        0.35250306129455566,
        0.32819101214408875,
        0.4037594199180603,
        0.44349968433380127,
        0.38941454887390137,
        0.32860898971557617,
        0.375321626663208,
        0.3423842787742615,
        0.35453781485557556,
        0.3521367013454437,
        0.3977600932121277,
        0.3536612391471863,
        0.30738168954849243,
        0.3181562125682831,
        0.359843373298645,
        0.3452214002609253,
        0.39105358719825745,
        0.31613168120384216,
        0.3799198865890503,
        0.36316800117492676,
        0.3418905735015869,
        0.33323800563812256,
        0.3387923538684845,
        0.37429457902908325,
        0.35251113772392273,
        0.3178427815437317,
        0.34717118740081787,
        0.3195439577102661,
        0.3038861155509949,
        0.3431895673274994,
        0.32652443647384644,
        0.27668988704681396,
        0.2902643382549286
    ],
    "complexity": {
        "normal_roughness": [
            0.0498088039457798,
            0.04570453613996506,
            0.037180617451667786,
            0.041231293231248856,
            0.04815029725432396,
            0.04858728498220444,
            0.046575672924518585,
            0.041100457310676575,
            0.031279392540454865,
            0.04827895760536194,
            0.03981674462556839,
            0.04110410064458847,
            0.043589189648628235,
            0.04776664823293686,
            0.0488739088177681,
            0.0454128161072731,
            0.030378594994544983,
            0.047274816781282425,
            0.05164920538663864,
            0.04425457864999771,
            0.043778181076049805,
            0.04747069627046585,
            0.04491277411580086,
            0.03505338355898857,
            0.0443592295050621,
            0.051123760640621185,
            0.05381408706307411,
            0.032904475927352905,
            0.0334869921207428,
            0.04479590430855751,
            0.04392381012439728,
            0.03541607782244682,
            0.040933944284915924,
            0.04621080309152603,
            0.04868948459625244,
            0.049015045166015625,
            0.03516930714249611,
            0.03802436962723732,
            0.032661858946084976,
            0.03388569504022598,
            0.043733928352594376,
            0.044802114367485046,
            0.04698719084262848,
            0.043046142905950546,
            0.034436777234077454,
            0.0329437255859375,
            0.043933749198913574,
            0.04579814523458481
        ],