{"PSNR": [22.078535556793213, 18.254271745681763, 14.766831398010254, 14.292045831680298, 18.140379190444946, 17.858973741531372, 16.523101329803467, 16.491434574127197, 15.21373987197876, 12.9768705368042, 12.642987966537476, 14.05649185180664, 15.459400415420532, 17.37688660621643, 13.927582502365112, 14.038317203521729, 16.984307765960693, 14.377509355545044, 12.546721696853638, 12.836285829544067, 17.434879541397095, 13.803701400756836, 12.164736986160278, 13.164091110229492, 17.384650707244873, 14.18052077293396, 13.247660398483276, 14.542994499206543, 17.708102464675903, 14.207397699356079, 11.725395917892456, 11.643171310424805, 14.789673089981079, 17.184932231903076, 14.956214427947998, 15.449168682098389, 14.619277715682983, 11.972784996032715, 11.397651433944702, 12.588638067245483, 16.556142568588257, 18.58037233352661, 18.111376762390137, 17.98431158065796, 13.181949853897095, 12.56740689277649, 16.42236828804016, 17.585121393203735], "SSIM": [0.8785692453384399, 0.7846837043762207, 0.6531672477722168, 0.6130214929580688, 0.7614744901657104, 0.7724214792251587, 0.7730793356895447, 0.765466570854187, 0.6950488090515137, 0.5740081071853638, 0.5349112749099731, 0.6064545512199402, 0.6728777289390564, 0.7879785299301147, 0.6718147993087769, 0.6956407427787781, 0.8023920059204102, 0.6556859016418457, 0.5250244140625, 0.5423426628112793, 0.7799586653709412, 0.642185628414154, 0.5796229839324951, 0.6502717733383179, 0.8145777583122253, 0.6344869136810303, 0.5564358234405518, 0.6436858773231506, 0.7876043319702148, 0.6705915927886963, 0.5540332794189453, 0.5513167381286621, 0.6858630180358887, 0.7810152769088745, 0.6533369421958923, 0.6770256757736206, 0.678644061088562, 0.5724999904632568, 0.5384281277656555, 0.5993672013282776, 0.7259141802787781, 0.7730571031570435, 0.7763904333114624, 0.7935895919799805, 0.6197335720062256, 0.5968454480171204, 0.7445065379142761, 0.7587525248527527], "MSE": [0.006196498870849609, 0.014947645366191864, 0.03336698189377785, 0.03722163289785385, 0.015344832092523575, 0.01637203060090542, 0.022268449887633324, 0.022431407123804092, 0.030104130506515503, 0.05038636177778244, 0.05441282317042351, 0.0392962247133255, 0.028448540717363358, 0.018294114619493484, 0.040480125695466995, 0.03946102410554886, 0.020024847239255905, 0.036496326327323914, 0.05563240498304367, 0.0520440936088562, 0.018051454797387123, 0.04165143519639969, 0.06074719876050949, 0.0482604019343853, 0.018261436372995377, 0.0381898507475853, 0.04734062775969505, 0.03513181954622269, 0.016950784251093864, 0.03795423358678818, 0.06721411645412445, 0.06849878281354904, 0.033191945403814316, 0.0191208329051733, 0.03194321691989899, 0.028515642508864403, 0.03452011197805405, 0.06349238008260727, 0.07248279452323914, 0.055098049342632294, 0.02209967002272606, 0.013866370543837547, 0.015447648242115974, 0.015906289219856262, 0.04806234687566757, 0.05536805838346481, 0.02279099076986313, 0.017437651753425598], "LPIPS": [0.16523981094360352, 0.23809754848480225, 0.31879502534866333, 0.29425662755966187, 0.22304370999336243, 0.22291332483291626, 0.2803662121295929, 0.22435897588729858, 0.29647547006607056, 0.34378236532211304, 0.3399553894996643, 0.3141152262687683, 0.2720014452934265, 0.2517971992492676, 0.33401626348495483, 0.2889772951602936, 0.218573197722435, 0.3305312991142273, 0.34580928087234497, 0.31630003452301025, 0.22635392844676971, 0.3275626599788666, 0.3772358298301697, 0.3515738844871521, 0.19896820187568665, 0.34292009472846985, 0.33697009086608887, 0.29761946201324463, 0.22219498455524445, 0.31097981333732605, 0.3667972683906555, 0.36908024549484253, 0.27032071352005005, 0.23141252994537354, 0.3102344870567322, 0.2770148515701294, 0.31722286343574524, 0.33234554529190063, 0.38147374987602234, 0.3119876980781555, 0.2604627013206482, 0.22087591886520386, 0.21748223900794983, 0.2148817479610443, 0.29302382469177246, 0.3254537582397461, 0.22921033203601837, 0.2509925365447998]}