{"PSNR": [23.053488731384277, 16.2891685962677, 15.915518999099731, 15.967756509780884, 17.477837800979614, 16.17843747138977, 14.036779403686523, 13.938593864440918, 13.548316955566406, 12.386051416397095, 12.348600625991821, 13.119232654571533, 12.619616985321045, 15.048915147781372, 13.229231834411621, 12.448680400848389, 13.045570850372314, 12.543505430221558, 12.219328880310059, 12.376245260238647, 12.789231538772583, 12.881258726119995, 11.767613887786865, 12.241814136505127, 13.10617208480835, 12.359657287597656, 12.494809627532959, 12.136145830154419, 12.31893539428711, 12.754790782928467, 12.041323184967041, 11.432396173477173, 12.106506824493408, 13.390604257583618, 13.01550030708313, 12.620964050292969, 12.974201440811157, 12.319140434265137, 11.324063539505005, 11.6441810131073, 15.575600862503052, 14.132217168807983, 13.368004560470581, 13.563264608383179, 14.677067995071411, 12.796229124069214, 15.173686742782593, 14.460396766662598], "SSIM": [0.8825587630271912, 0.6725305318832397, 0.6569485664367676, 0.6867256164550781, 0.6996731162071228, 0.6616169810295105, 0.5799038410186768, 0.6125233173370361, 0.5957521200180054, 0.6059929728507996, 0.5909906625747681, 0.6009762287139893, 0.59292072057724, 0.6264431476593018, 0.5591510534286499, 0.5192655324935913, 0.5927728414535522, 0.5625831484794617, 0.5334030985832214, 0.5218015909194946, 0.6250569820404053, 0.5831712484359741, 0.5075408816337585, 0.5515050292015076, 0.6182867884635925, 0.5430623292922974, 0.532245397567749, 0.514971911907196, 0.5671279430389404, 0.6021728515625, 0.5775332450866699, 0.5324240922927856, 0.6037620902061462, 0.569031834602356, 0.562816321849823, 0.5375439524650574, 0.609981894493103, 0.6281931400299072, 0.5959044694900513, 0.6018929481506348, 0.7018954157829285, 0.6245139837265015, 0.5786055326461792, 0.5992903709411621, 0.6621683835983276, 0.6374652981758118, 0.6759136915206909, 0.6520713567733765], "MSE": [0.0049505229108035564, 0.023500829935073853, 0.025612272322177887, 0.02530605159699917, 0.017873777076601982, 0.02410772815346718, 0.03947499394416809, 0.04037760943174362, 0.044174160808324814, 0.05772911757230759, 0.05822908133268356, 0.04876146465539932, 0.054706424474716187, 0.03126860037446022, 0.047541938722133636, 0.05690258741378784, 0.04959557577967644, 0.05567362904548645, 0.05998838692903519, 0.05785960704088211, 0.05261104553937912, 0.05150793492794037, 0.06656389683485031, 0.05967859551310539, 0.04890833795070648, 0.05808102339506149, 0.05630139261484146, 0.06114845722913742, 0.058628182858228683, 0.053029924631118774, 0.06249823421239853, 0.071905218064785, 0.06156718730926514, 0.04580780863761902, 0.04994016885757446, 0.05468945950269699, 0.05041734501719475, 0.05862542614340782, 0.07372140884399414, 0.06848286837339401, 0.027697457000613213, 0.03861698508262634, 0.04604680463671684, 0.044022396206855774, 0.034063808619976044, 0.052526336163282394, 0.030383046716451645, 0.03580637276172638], "LPIPS": [0.1178121566772461, 0.3178684115409851, 0.2852206230163574, 0.2664533257484436, 0.2272631824016571, 0.293259859085083, 0.3678308129310608, 0.3634554445743561, 0.367953360080719, 0.3821810781955719, 0.3780221939086914, 0.3516068458557129, 0.36832118034362793, 0.3039872348308563, 0.3947317600250244, 0.4154565930366516, 0.39077621698379517, 0.37947943806648254, 0.4066273272037506, 0.38686835765838623, 0.3655831813812256, 0.38870251178741455, 0.41402193903923035, 0.3994627594947815, 0.33387455344200134, 0.4261404275894165, 0.4083898067474365, 0.38445499539375305, 0.3832165002822876, 0.3817669749259949, 0.37218910455703735, 0.3909150958061218, 0.3185916543006897, 0.3436692953109741, 0.4027208089828491, 0.37885990738868713, 0.3628650903701782, 0.3635421395301819, 0.3590131402015686, 0.3416858911514282, 0.26368248462677, 0.3220497667789459, 0.41088974475860596, 0.3580664098262787, 0.3064993619918823, 0.33321642875671387, 0.2986745238304138, 0.35452374815940857]}