{"PSNR": [21.105947494506836, 14.57287073135376, 13.314710855484009, 12.999986410140991, 14.37718391418457, 14.216240644454956, 13.114242553710938, 13.788256645202637, 12.130869626998901, 11.399761438369751, 11.187218427658081, 12.512909173965454, 13.18120002746582, 12.296749353408813, 12.162644863128662, 11.874239444732666, 12.303448915481567, 11.825346946716309, 10.853079557418823, 10.63832402229309, 11.698181629180908, 11.0969877243042, 10.742713212966919, 12.468972206115723, 12.990550994873047, 13.050655126571655, 11.011219024658203, 10.7035493850708, 11.392984390258789, 10.673900842666626, 10.386624336242676, 12.06606388092041, 14.854369163513184, 14.202715158462524, 13.181688785552979, 10.912874937057495, 11.617695093154907, 10.889912843704224, 12.35889196395874, 14.698550701141357, 15.723557472229004, 16.116091012954712, 12.980257272720337, 12.605725526809692, 12.917795181274414, 14.043697118759155, 17.593804597854614, 15.224248170852661], "SSIM": [0.8665450811386108, 0.6281216144561768, 0.5831868648529053, 0.595747709274292, 0.6434129476547241, 0.632917582988739, 0.5694752931594849, 0.592955470085144, 0.5465701818466187, 0.5492987632751465, 0.5567797422409058, 0.5579632520675659, 0.5547518134117126, 0.5126513838768005, 0.5219831466674805, 0.5351812243461609, 0.5444502830505371, 0.5610183477401733, 0.5572479963302612, 0.544475793838501, 0.5175167322158813, 0.46792739629745483, 0.5016134977340698, 0.5490066409111023, 0.536876916885376, 0.5754494071006775, 0.5583301782608032, 0.523027777671814, 0.5282269716262817, 0.5172074437141418, 0.5156924724578857, 0.5532029867172241, 0.6275769472122192, 0.5965863466262817, 0.5979570746421814, 0.49836164712905884, 0.5165715217590332, 0.5043236017227173, 0.5377597212791443, 0.6128339171409607, 0.6584993600845337, 0.6993393898010254, 0.5698004364967346, 0.5238850116729736, 0.5593080520629883, 0.5831286311149597, 0.7175259590148926, 0.6433321237564087], "MSE": [0.0077518499456346035, 0.03489096462726593, 0.046615343540906906, 0.05011888965964317, 0.03649905323982239, 0.03787703067064285, 0.04881752282381058, 0.04179981350898743, 0.06122277304530144, 0.07244758307933807, 0.07608135044574738, 0.05606723949313164, 0.048070646822452545, 0.058928459882736206, 0.0607764795422554, 0.06494954228401184, 0.05883762240409851, 0.06568487733602524, 0.08216598629951477, 0.08633117377758026, 0.06763660162687302, 0.07767857611179352, 0.08428081125020981, 0.05663733184337616, 0.05022788047790527, 0.049537546932697296, 0.07922789454460144, 0.08504427969455719, 0.07256071269512177, 0.08562683314085007, 0.09148239344358444, 0.062143199145793915, 0.03270116075873375, 0.03799518197774887, 0.04806525260210037, 0.08104243874549866, 0.06890179216861725, 0.08147205412387848, 0.05809126794338226, 0.03389573097229004, 0.026769747957587242, 0.024456312879920006, 0.05034708231687546, 0.054881684482097626, 0.05107642710208893, 0.03941217064857483, 0.01740282028913498, 0.030031373724341393], "LPIPS": [0.15940147638320923, 0.2980166971683502, 0.38193345069885254, 0.3360334634780884, 0.32884126901626587, 0.293549120426178, 0.3728083372116089, 0.37235820293426514, 0.4060147702693939, 0.39744454622268677, 0.37696394324302673, 0.3720093369483948, 0.36689913272857666, 0.4132121205329895, 0.40664005279541016, 0.41639822721481323, 0.4119846224784851, 0.4275311827659607, 0.42527541518211365, 0.4270314574241638, 0.3733814060688019, 0.4477609395980835, 0.4537779688835144, 0.3624812960624695, 0.3764348030090332, 0.36360451579093933, 0.40035632252693176, 0.40050527453422546, 0.4067608714103699, 0.4382917284965515, 0.45247751474380493, 0.3920302391052246, 0.3358846604824066, 0.35143858194351196, 0.35678333044052124, 0.38901129364967346, 0.38309821486473083, 0.39868223667144775, 0.36843034625053406, 0.34108030796051025, 0.3279886841773987, 0.3019188940525055, 0.3432478606700897, 0.3839966952800751, 0.3745451867580414, 0.30338984727859497, 0.2496589720249176, 0.33292028307914734]}