{
    "PSNR": [
        21.535253524780273,
        16.809102296829224,
        16.420239210128784,
        14.081144332885742,
        17.56054401397705,
        16.157695055007935,
        14.907797574996948,
        15.054413080215454,
        17.927533388137817,
        13.445487022399902,
        12.181425094604492,
        13.10017704963684,
        14.099633693695068,
        15.788066387176514,
        14.088242053985596,
        13.88872504234314,
        15.464016199111938,
        15.927978754043579,
        11.757224798202515,
        11.7762291431427,
        16.65631413459778,
        13.831367492675781,
        13.372807502746582,
        13.905587196350098,
        18.92984628677368,
        12.905749082565308,
        11.445287466049194,
        12.383123636245728,
        14.59248423576355,
        14.693262577056885,
        13.176474571228027,
        13.486590385437012,
        15.543738603591919,
        16.91482424736023,
        12.349425554275513,
        12.086589336395264,
        17.544573545455933,
        13.820101022720337,
        13.509883880615234,
        14.503122568130493,
        19.41642165184021,
        15.143064260482788,
        13.127508163452148,
        13.9556884765625,
        16.197885274887085,
        14.957878589630127,
        22.897467613220215,
        16.273081302642822
    ],
    "SSIM": [
        0.8927721977233887,
        0.7694535255432129,
        0.8049790263175964,
        0.7127074003219604,
        0.8332595825195312,
        0.7485206127166748,
        0.6754142642021179,
        0.6722356677055359,
        0.8100168108940125,
        0.6772618293762207,
        0.617228627204895,
        0.6597753167152405,
        0.7006303668022156,
        0.7697590589523315,
        0.6564645767211914,
        0.6303399801254272,
        0.7065760493278503,
        0.7634278535842896,
        0.6024052500724792,
        0.5907219052314758,
        0.8146857619285583,
        0.6717745661735535,
        0.609492301940918,
        0.6396514773368835,
        0.8144255876541138,
        0.6594783067703247,
        0.5889724493026733,
        0.6180254817008972,
        0.7263829112052917,
        0.7285515069961548,
        0.6369538307189941,
        0.6202102899551392,
        0.7027348875999451,
        0.7814518809318542,
        0.6349726915359497,
        0.6174488663673401,
        0.8371369242668152,
        0.6795167326927185,
        0.6455727815628052,
        0.6693987846374512,
        0.8148016929626465,
        0.7115591764450073,
        0.6580690145492554,
        0.6927380561828613,
        0.7712836265563965,
        0.706937313079834,
        0.8804787993431091,
        0.7676095366477966
    ],
    "MSE": [
        0.00702222203835845,
        0.02084921859204769,
        0.022802166640758514,
        0.039073798805475235,
        0.017536606639623642,
        0.024223148822784424,
        0.032301317900419235,
        0.03122904896736145,
        0.016115613281726837,
        0.04523257166147232,
        0.06051421910524368,
        0.04897589981555939,
        0.038907796144485474,
        0.02637505531311035,
        0.03900998830795288,
        0.04084393382072449,
        0.028418323025107384,
        0.02553889900445938,
        0.0667233020067215,
        0.06643196940422058,
        0.02159576676785946,
        0.04138693958520889,
        0.04599592089653015,
        0.04068564996123314,
        0.01279426645487547,
        0.05121830105781555,
        0.07169209420681,
        0.057768046855926514,
        0.03473374992609024,
        0.03393702954053879,
        0.04812298342585564,
        0.04480650648474693,
        0.027901414781808853,
        0.020347807556390762,
        0.05821802839636803,
        0.06185019016265869,
        0.017601212486624718,
        0.04149443656206131,
        0.044566817581653595,
        0.03545583784580231,
        0.011438208632171154,
        0.030598042532801628,
        0.048668645322322845,
        0.04021899774670601,
        0.02400001510977745,
        0.03193097561597824,
        0.005131607409566641,
        0.023588037118315697
    ],
    "LPIPS": [
        0.16000548005104065,
        0.19866979122161865,
        0.24761295318603516,
        0.3097603917121887,
        0.2088974565267563,
        0.28098979592323303,
        0.32484906911849976,
        0.3261815905570984,
        0.27750957012176514,
        0.35591980814933777,
        0.40356242656707764,
        0.38338083028793335,
        0.33233314752578735,
        0.2701290249824524,
        0.3705105781555176,
        0.39164116978645325,
        0.33070647716522217,
        0.30671361088752747,
        0.42001858353614807,
        0.4343613088130951,
        0.25096744298934937,
        0.3702658414840698,
        0.37133488059043884,
        0.3764793574810028,
        0.26042941212654114,
        0.3695937395095825,
        0.40753328800201416,
        0.425804078578949,
        0.3381410837173462,
        0.3119303584098816,
        0.3894326090812683,
        0.3850187659263611,
        0.3427525758743286,
        0.2666264474391937,
        0.39286646246910095,
        0.4217567443847656,
        0.2075624316930771,
        0.3631290793418884,
        0.37083786725997925,
        0.3653373420238495,
        0.23742790520191193,
        0.2951958179473877,
        0.3698742389678955,
        0.3398516774177551,
        0.27777189016342163,
        0.31009602546691895,
        0.18785792589187622,
        0.25546014308929443
    ],
    "complexity": {
        "normal_roughness": [
            0.029134372249245644,
            0.03829362988471985,
            0.034887008368968964,
            0.03700777143239975,
            0.03157360106706619,
            0.04160938784480095,
            0.04565093293786049,
            0.04382087290287018,
            0.03146738559007645,
            0.04375831037759781,
            0.04566724970936775,
            0.042173225432634354,
            0.04143118858337402,
            0.03893674165010452,
            0.04816415533423424,
            0.04799801483750343,
            0.04072510451078415,
            0.04171337932348251,
            0.04748060181736946,
            0.04509663209319115,
            0.032119132578372955,
            0.04553785175085068,
            0.04991430044174194,
            0.04623625427484512,
            0.033094216138124466,
            0.04990001767873764,
            0.04492536187171936,
            0.04573242366313934,
            0.041971512138843536,
            0.03947654366493225,
            0.0478777177631855,
            0.048049408942461014,
            0.04404251277446747,
            0.04619741812348366,
            0.05260666459798813,
            0.04964917153120041,
            0.0308083426207304,
            0.044153910130262375,
            0.0503414049744606,
            0.048146769404411316,
            0.038243602961301804,
            0.05190154165029526,
            0.05316484719514847,
            0.04885779321193695,
            0.037742264568805695,
            0.046721577644348145,
            0.034110285341739655,
            0.049118928611278534
        ],