{"PSNR": [22.157752513885498, 13.55536699295044, 12.105107307434082, 15.309751033782959, 15.632363557815552, 16.063765287399292, 14.27614688873291, 12.28938341140747, 11.33182168006897, 12.071828842163086, 16.8183434009552, 15.298805236816406, 14.447102546691895, 14.629920721054077, 14.952452182769775, 14.268792867660522, 12.094128131866455, 11.846170425415039, 13.788774013519287, 15.331090688705444, 14.31019902229309, 14.124571084976196, 15.424838066101074, 13.973627090454102, 12.340970039367676, 13.376948833465576, 15.662473440170288, 14.775927066802979, 14.680736064910889, 14.273844957351685, 14.089453220367432, 15.252526998519897, 13.199647665023804, 13.0828857421875, 14.967385530471802, 16.036019325256348, 15.267469882965088, 14.662518501281738, 14.415661096572876, 14.642496109008789, 13.820277452468872, 15.378248691558838, 15.667133331298828, 15.261690616607666, 15.534324645996094, 14.629617929458618, 15.908197164535522, 15.983282327651978], "SSIM": [0.8889006972312927, 0.702572762966156, 0.6387782692909241, 0.7027145624160767, 0.6843552589416504, 0.7337722778320312, 0.7115521430969238, 0.6345136165618896, 0.5365557670593262, 0.6044951677322388, 0.7352237701416016, 0.6884869337081909, 0.6227418184280396, 0.6276713609695435, 0.6837681531906128, 0.6827868223190308, 0.5491021871566772, 0.5553715825080872, 0.6697481870651245, 0.6695071458816528, 0.5956678986549377, 0.6018070578575134, 0.7389289140701294, 0.6493217945098877, 0.5470539331436157, 0.6436371803283691, 0.7173156142234802, 0.6424585580825806, 0.6016265153884888, 0.5938361883163452, 0.6547433137893677, 0.7014049291610718, 0.5929340124130249, 0.5941426753997803, 0.6843408346176147, 0.7067694664001465, 0.6182881593704224, 0.6398821473121643, 0.6982262134552002, 0.6760181784629822, 0.633083701133728, 0.7316001653671265, 0.7000675201416016, 0.6448440551757812, 0.6939794421195984, 0.7007958292961121, 0.7309319376945496, 0.7332504987716675], "MSE": [0.006084498018026352, 0.04410251975059509, 0.061587028205394745, 0.02944590523838997, 0.027337804436683655, 0.024752749130129814, 0.03735814988613129, 0.0590284988284111, 0.07358983159065247, 0.06206078082323074, 0.02080489881336689, 0.02952021174132824, 0.03591615706682205, 0.03443562239408493, 0.03197089582681656, 0.03742145746946335, 0.06174292415380478, 0.06537068635225296, 0.041794829070568085, 0.02930157445371151, 0.03706638142466545, 0.03868502378463745, 0.02867584489285946, 0.04005321115255356, 0.05833148956298828, 0.045952074229717255, 0.027148928493261337, 0.03329716622829437, 0.03403504937887192, 0.03737795352935791, 0.038999106734991074, 0.02983645722270012, 0.04786689579486847, 0.04917127639055252, 0.03186115622520447, 0.02491139993071556, 0.02973397821187973, 0.034178122878074646, 0.03617711365222931, 0.03433605283498764, 0.041492756456136703, 0.028985124081373215, 0.02711981162428856, 0.029773568734526634, 0.027961958199739456, 0.03443802893161774, 0.025655489414930344, 0.025215748697519302], "LPIPS": [0.18642157316207886, 0.3171820044517517, 0.36309364438056946, 0.26796722412109375, 0.31014007329940796, 0.312021940946579, 0.3035227060317993, 0.36806169152259827, 0.42479056119918823, 0.39154163002967834, 0.30092376470565796, 0.3052411377429962, 0.3913736045360565, 0.34807172417640686, 0.2951059639453888, 0.31892451643943787, 0.43332016468048096, 0.43406495451927185, 0.31514567136764526, 0.3079714775085449, 0.38598620891571045, 0.36103925108909607, 0.31277981400489807, 0.3602880835533142, 0.44776514172554016, 0.36097514629364014, 0.30633652210235596, 0.34625884890556335, 0.3890630006790161, 0.36268967390060425, 0.3370746076107025, 0.30050331354141235, 0.41457265615463257, 0.39492732286453247, 0.2834564745426178, 0.2817254066467285, 0.33760905265808105, 0.32889631390571594, 0.2874771058559418, 0.2989743649959564, 0.34437304735183716, 0.3298199772834778, 0.3045664131641388, 0.33426687121391296, 0.2779245376586914, 0.2727816104888916, 0.2682686746120453, 0.27120739221572876]}