{"PSNR": [22.37044334411621, 16.34091854095459, 15.609118938446045, 17.52700448036194, 17.06231951713562, 17.254422903060913, 15.358846187591553, 14.115210771560669, 13.712546825408936, 14.460808038711548, 15.422110557556152, 16.018755435943604, 13.495229482650757, 14.7678804397583, 14.232826232910156, 13.535459041595459, 13.34347128868103, 13.078497648239136, 12.949162721633911, 13.185877799987793, 12.820371389389038, 13.070001602172852, 12.688605785369873, 13.481204509735107, 13.063216209411621, 12.937246561050415, 13.651738166809082, 13.399752378463745, 13.418660163879395, 13.24613332748413, 12.6834237575531, 12.425906658172607, 13.08605670928955, 14.296609163284302, 14.161896705627441, 15.30246615409851, 13.95831823348999, 14.219084978103638, 13.126718997955322, 15.229425430297852, 15.801959037780762, 16.189464330673218, 15.3938627243042, 14.66013789176941, 14.939011335372925, 15.205988883972168, 16.308506727218628, 15.376204252243042], "SSIM": [0.8773441314697266, 0.6677040457725525, 0.613867461681366, 0.6789298057556152, 0.6888262629508972, 0.7031580805778503, 0.6476776003837585, 0.6046649217605591, 0.5664414167404175, 0.5817898511886597, 0.6319230794906616, 0.6969324946403503, 0.630288302898407, 0.6557660698890686, 0.6352701187133789, 0.5887956619262695, 0.5839472413063049, 0.5631427764892578, 0.5742492079734802, 0.6117686033248901, 0.6175401210784912, 0.6168795824050903, 0.6004841923713684, 0.6201790571212769, 0.6072927713394165, 0.5841553211212158, 0.5938386917114258, 0.5879731178283691, 0.5684058666229248, 0.5898613333702087, 0.6334699988365173, 0.6187654733657837, 0.6348583102226257, 0.6217945218086243, 0.6009626984596252, 0.6063582301139832, 0.5689889192581177, 0.6093133687973022, 0.613681972026825, 0.6720237135887146, 0.6672110557556152, 0.6810832023620605, 0.6269232034683228, 0.5949689745903015, 0.6201426982879639, 0.6557160019874573, 0.7290248870849609, 0.6458118557929993], "MSE": [0.005793697666376829, 0.023222457617521286, 0.02748452126979828, 0.017672564834356308, 0.01966835930943489, 0.018817316740751266, 0.02911490760743618, 0.03876849636435509, 0.04253489524126053, 0.03580298274755478, 0.02869386225938797, 0.025010621175169945, 0.0447174608707428, 0.03335892781615257, 0.03773265331983566, 0.044305138289928436, 0.04630766436457634, 0.0492209792137146, 0.050708845257759094, 0.04801890254020691, 0.05223516374826431, 0.049317359924316406, 0.053844254463911057, 0.04486210271716118, 0.049394480884075165, 0.05084816738963127, 0.04313464090228081, 0.045711420476436615, 0.0455128476023674, 0.04735727608203888, 0.05390854924917221, 0.05720175430178642, 0.04913538694381714, 0.03718253970146179, 0.03835397586226463, 0.029495347291231155, 0.04019464552402496, 0.03785223513841629, 0.048677485436201096, 0.029995596036314964, 0.02629081904888153, 0.024046599864959717, 0.028881099075078964, 0.03419686481356621, 0.03206999599933624, 0.03015790693461895, 0.02339642308652401, 0.02899876981973648], "LPIPS": [0.16659380495548248, 0.32277393341064453, 0.35136422514915466, 0.28721338510513306, 0.27722591161727905, 0.27324044704437256, 0.3441188335418701, 0.37955939769744873, 0.41569122672080994, 0.3692064583301544, 0.34522300958633423, 0.30412277579307556, 0.36500632762908936, 0.3378041982650757, 0.35654380917549133, 0.3833043873310089, 0.38438087701797485, 0.4029947817325592, 0.3649684190750122, 0.3690459132194519, 0.39874905347824097, 0.38982513546943665, 0.3803236484527588, 0.36181628704071045, 0.3851603865623474, 0.4120666980743408, 0.33705002069473267, 0.35284197330474854, 0.3835235834121704, 0.40947839617729187, 0.39173394441604614, 0.32844728231430054, 0.34268754720687866, 0.32623493671417236, 0.3858606815338135, 0.34429311752319336, 0.3885393440723419, 0.3785972595214844, 0.34298765659332275, 0.2930184006690979, 0.284473717212677, 0.2902137041091919, 0.33237504959106445, 0.35008901357650757, 0.34351176023483276, 0.3257395029067993, 0.2667512893676758, 0.3484138548374176]}