{
    "PSNR": [
        22.924199104309082,
        14.323254823684692,
        12.763105630874634,
        15.84983229637146,
        16.001808643341064,
        16.51816725730896,
        14.143540859222412,
        10.883901119232178,
        11.636043787002563,
        12.212151288986206,
        13.151923418045044,
        14.188902378082275,
        13.124210834503174,
        14.565845727920532,
        14.00567889213562,
        11.358137130737305,
        11.359083652496338,
        12.928290367126465,
        12.074589729309082,
        12.100130319595337,
        12.887558937072754,
        13.615336418151855,
        12.680155038833618,
        11.68040156364441,
        11.781903505325317,
        13.952054977416992,
        11.012814044952393,
        12.030901908874512,
        12.575263977050781,
        12.713940143585205,
        13.200267553329468,
        12.464708089828491,
        12.029632329940796,
        13.138891458511353,
        12.241110801696777,
        11.107335090637207,
        12.763122320175171,
        13.291876316070557,
        12.647608518600464,
        12.54150390625,
        13.04898738861084,
        13.463243246078491,
        12.557365894317627,
        12.185263633728027,
        13.244855403900146,
        13.099830150604248,
        13.830065727233887,
        13.369059562683105
    ],
    "SSIM": [
        0.8982500433921814,
        0.6745710372924805,
        0.6014195680618286,
        0.665103554725647,
        0.6553329825401306,
        0.6919705271720886,
        0.6744241714477539,
        0.5806032419204712,
        0.5891480445861816,
        0.5914466977119446,
        0.5943154096603394,
        0.6051247715950012,
        0.5450055003166199,
        0.6085191369056702,
        0.6173767447471619,
        0.6029869914054871,
        0.5460443496704102,
        0.5607305765151978,
        0.5718038082122803,
        0.5648707747459412,
        0.5565711259841919,
        0.5760459303855896,
        0.6353294253349304,
        0.5579519867897034,
        0.5128778219223022,
        0.5872180461883545,
        0.595482349395752,
        0.5378252863883972,
        0.5557889342308044,
        0.5362812876701355,
        0.6371661424636841,
        0.5933136940002441,
        0.5607768297195435,
        0.5851167440414429,
        0.5988191366195679,
        0.5717668533325195,
        0.593372642993927,
        0.6185764670372009,
        0.6235333681106567,
        0.6102144718170166,
        0.625314474105835,
        0.6539741158485413,
        0.6311937570571899,
        0.6043699979782104,
        0.6495735049247742,
        0.6226582527160645,
        0.6808851957321167,
        0.642936646938324
    ],
    "MSE": [
        0.005100115668028593,
        0.03695511072874069,
        0.05292847752571106,
        0.026002604514360428,
        0.02510841190814972,
        0.022293761372566223,
        0.03851642459630966,
        0.08158491551876068,
        0.06861130893230438,
        0.06008760258555412,
        0.0483957938849926,
        0.038116224110126495,
        0.048705607652664185,
        0.03494744002819061,
        0.03975869342684746,
        0.07314528524875641,
        0.0731293335556984,
        0.05095314234495163,
        0.06202132627367973,
        0.06165765970945358,
        0.0514332577586174,
        0.043497711420059204,
        0.05394914001226425,
        0.06791409105062485,
        0.0663452297449112,
        0.04025265946984291,
        0.07919880747795105,
        0.06264838576316833,
        0.05526798218488693,
        0.05353108048439026,
        0.04786006733775139,
        0.05669297277927399,
        0.06266669929027557,
        0.048541244119405746,
        0.059688251465559006,
        0.07749371975660324,
        0.05292828381061554,
        0.04686109349131584,
        0.054354965686798096,
        0.05569928139448166,
        0.04955657571554184,
        0.04504801332950592,
        0.05549623817205429,
        0.06046076864004135,
        0.04737120866775513,
        0.048979803919792175,
        0.04139934480190277,
        0.046035632491111755
    ],
    "LPIPS": [
        0.13177870213985443,
        0.311208575963974,
        0.3331490457057953,
        0.29287299513816833,
        0.3215526342391968,
        0.2938900887966156,
        0.2880822718143463,
        0.4104190766811371,
        0.3434634506702423,
        0.3654201626777649,
        0.36323440074920654,
        0.36318686604499817,
        0.41569292545318604,
        0.36735454201698303,
        0.3473709225654602,
        0.40204212069511414,
        0.3858453035354614,
        0.3961818516254425,
        0.3730456233024597,
        0.38092994689941406,
        0.419145405292511,
        0.3799847364425659,
        0.375628799200058,
        0.4021618962287903,
        0.39837148785591125,
        0.38314250111579895,
        0.4174339771270752,
        0.42693138122558594,
        0.3798767030239105,
        0.40117475390434265,
        0.3439144492149353,
        0.38144347071647644,
        0.4186375141143799,
        0.42406967282295227,
        0.4036685824394226,
        0.38734763860702515,
        0.36431556940078735,
        0.3396707773208618,
        0.3401062488555908,
        0.36461690068244934,
        0.4245072603225708,
        0.3744155168533325,
        0.337425172328949,
        0.34700852632522583,
        0.3288584351539612,
        0.3093380630016327,
        0.29248836636543274,
        0.3294556438922882
    ],
    "complexity": {
        "normal_roughness": [
            0.03609666973352432,
            0.04038836434483528,
            0.0354430191218853,
            0.04302626848220825,
            0.0477997362613678,
            0.048888467252254486,
            0.039732612669467926,
            0.03175772726535797,
            0.04045649617910385,
            0.03644401580095291,
            0.0397014245390892,
            0.04905742406845093,
            0.05048632249236107,
            0.04964080825448036,
            0.04283180087804794,
            0.030395805835723877,
            0.0427725687623024,
            0.0448276624083519,
            0.04272687807679176,
            0.0460054874420166,
            0.048693399876356125,
            0.04570606350898743,
            0.03055458329617977,
            0.03928534686565399,
            0.046491414308547974,
            0.05127168446779251,
            0.03392225503921509,
            0.04708769917488098,
            0.046287648379802704,
            0.04452279955148697,
            0.0363357774913311,
            0.0378991961479187,
            0.04506167024374008,
            0.048729486763477325,
            0.04951944202184677,
            0.03899085521697998,
            0.03982824087142944,
            0.03716251254081726,
            0.03813602775335312,
            0.04773973673582077,
            0.04592243954539299,
            0.052847541868686676,
            0.05185408145189285,
            0.03559631481766701,
            0.03561953455209732,
            0.044873908162117004,
            0.05062315613031387,
            0.046449776738882065
        ],