{
    "PSNR": [
        25.45609712600708,
        21.87608242034912,
        16.536794900894165,
        16.187527179718018,
        22.192189693450928,
        17.701961994171143,
        17.37108826637268,
        19.684430360794067,
        16.91215753555298,
        14.534149169921875,
        14.105677604675293,
        16.33259415626526,
        21.259689331054688,
        16.726804971694946,
        16.07550024986267,
        16.177557706832886,
        19.298523664474487,
        14.721677303314209,
        13.567239046096802,
        14.059154987335205,
        17.499901056289673,
        15.660735368728638,
        15.330966711044312,
        16.296063661575317,
        16.492652893066406,
        13.798432350158691,
        13.753432035446167,
        16.53001308441162,
        19.571372270584106,
        15.909960269927979,
        15.211310386657715,
        15.067678689956665,
        17.90425181388855,
        14.832427501678467,
        14.080445766448975,
        15.198367834091187,
        16.919612884521484,
        15.686510801315308,
        15.258103609085083,
        16.078355312347412,
        18.99474859237671,
        15.584900379180908,
        15.910896062850952,
        19.991624355316162,
        16.901144981384277,
        16.28919005393982,
        19.31778311729431,
        20.34752607345581
    ],
    "SSIM": [
        0.9148005247116089,
        0.8443018198013306,
        0.6968488693237305,
        0.679145336151123,
        0.8547724485397339,
        0.6971750259399414,
        0.7168426513671875,
        0.8366677165031433,
        0.7152482271194458,
        0.588351845741272,
        0.5714852809906006,
        0.7178205847740173,
        0.8576176166534424,
        0.6535636782646179,
        0.6156210899353027,
        0.7002415060997009,
        0.831173300743103,
        0.6174456477165222,
        0.5322132110595703,
        0.5918175578117371,
        0.7105852961540222,
        0.5876268148422241,
        0.6037241220474243,
        0.7297652959823608,
        0.733367919921875,
        0.5536540746688843,
        0.556481122970581,
        0.7449588775634766,
        0.8267056345939636,
        0.617161750793457,
        0.5668465495109558,
        0.6338479518890381,
        0.824120044708252,
        0.6483650207519531,
        0.5810219049453735,
        0.6787950396537781,
        0.6966537237167358,
        0.6078306436538696,
        0.6059966683387756,
        0.6950019598007202,
        0.8584951162338257,
        0.6962804794311523,
        0.7331539988517761,
        0.8699274063110352,
        0.700483500957489,
        0.6852003335952759,
        0.8622140884399414,
        0.8726053237915039
    ],
    "MSE": [
        0.002847018651664257,
        0.006492198910564184,
        0.022198345512151718,
        0.02405731938779354,
        0.006036443170160055,
        0.016974767670035362,
        0.018318554386496544,
        0.010753680020570755,
        0.020360304042696953,
        0.03520343825221062,
        0.03885369002819061,
        0.023267008364200592,
        0.0074822320602834225,
        0.021248072385787964,
        0.02468596026301384,
        0.02411261573433876,
        0.01175297237932682,
        0.03371570631861687,
        0.043982118368148804,
        0.039272136986255646,
        0.01778319850564003,
        0.02715979516506195,
        0.029302407056093216,
        0.023463547229766846,
        0.02242511883378029,
        0.04170198366045952,
        0.04213634133338928,
        0.022233039140701294,
        0.011037299409508705,
        0.025645073503255844,
        0.0301209744066,
        0.031133798882365227,
        0.016202230006456375,
        0.032866790890693665,
        0.03908007591962814,
        0.03021087311208248,
        0.02032538317143917,
        0.026999076828360558,
        0.029798176139593124,
        0.02466973476111889,
        0.01260448805987835,
        0.027638215571641922,
        0.025639554485678673,
        0.010019304230809212,
        0.02041199989616871,
        0.023500710725784302,
        0.011700964532792568,
        0.00923097413033247
    ],
    "LPIPS": [
        0.11436393857002258,
        0.21644118428230286,
        0.34594669938087463,
        0.3384864032268524,
        0.18315257132053375,
        0.31206417083740234,
        0.32852327823638916,
        0.2530803680419922,
        0.28135135769844055,
        0.42864543199539185,
        0.443167507648468,
        0.3326399326324463,
        0.24144257605075836,
        0.35639500617980957,
        0.42527472972869873,
        0.3242318630218506,
        0.22623102366924286,
        0.3772798776626587,
        0.5082448720932007,
        0.4366382956504822,
        0.32391300797462463,
        0.4333702325820923,
        0.4284266531467438,
        0.32369235157966614,
        0.2971223294734955,
        0.45111316442489624,
        0.4710977375507355,
        0.29363954067230225,
        0.2470090091228485,
        0.4290291666984558,
        0.4542481005191803,
        0.3814365267753601,
        0.2348223328590393,
        0.3616752624511719,
        0.4400993883609772,
        0.3512001037597656,
        0.3314686417579651,
        0.40788087248802185,
        0.41021060943603516,
        0.312642365694046,
        0.16782432794570923,
        0.32025885581970215,
        0.3469146490097046,
        0.2034893035888672,
        0.3422297537326813,
        0.3428207039833069,
        0.23053514957427979,
        0.21434761583805084
    ],
    "complexity": {
        "normal_roughness": [
            0.03626139834523201,
            0.0376986563205719,
            0.051101285964250565,
            0.05400913208723068,
            0.03375726193189621,
            0.04573007673025131,
            0.04555852711200714,
            0.036468327045440674,
            0.0507662370800972,
            0.05108463764190674,
            0.05274060741066933,
            0.048006571829319,
            0.03591964393854141,
            0.04399919509887695,
            0.050052739679813385,
            0.04719793051481247,
            0.03142755478620529,
            0.04954204335808754,
            0.04452766478061676,
            0.04751765355467796,
            0.04112562537193298,
            0.047987863421440125,
            0.049153849482536316,
            0.03977586328983307,
            0.04069260135293007,
            0.04677540808916092,
            0.046364087611436844,
            0.04361805319786072,
            0.03513000160455704,
            0.04687149077653885,
            0.04912876337766647,
            0.04535650461912155,
            0.03568422794342041,
            0.042864635586738586,
            0.04345357418060303,
            0.0438355952501297,
            0.04337820038199425,
            0.04797513037919998,
            0.048972539603710175,
            0.043987471610307693,
            0.032683052122592926,
            0.03974089026451111,
            0.03707665205001831,
            0.031867869198322296,
            0.041681595146656036,
            0.043211884796619415,
            0.030173160135746002,
            0.029663901776075363
        ],