{"PSNR": [22.665319442749023, 16.223723888397217, 13.539819717407227, 15.458686351776123, 17.26469397544861, 16.04090690612793, 15.805084705352783, 13.830176591873169, 12.973271608352661, 13.781949281692505, 15.959528684616089, 17.0779550075531, 16.02958083152771, 15.162409543991089, 14.959992170333862, 14.560298919677734, 13.872880935668945, 12.825099229812622, 13.967145681381226, 15.834615230560303, 14.326101541519165, 14.46517825126648, 14.455021619796753, 14.402931928634644, 13.330690860748291, 13.02353024482727, 14.252490997314453, 14.505946636199951, 14.380055665969849, 13.878690004348755, 13.816591501235962, 14.551452398300171, 15.758137702941895, 13.087860345840454, 13.365862369537354, 13.877758979797363, 14.482648372650146, 13.67978811264038, 14.193233251571655, 15.91143250465393, 14.78554368019104, 13.914520740509033, 13.921797275543213, 13.814343214035034, 15.213472843170166, 16.018922328948975, 15.774531364440918, 15.138981342315674], "SSIM": [0.8962339758872986, 0.744361162185669, 0.6221860647201538, 0.6991793513298035, 0.7415447235107422, 0.6884444952011108, 0.6947290301322937, 0.6969431638717651, 0.5864584445953369, 0.5961909294128418, 0.6871444582939148, 0.7434401512145996, 0.7030959129333496, 0.621635377407074, 0.6291534900665283, 0.6813105344772339, 0.6698252558708191, 0.5528392791748047, 0.581927478313446, 0.651601254940033, 0.5968663692474365, 0.6004683971405029, 0.6379969716072083, 0.7344487905502319, 0.6063403487205505, 0.5551391243934631, 0.6045782566070557, 0.6917306780815125, 0.6839966773986816, 0.5778872966766357, 0.5832195281982422, 0.6949695944786072, 0.7364486455917358, 0.5830331444740295, 0.5918176174163818, 0.6399564146995544, 0.644742488861084, 0.5792106986045837, 0.6233150362968445, 0.781188428401947, 0.7059051394462585, 0.6531462073326111, 0.6340131163597107, 0.697920024394989, 0.6780271530151367, 0.7405753135681152, 0.7558234930038452, 0.7354111671447754], "MSE": [0.005413375329226255, 0.02385765314102173, 0.04426068067550659, 0.028453215956687927, 0.018772870302200317, 0.024883374571800232, 0.026271900162100792, 0.041398294270038605, 0.050428129732608795, 0.041860565543174744, 0.025354035198688507, 0.019597675651311874, 0.0249483585357666, 0.030462047085165977, 0.031915441155433655, 0.03499211370944977, 0.040993206202983856, 0.05217832326889038, 0.04011303186416626, 0.026093870401382446, 0.03693089634180069, 0.035766974091529846, 0.03585071861743927, 0.036283306777477264, 0.04644414037466049, 0.049847912043333054, 0.037562187761068344, 0.035432785749435425, 0.03647492825984955, 0.040938422083854675, 0.041527990251779556, 0.03506346419453621, 0.026557445526123047, 0.04911498352885246, 0.04606952890753746, 0.040947191417217255, 0.03562338650226593, 0.04285694286227226, 0.03807822987437248, 0.02563638612627983, 0.03322352468967438, 0.04060204327106476, 0.04053407907485962, 0.04154948517680168, 0.03010597825050354, 0.02500966191291809, 0.02645738050341606, 0.030626822263002396], "LPIPS": [0.12326860427856445, 0.248964324593544, 0.31581246852874756, 0.27831315994262695, 0.25492149591445923, 0.2858790159225464, 0.2774750888347626, 0.36423081159591675, 0.3644510805606842, 0.3846258819103241, 0.3125562071800232, 0.25818413496017456, 0.2681814730167389, 0.3647063970565796, 0.35663747787475586, 0.3196178078651428, 0.3452579081058502, 0.3820239305496216, 0.39397093653678894, 0.31296202540397644, 0.36268991231918335, 0.40346038341522217, 0.35659128427505493, 0.29198765754699707, 0.3679027259349823, 0.4296451807022095, 0.40106290578842163, 0.33484044671058655, 0.32505279779434204, 0.38616007566452026, 0.3882792890071869, 0.27464956045150757, 0.2853471338748932, 0.37000906467437744, 0.37515613436698914, 0.3885127305984497, 0.332845002412796, 0.3772547245025635, 0.3281060457229614, 0.26687130331993103, 0.28694361448287964, 0.30535948276519775, 0.3247740864753723, 0.31316813826560974, 0.28786376118659973, 0.24660074710845947, 0.24648690223693848, 0.22339347004890442]}