{
    "PSNR": [
        24.31473731994629,
        20.584218502044678,
        14.487006664276123,
        14.240409135818481,
        21.967191696166992,
        18.13556432723999,
        18.87996196746826,
        20.173940658569336,
        15.016974210739136,
        13.233022689819336,
        12.994678020477295,
        14.561583995819092,
        19.81480598449707,
        16.999648809432983,
        15.997017621994019,
        17.515937089920044,
        17.95976758003235,
        13.881115913391113,
        12.829359769821167,
        13.773701190948486,
        17.512686252593994,
        15.217673778533936,
        15.260170698165894,
        17.443771362304688,
        16.879327297210693,
        13.539607524871826,
        13.70036244392395,
        16.339378356933594,
        18.432570695877075,
        15.526974201202393,
        14.726735353469849,
        15.002365112304688,
        18.428618907928467,
        16.37349247932434,
        14.526041746139526,
        16.099144220352173,
        16.20635986328125,
        14.909929037094116,
        14.485605955123901,
        15.169093608856201,
        19.726358652114868,
        18.253965377807617,
        17.75011658668518,
        18.90855073928833,
        15.3330397605896,
        14.829765558242798,
        17.084660530090332,
        17.752044200897217
    ],
    "SSIM": [
        0.9188388586044312,
        0.8281370401382446,
        0.6423838138580322,
        0.6451674699783325,
        0.8470238447189331,
        0.7056724429130554,
        0.7313886880874634,
        0.8077293634414673,
        0.6474688649177551,
        0.563039243221283,
        0.5681387186050415,
        0.6696898937225342,
        0.839072585105896,
        0.6727613210678101,
        0.623414933681488,
        0.7099153995513916,
        0.7703391909599304,
        0.5891821384429932,
        0.5413308143615723,
        0.6161293387413025,
        0.7233256101608276,
        0.5951229929924011,
        0.5984541177749634,
        0.7628061175346375,
        0.744664192199707,
        0.5763561725616455,
        0.5918600559234619,
        0.7563502788543701,
        0.7991735935211182,
        0.6225223541259766,
        0.5661684274673462,
        0.6466869115829468,
        0.8290492296218872,
        0.701917827129364,
        0.6171692609786987,
        0.7264694571495056,
        0.6890315413475037,
        0.5951119065284729,
        0.6045308113098145,
        0.6977136135101318,
        0.8488539457321167,
        0.7875163555145264,
        0.7675668597221375,
        0.8247627019882202,
        0.6608555316925049,
        0.6644584536552429,
        0.7995473742485046,
        0.8057309985160828
    ],
    "MSE": [
        0.0037027676589787006,
        0.008741345256567001,
        0.035587653517723083,
        0.03766683489084244,
        0.006357420235872269,
        0.015361851081252098,
        0.012942073866724968,
        0.009607403539121151,
        0.03149942308664322,
        0.047500453889369965,
        0.050180189311504364,
        0.034981753677129745,
        0.010435648262500763,
        0.019954238086938858,
        0.025136124342679977,
        0.01771765761077404,
        0.015996433794498444,
        0.04091555252671242,
        0.0521271638572216,
        0.04194014519453049,
        0.017730921506881714,
        0.030076876282691956,
        0.02978399395942688,
        0.018014531582593918,
        0.020514804869890213,
        0.0442628376185894,
        0.04265439510345459,
        0.023230699822306633,
        0.014346405863761902,
        0.0280093215405941,
        0.03367646783590317,
        0.0316055566072464,
        0.01435946300625801,
        0.02304893359541893,
        0.035269223153591156,
        0.024551931768655777,
        0.023953227326273918,
        0.03228547424077988,
        0.03559913486242294,
        0.03041519783437252,
        0.01065035816282034,
        0.014948701485991478,
        0.016787588596343994,
        0.012857156805694103,
        0.02928842417895794,
        0.03288694843649864,
        0.01956743560731411,
        0.01678013801574707
    ],
    "LPIPS": [
        0.1081523448228836,
        0.25005078315734863,
        0.3639720678329468,
        0.3479052782058716,
        0.16186809539794922,
        0.25086814165115356,
        0.2619166970252991,
        0.3241627812385559,
        0.3498396873474121,
        0.39707326889038086,
        0.39517465233802795,
        0.31390640139579773,
        0.1930946409702301,
        0.27866673469543457,
        0.31109854578971863,
        0.2715247869491577,
        0.27472418546676636,
        0.35884684324264526,
        0.42251378297805786,
        0.34871792793273926,
        0.280905544757843,
        0.34462031722068787,
        0.35876893997192383,
        0.3021637797355652,
        0.25567907094955444,
        0.34998056292533875,
        0.3521870970726013,
        0.2985970377922058,
        0.25289469957351685,
        0.34704357385635376,
        0.3881823718547821,
        0.3561801314353943,
        0.2007453739643097,
        0.2741970419883728,
        0.34045282006263733,
        0.2740773558616638,
        0.34897172451019287,
        0.3858165442943573,
        0.37606847286224365,
        0.3376966714859009,
        0.1671067774295807,
        0.21606296300888062,
        0.25942835211753845,
        0.2888917326927185,
        0.348106324672699,
        0.3529207706451416,
        0.23001828789710999,
        0.20920796692371368
    ],
    "complexity": {
        "normal_roughness": [
            0.03832414001226425,
            0.04438791424036026,
            0.05321010574698448,
            0.04901598021388054,
            0.02941727638244629,
            0.04086903855204582,
            0.04116924852132797,
            0.03437015414237976,
            0.0520760677754879,
            0.05033411830663681,
            0.04750845208764076,
            0.04458119720220566,
            0.034832872450351715,
            0.04207553714513779,
            0.047548748552799225,
            0.04585270211100578,
            0.04153922200202942,
            0.05032307654619217,
            0.04533971846103668,
            0.04620615392923355,
            0.042111851274967194,
            0.04668358713388443,
            0.05087965354323387,
            0.04227176308631897,
            0.044885989278554916,
            0.04646607115864754,
            0.04446452111005783,
            0.03876134008169174,
            0.035026177763938904,
            0.04700607806444168,
            0.04798467457294464,
            0.04785473644733429,
            0.034443724900484085,
            0.04371010512113571,
            0.044893067330121994,
            0.03637240454554558,
            0.043771203607320786,
            0.048409171402454376,
            0.04799351841211319,
            0.04354092851281166,
            0.03248602896928787,
            0.039775729179382324,
            0.034930504858493805,
            0.030176106840372086,
            0.04569943994283676,
            0.046311669051647186,
            0.03609666973352432,
            0.034613654017448425
        ],