{"PSNR": [24.14457082748413, 23.385674953460693, 16.398214101791382, 16.23056411743164, 21.882305145263672, 16.90645694732666, 16.88848376274109, 21.112656593322754, 17.04033613204956, 13.401095867156982, 13.343082666397095, 16.303473711013794, 19.92579698562622, 15.943089723587036, 14.878511428833008, 15.98131537437439, 21.392183303833008, 13.957580327987671, 12.248643636703491, 13.55878233909607, 16.929733753204346, 14.09714937210083, 14.231714010238647, 16.64798378944397, 18.107247352600098, 12.747799158096313, 12.33516812324524, 15.434776544570923, 19.06408190727234, 14.144514799118042, 13.429136276245117, 14.36264157295227, 18.600791692733765, 15.047540664672852, 12.553417682647705, 13.715728521347046, 15.983240604400635, 13.497781753540039, 13.554273843765259, 15.532487630844116, 21.013898849487305, 15.086930990219116, 14.309221506118774, 17.372276782989502, 15.323302745819092, 15.14330506324768, 21.88257932662964, 19.562784433364868], "SSIM": [0.9135928153991699, 0.8790416717529297, 0.7389122247695923, 0.7507909536361694, 0.8883144855499268, 0.7157735228538513, 0.7122845649719238, 0.8315402269363403, 0.7334445714950562, 0.6066849231719971, 0.6148800849914551, 0.7593609690666199, 0.8679239749908447, 0.7073365449905396, 0.6353017687797546, 0.668038010597229, 0.8566725254058838, 0.6361998319625854, 0.5601386427879333, 0.6432321667671204, 0.7737457156181335, 0.6280821561813354, 0.6002448797225952, 0.7272133827209473, 0.7656134963035583, 0.592303991317749, 0.5839060544967651, 0.7629067301750183, 0.8707922697067261, 0.6650010943412781, 0.5939680933952332, 0.6453431844711304, 0.8277258276939392, 0.6953615546226501, 0.6030656099319458, 0.6750348806381226, 0.746833324432373, 0.6343275308609009, 0.6406163573265076, 0.7477644681930542, 0.8903627395629883, 0.7300843000411987, 0.6997774839401245, 0.82933509349823, 0.721221923828125, 0.7405918836593628, 0.8996291160583496, 0.8696537017822266], "MSE": [0.003850729903206229, 0.0045859841629862785, 0.022918105125427246, 0.02382010780274868, 0.006482900585979223, 0.02038704976439476, 0.020471595227718353, 0.007739881984889507, 0.01976817101240158, 0.04569729417562485, 0.04631180688738823, 0.023423543199896812, 0.010172327980399132, 0.025450192391872406, 0.0325198769569397, 0.025227166712284088, 0.007257412653416395, 0.04020148515701294, 0.05958482623100281, 0.04406784102320671, 0.020278073847293854, 0.03893005847930908, 0.03774232417345047, 0.02163722738623619, 0.015462341718375683, 0.0531153604388237, 0.05840945988893509, 0.02861030399799347, 0.01240486092865467, 0.03850778564810753, 0.045403193682432175, 0.03662148118019104, 0.013801326975226402, 0.03127850592136383, 0.05554669722914696, 0.04250374063849449, 0.025215988978743553, 0.044691186398267746, 0.04411361739039421, 0.02797379158437252, 0.007917902432382107, 0.03099609538912773, 0.03707471489906311, 0.018313543871045113, 0.029354166239500046, 0.03059634380042553, 0.006482492201030254, 0.01105914544314146], "LPIPS": [0.11053569614887238, 0.1477237045764923, 0.26906996965408325, 0.2804170250892639, 0.14115311205387115, 0.2833855152130127, 0.26752427220344543, 0.19965951144695282, 0.30593469738960266, 0.35758131742477417, 0.35776689648628235, 0.2777159810066223, 0.2078138291835785, 0.28999900817871094, 0.33768346905708313, 0.3213427662849426, 0.27148839831352234, 0.35505133867263794, 0.42914265394210815, 0.31203439831733704, 0.25243833661079407, 0.35264667868614197, 0.38439029455184937, 0.27981626987457275, 0.23379121720790863, 0.38656169176101685, 0.4007226228713989, 0.2642749547958374, 0.22994568943977356, 0.33574551343917847, 0.3980099558830261, 0.35407882928848267, 0.21976888179779053, 0.2887316644191742, 0.3760532736778259, 0.3176402151584625, 0.290069580078125, 0.35777321457862854, 0.3667870759963989, 0.32287371158599854, 0.154478520154953, 0.2869192957878113, 0.2973119020462036, 0.23369428515434265, 0.29176443815231323, 0.307403028011322, 0.11633720993995667, 0.21644461154937744]}