{
    "PSNR": [
        23.20732593536377,
        18.385716676712036,
        17.476686239242554,
        17.985113859176636,
        18.792656660079956,
        16.813942193984985,
        16.70050621032715,
        16.772587299346924,
        16.81801199913025,
        14.472514390945435,
        14.596835374832153,
        17.69680619239807,
        18.288190364837646,
        15.64250111579895,
        15.41987657546997,
        15.972687005996704,
        16.857489347457886,
        14.359949827194214,
        13.575500249862671,
        14.59269404411316,
        16.265050172805786,
        15.34952998161316,
        15.456042289733887,
        16.480809450149536,
        15.886054039001465,
        13.479570150375366,
        13.103026151657104,
        15.927629470825195,
        16.773991584777832,
        16.123275756835938,
        15.468225479125977,
        16.435019969940186,
        16.17101550102234,
        14.49267029762268,
        13.198409080505371,
        14.385932683944702,
        17.73914933204651,
        16.527047157287598,
        16.49810791015625,
        16.043648719787598,
        16.116119623184204,
        14.58932876586914,
        14.978570938110352,
        15.974799394607544,
        17.237842082977295,
        16.375056505203247,
        16.335630416870117,
        16.22722864151001
    ],
    "SSIM": [
        0.8876944780349731,
        0.7469968795776367,
        0.6761293411254883,
        0.6900728940963745,
        0.7516428828239441,
        0.6880277991294861,
        0.6759239435195923,
        0.6962542533874512,
        0.6881484985351562,
        0.5867430567741394,
        0.5594154596328735,
        0.7002248764038086,
        0.745481014251709,
        0.6763331294059753,
        0.6021373271942139,
        0.6704034209251404,
        0.7219313383102417,
        0.6025766134262085,
        0.5681341290473938,
        0.5897673964500427,
        0.6819209456443787,
        0.621845006942749,
        0.6038147211074829,
        0.6878432035446167,
        0.7041715383529663,
        0.5860070586204529,
        0.538772463798523,
        0.6774660348892212,
        0.7094501256942749,
        0.6761733889579773,
        0.6046034097671509,
        0.6573330163955688,
        0.7045326232910156,
        0.6418430805206299,
        0.544533908367157,
        0.6186593770980835,
        0.7273659110069275,
        0.670620322227478,
        0.6492427587509155,
        0.6740807294845581,
        0.7085010409355164,
        0.6380554437637329,
        0.6514732837677002,
        0.6966558694839478,
        0.7124863862991333,
        0.69151771068573,
        0.7202093601226807,
        0.7203087210655212
    ],
    "MSE": [
        0.0047782352194190025,
        0.014502018690109253,
        0.017878517508506775,
        0.015903351828455925,
        0.013204879127442837,
        0.02082599699497223,
        0.02137712761759758,
        0.021025260910391808,
        0.020806485787034035,
        0.03570660203695297,
        0.0346989631652832,
        0.016994934529066086,
        0.0148313594982028,
        0.02727406844496727,
        0.028708627447485924,
        0.02527734264731407,
        0.020618217065930367,
        0.036644190549850464,
        0.043898534029722214,
        0.034732066094875336,
        0.023631703108549118,
        0.029177427291870117,
        0.02847055159509182,
        0.022486355155706406,
        0.025786638259887695,
        0.04487898200750351,
        0.04894376918673515,
        0.025540953502058983,
        0.021018456667661667,
        0.024415887892246246,
        0.0283907949924469,
        0.02272469364106655,
        0.024148961529135704,
        0.03554127737879753,
        0.04788055643439293,
        0.03642560541629791,
        0.016830042004585266,
        0.022248221561312675,
        0.02239697240293026,
        0.024867674335837364,
        0.024456148967146873,
        0.03475899249315262,
        0.031779199838638306,
        0.025265049189329147,
        0.018889296799898148,
        0.023040635511279106,
        0.023250749334692955,
        0.023838404566049576
    ],
    "LPIPS": [
        0.15652891993522644,
        0.257909893989563,
        0.3130332827568054,
        0.34666091203689575,
        0.2086617350578308,
        0.2823854982852936,
        0.35650545358657837,
        0.31816479563713074,
        0.33912819623947144,
        0.40406498312950134,
        0.4204036593437195,
        0.32823604345321655,
        0.3287336826324463,
        0.30285149812698364,
        0.3863324224948883,
        0.342437744140625,
        0.3165169060230255,
        0.39012083411216736,
        0.42925912141799927,
        0.4062878489494324,
        0.29280367493629456,
        0.3732517659664154,
        0.37945592403411865,
        0.34171462059020996,
        0.31352120637893677,
        0.4343207776546478,
        0.4411633014678955,
        0.3709784746170044,
        0.36880654096603394,
        0.3547043204307556,
        0.37522557377815247,
        0.36166027188301086,
        0.32508644461631775,
        0.3419100046157837,
        0.43677765130996704,
        0.3930453658103943,
        0.3240101635456085,
        0.3592771887779236,
        0.34692662954330444,
        0.34902769327163696,
        0.25890350341796875,
        0.350321888923645,
        0.3476823568344116,
        0.3341823220252991,
        0.3167085647583008,
        0.3288200795650482,
        0.24476157128810883,
        0.3173433542251587
    ],
    "complexity": {
        "normal_roughness": [
            0.045638345181941986,
            0.04694448411464691,
            0.03306809812784195,
            0.033927980810403824,
            0.04291039705276489,
            0.046586599200963974,
            0.050846632570028305,
            0.04582083225250244,
            0.036642156541347504,
            0.04879732429981232,
            0.05402613803744316,
            0.03714534640312195,
            0.033369433134794235,
            0.045707933604717255,
            0.04836997389793396,
            0.04612099379301071,
            0.03407180309295654,
            0.05237249284982681,
            0.05147586762905121,
            0.04815635830163956,
            0.04217987880110741,
            0.04788942635059357,
            0.047915875911712646,
            0.04059775173664093,
            0.04331662505865097,
            0.05088239163160324,
            0.04741302505135536,
            0.04315650463104248,
            0.034539543092250824,
            0.04355788230895996,
            0.04822647571563721,
            0.045142337679862976,
            0.029543437063694,
            0.04534918814897537,
            0.04528459161520004,
            0.04626559466123581,
            0.032229043543338776,
            0.04088500142097473,
            0.044269874691963196,
            0.036086030304431915,
            0.04190675914287567,
            0.046117790043354034,
            0.044100310653448105,
            0.04196437448263168,
            0.03044622577726841,
            0.03079657256603241,
            0.040913935750722885,
            0.036641597747802734
        ],