{"PSNR": [21.693663597106934, 15.38488507270813, 14.157630205154419, 15.622116327285767, 17.216120958328247, 16.26021385192871, 15.188937187194824, 13.515299558639526, 13.462672233581543, 14.107745885848999, 14.598573446273804, 15.713002681732178, 13.611689805984497, 13.627612590789795, 13.424605131149292, 12.767397165298462, 12.784850597381592, 14.565218687057495, 14.089428186416626, 14.285318851470947, 13.780940771102905, 13.901132345199585, 13.377547264099121, 12.932653427124023, 13.178584575653076, 13.352651596069336, 13.580083847045898, 12.439148426055908, 13.734923601150513, 14.603811502456665, 14.726426601409912, 14.989004135131836, 14.200019836425781, 13.8129723072052, 14.17094349861145, 13.9518404006958, 14.87680196762085, 15.46385407447815, 15.36865234375, 16.038304567337036, 15.935016870498657, 15.428619384765625, 15.546120405197144, 14.22418475151062, 15.505918264389038, 15.672768354415894, 16.157084703445435, 15.075496435165405], "SSIM": [0.8758448362350464, 0.6612837314605713, 0.5876646637916565, 0.656461238861084, 0.7029754519462585, 0.6454559564590454, 0.6163359880447388, 0.5887571573257446, 0.5477412939071655, 0.5830602645874023, 0.617255449295044, 0.6810910105705261, 0.6332816481590271, 0.607871413230896, 0.583753764629364, 0.5573817491531372, 0.5418395400047302, 0.6042985916137695, 0.6057634949684143, 0.6429414749145508, 0.5891377329826355, 0.576352596282959, 0.5862776041030884, 0.5933293104171753, 0.5848395824432373, 0.610188364982605, 0.6282507181167603, 0.6209162473678589, 0.5905669331550598, 0.5628492832183838, 0.597303569316864, 0.6141019463539124, 0.6196433305740356, 0.6246364116668701, 0.6379504203796387, 0.6406030058860779, 0.5960409641265869, 0.6050367951393127, 0.6193926930427551, 0.708355188369751, 0.6727520823478699, 0.6423236727714539, 0.6436276435852051, 0.6127709746360779, 0.6332970857620239, 0.6550895571708679, 0.7111188769340515, 0.6405067443847656], "MSE": [0.006770702078938484, 0.02894086204469204, 0.03839166462421417, 0.02740238979458809, 0.018984008580446243, 0.023658037185668945, 0.030276544392108917, 0.04451128467917442, 0.04505394026637077, 0.03883519023656845, 0.034685082733631134, 0.026834886521100998, 0.04353424906730652, 0.0433749258518219, 0.045450590550899506, 0.05287621170282364, 0.0526641383767128, 0.03495249152183533, 0.03899933397769928, 0.03727933019399643, 0.041870296001434326, 0.040727414190769196, 0.04594575613737106, 0.050901979207992554, 0.04809962213039398, 0.04620988667011261, 0.04385223239660263, 0.05702761933207512, 0.04231629893183708, 0.0346432700753212, 0.03367885947227478, 0.03170294687151909, 0.03801877051591873, 0.04156260937452316, 0.03827416151762009, 0.04025464504957199, 0.03253267705440521, 0.028419381007552147, 0.02904924377799034, 0.02489829622209072, 0.025497540831565857, 0.028650885447859764, 0.02788611873984337, 0.03780781850218773, 0.028145452961325645, 0.027084646746516228, 0.02422655187547207, 0.031077809631824493], "LPIPS": [0.1372804343700409, 0.2969345450401306, 0.3817160725593567, 0.2694234549999237, 0.20465871691703796, 0.28087544441223145, 0.35149073600769043, 0.3486480116844177, 0.37114217877388, 0.3648390769958496, 0.3271994888782501, 0.2705323398113251, 0.3369041085243225, 0.3256276845932007, 0.397402286529541, 0.39912599325180054, 0.3792860805988312, 0.33347004652023315, 0.3348201811313629, 0.31044629216194153, 0.3575173616409302, 0.35585659742355347, 0.4011073112487793, 0.38406234979629517, 0.351544052362442, 0.36889153718948364, 0.3808172941207886, 0.3792666494846344, 0.34968656301498413, 0.35610494017601013, 0.36208057403564453, 0.33150923252105713, 0.3382432460784912, 0.3225557506084442, 0.36762744188308716, 0.40544551610946655, 0.36296695470809937, 0.34940361976623535, 0.36034417152404785, 0.30280712246894836, 0.26215118169784546, 0.31151238083839417, 0.3140870928764343, 0.3685632348060608, 0.36579447984695435, 0.32461220026016235, 0.2543642520904541, 0.3344123661518097]}