{"PSNR": [20.834758281707764, 16.58012866973877, 15.358139276504517, 16.230002641677856, 17.280125617980957, 18.409727811813354, 16.90783977508545, 14.86824631690979, 14.105253219604492, 14.404995441436768, 15.443952083587646, 17.006367444992065, 16.017394065856934, 16.22033715248108, 17.52867102622986, 15.9178626537323, 13.7050461769104, 13.573554754257202, 14.946262836456299, 16.456271409988403, 15.036102533340454, 17.235466241836548, 17.773786783218384, 14.838935136795044, 13.738644123077393, 14.639489650726318, 16.08463764190674, 16.079492568969727, 14.543294906616211, 15.62467098236084, 16.866846084594727, 18.684539794921875, 15.900228023529053, 14.75373387336731, 16.56388759613037, 16.096025705337524, 14.857391119003296, 15.544489622116089, 16.240705251693726, 17.790842056274414, 17.381131649017334, 18.26281189918518, 17.122868299484253, 15.258146524429321, 15.151687860488892, 15.860511064529419, 17.43772864341736, 16.159470081329346], "SSIM": [0.8642257452011108, 0.6828298568725586, 0.6393041610717773, 0.714654803276062, 0.7144979238510132, 0.7402593493461609, 0.7012142539024353, 0.6291448473930359, 0.5750373601913452, 0.6052199602127075, 0.6853029131889343, 0.7369379997253418, 0.6849956512451172, 0.6550590991973877, 0.7227849960327148, 0.6603342294692993, 0.5842198133468628, 0.5701764225959778, 0.6596867442131042, 0.7472060918807983, 0.6201770305633545, 0.6792553663253784, 0.7205919027328491, 0.6439497470855713, 0.5924984812736511, 0.649078369140625, 0.7537409663200378, 0.6923331022262573, 0.6078051328659058, 0.6164361834526062, 0.6705640554428101, 0.7643183469772339, 0.7108849287033081, 0.6642371416091919, 0.7439584136009216, 0.7150720357894897, 0.5951546430587769, 0.6199339628219604, 0.651864230632782, 0.7502803206443787, 0.7516260147094727, 0.7897049188613892, 0.7509692907333374, 0.641840398311615, 0.6283419132232666, 0.6648461222648621, 0.787682294845581, 0.6817559599876404], "MSE": [0.008251333609223366, 0.021977951750159264, 0.029119646176695824, 0.02382318302989006, 0.01870628260076046, 0.014422057196497917, 0.02038055658340454, 0.03259683772921562, 0.038857489824295044, 0.03626606613397598, 0.028549913316965103, 0.019923394545912743, 0.025018466636538506, 0.023876264691352844, 0.017665784806013107, 0.02559845894575119, 0.04260841757059097, 0.04391820728778839, 0.03201649710536003, 0.0226137675344944, 0.03136099502444267, 0.01889963634312153, 0.016696343198418617, 0.032817576080560684, 0.042280059307813644, 0.03435983508825302, 0.02463407814502716, 0.024663280695676804, 0.03512939065694809, 0.02738627791404724, 0.020573845133185387, 0.013537737540900707, 0.02570261061191559, 0.03346776217222214, 0.022060289978981018, 0.024569561704993248, 0.032678402960300446, 0.0278965812176466, 0.02376454696059227, 0.016630899161100388, 0.018276242539286613, 0.014918282628059387, 0.019396044313907623, 0.029797879979014397, 0.03053734079003334, 0.025938740000128746, 0.018039613962173462, 0.024213247001171112], "LPIPS": [0.19475157558918, 0.3001600503921509, 0.3645728826522827, 0.2941097617149353, 0.2586761713027954, 0.29447007179260254, 0.27286970615386963, 0.34282752871513367, 0.3933873474597931, 0.39129921793937683, 0.3440312445163727, 0.26999032497406006, 0.3395010232925415, 0.3488388955593109, 0.26218381524086, 0.32187676429748535, 0.39109253883361816, 0.4048231244087219, 0.3684031367301941, 0.29546964168548584, 0.3750210702419281, 0.3541024625301361, 0.3165592551231384, 0.3607017397880554, 0.3857179284095764, 0.3932197690010071, 0.29526498913764954, 0.33394959568977356, 0.38262322545051575, 0.3976634442806244, 0.35321882367134094, 0.29898104071617126, 0.31448879837989807, 0.34351956844329834, 0.31480738520622253, 0.31677404046058655, 0.38456812500953674, 0.4002375304698944, 0.3414844870567322, 0.27063775062561035, 0.26502329111099243, 0.2823329567909241, 0.2828890085220337, 0.37152695655822754, 0.38326501846313477, 0.32765230536460876, 0.2531026005744934, 0.33676913380622864]}