{"PSNR": [20.7694673538208, 15.401973724365234, 14.761320352554321, 16.568989753723145, 17.160329818725586, 17.8512704372406, 16.130859851837158, 14.830090999603271, 14.313215017318726, 14.32888150215149, 16.00941300392151, 16.956878900527954, 16.550432443618774, 16.84686779975891, 17.254616022109985, 15.507192611694336, 14.453151226043701, 14.22905683517456, 14.901280403137207, 16.75440788269043, 15.492627620697021, 17.298706769943237, 16.631711721420288, 15.448347330093384, 15.019077062606812, 14.629968404769897, 15.744116306304932, 15.729206800460815, 14.882639646530151, 16.055179834365845, 17.816237211227417, 16.416144371032715, 16.00387454032898, 15.528547763824463, 15.938836336135864, 15.243370532989502, 15.062732696533203, 16.613192558288574, 17.939012050628662, 17.07816481590271, 16.465290784835815, 16.14908218383789, 15.724064111709595, 14.63707685470581, 15.269112586975098, 17.078076601028442, 16.708898544311523, 14.88721489906311], "SSIM": [0.8716122508049011, 0.6508728265762329, 0.6526657938957214, 0.7360309362411499, 0.727789580821991, 0.7462109327316284, 0.6504689455032349, 0.5799219608306885, 0.6020770072937012, 0.6432773470878601, 0.7380976676940918, 0.725924015045166, 0.6654872894287109, 0.7050161361694336, 0.6975609064102173, 0.607764482498169, 0.5881940126419067, 0.635562002658844, 0.7009016275405884, 0.7190631628036499, 0.6059498190879822, 0.7116918563842773, 0.6792356967926025, 0.6143105626106262, 0.657745361328125, 0.6775175929069519, 0.7099682688713074, 0.6215185523033142, 0.5736088752746582, 0.6537587642669678, 0.739571750164032, 0.6627144813537598, 0.6702243685722351, 0.710094153881073, 0.7204897403717041, 0.6252163648605347, 0.6026514768600464, 0.7053708434104919, 0.7386989593505859, 0.7126497030258179, 0.7331087589263916, 0.7386398315429688, 0.6799113750457764, 0.5840843915939331, 0.6345456838607788, 0.7275382876396179, 0.743077278137207, 0.6276225447654724], "MSE": [0.00837632268667221, 0.02882721647620201, 0.033409349620342255, 0.02203439176082611, 0.019229458644986153, 0.016401100903749466, 0.024373281747102737, 0.03288447856903076, 0.03704064339399338, 0.03690725937485695, 0.025064481422305107, 0.02015172503888607, 0.022128745913505554, 0.02066870592534542, 0.01881648227572441, 0.028137190267443657, 0.03586616739630699, 0.03776541352272034, 0.032349828630685806, 0.021113451570272446, 0.02823171578347683, 0.018626419827342033, 0.021718453615903854, 0.028521036729216576, 0.031484175473451614, 0.03443523868918419, 0.02664332091808319, 0.026734953746199608, 0.032488979399204254, 0.02480173483490944, 0.01653394103050232, 0.022823676466941833, 0.02509646862745285, 0.02799917757511139, 0.025475135073065758, 0.029899438843131065, 0.031169278547167778, 0.021811261773109436, 0.016073070466518402, 0.019596727564930916, 0.02256685122847557, 0.02427123300731182, 0.02676662802696228, 0.03437892720103264, 0.02972274087369442, 0.019597128033638, 0.021335860714316368, 0.03245477378368378], "LPIPS": [0.13189148902893066, 0.35124313831329346, 0.3532256484031677, 0.29715341329574585, 0.31270480155944824, 0.28422975540161133, 0.36065614223480225, 0.3892814517021179, 0.3823363780975342, 0.37431153655052185, 0.2782377600669861, 0.27402472496032715, 0.33340826630592346, 0.29419100284576416, 0.30678969621658325, 0.39364129304885864, 0.3793075680732727, 0.3823130428791046, 0.3833063244819641, 0.2858477532863617, 0.36121612787246704, 0.3110755980014801, 0.3402678370475769, 0.372722864151001, 0.34914299845695496, 0.363677978515625, 0.31061550974845886, 0.36448466777801514, 0.38817185163497925, 0.34626883268356323, 0.2895883321762085, 0.3747663199901581, 0.3487129807472229, 0.33045080304145813, 0.31962987780570984, 0.35534512996673584, 0.3946797549724579, 0.3238077461719513, 0.26450350880622864, 0.2660875916481018, 0.30672603845596313, 0.2809597849845886, 0.33872926235198975, 0.4056089520454407, 0.35691872239112854, 0.29374226927757263, 0.2397749423980713, 0.36346450448036194]}