{"PSNR": [19.82770323753357, 16.986695528030396, 14.704287052154541, 15.30341625213623, 20.16845941543579, 17.279776334762573, 16.26011610031128, 16.557857990264893, 15.2725350856781, 14.563699960708618, 14.862154722213745, 15.944253206253052, 18.430615663528442, 17.044320106506348, 15.555133819580078, 15.422124862670898, 16.166735887527466, 14.73490595817566, 14.651581048965454, 15.661181211471558, 18.16660761833191, 15.457183122634888, 14.975534677505493, 15.894325971603394, 15.530591011047363, 14.345749616622925, 14.938124418258667, 17.3549222946167, 18.57688546180725, 16.379642486572266, 15.336400270462036, 15.304349660873413, 16.290650367736816, 15.180175304412842, 14.984064102172852, 15.754880905151367, 17.025429010391235, 15.829259157180786, 15.467395782470703, 15.080807209014893, 17.370624542236328, 16.466563940048218, 16.076258420944214, 17.4436354637146, 15.82782506942749, 15.556565523147583, 17.548415660858154, 17.80439257621765], "SSIM": [0.833193302154541, 0.7767620086669922, 0.7133480310440063, 0.700667142868042, 0.7874946594238281, 0.7192867994308472, 0.7035136222839355, 0.7805390357971191, 0.7578487396240234, 0.6882036924362183, 0.6824557781219482, 0.710478663444519, 0.7732707858085632, 0.7027988433837891, 0.6604034900665283, 0.7096492648124695, 0.768063485622406, 0.6939473152160645, 0.6745542883872986, 0.7002741694450378, 0.7545554041862488, 0.6537575721740723, 0.6484041213989258, 0.7378680109977722, 0.7249908447265625, 0.6596899032592773, 0.6601111888885498, 0.7573921084403992, 0.781279444694519, 0.6967100501060486, 0.6542237997055054, 0.6836867332458496, 0.7586442828178406, 0.7060346603393555, 0.6828761100769043, 0.6957200765609741, 0.7422952651977539, 0.6788901090621948, 0.6830710172653198, 0.6980797648429871, 0.7801401019096375, 0.7651986479759216, 0.7145442962646484, 0.759752631187439, 0.704363226890564, 0.701904296875, 0.783726692199707, 0.7736114263534546], "MSE": [0.010404701344668865, 0.02001384273171425, 0.03385099396109581, 0.02948888950049877, 0.009619533084332943, 0.01870778761804104, 0.023658569902181625, 0.02209094725549221, 0.02969932183623314, 0.03496472164988518, 0.03264258801937103, 0.02544337511062622, 0.014352860860526562, 0.019750043749809265, 0.02782830409705639, 0.02869376353919506, 0.024172773584723473, 0.033613171428442, 0.03426430746912956, 0.0271570086479187, 0.015252441167831421, 0.028463073074817657, 0.03180141746997833, 0.025737565010786057, 0.02798600122332573, 0.036764197051525116, 0.03207654505968094, 0.01838686689734459, 0.013877511024475098, 0.0230163112282753, 0.02926577255129814, 0.02948254905641079, 0.023492813110351562, 0.030337687581777573, 0.03173903003334999, 0.026577364653348923, 0.01983613520860672, 0.02612607181072235, 0.02839621901512146, 0.031039830297231674, 0.018320513889193535, 0.0225602388381958, 0.02468164823949337, 0.018015097826719284, 0.02613469772040844, 0.027819126844406128, 0.01758565753698349, 0.016579097136855125], "LPIPS": [0.18530064821243286, 0.27805855870246887, 0.3179595470428467, 0.3097034692764282, 0.2780263423919678, 0.3098949193954468, 0.28776633739471436, 0.2725791931152344, 0.31468236446380615, 0.33632364869117737, 0.3532446026802063, 0.27666011452674866, 0.30856096744537354, 0.3261156678199768, 0.35014909505844116, 0.30883774161338806, 0.33737248182296753, 0.330447256565094, 0.35441088676452637, 0.3228519558906555, 0.32937300205230713, 0.36177319288253784, 0.3382636606693268, 0.3212016820907593, 0.3279477059841156, 0.34725138545036316, 0.3480907678604126, 0.30204445123672485, 0.31963014602661133, 0.3300725817680359, 0.3543332815170288, 0.32541170716285706, 0.31737029552459717, 0.32019710540771484, 0.3398756682872772, 0.3183521628379822, 0.3220040500164032, 0.33114495873451233, 0.35667580366134644, 0.28907978534698486, 0.24423985183238983, 0.2681412100791931, 0.26763638854026794, 0.29334771633148193, 0.3079845905303955, 0.328937292098999, 0.28858423233032227, 0.28941619396209717]}