{
    "PSNR": [
        22.8904128074646,
        18.130863904953003,
        14.412254095077515,
        15.797680616378784,
        19.8159658908844,
        17.467598915100098,
        18.262808322906494,
        16.460617780685425,
        13.766555786132812,
        13.530336618423462,
        14.710283279418945,
        16.97758674621582,
        18.724725246429443,
        16.517484188079834,
        15.137131214141846,
        17.144596576690674,
        14.738452434539795,
        13.16575288772583,
        13.876852989196777,
        15.790102481842041,
        16.63204073905945,
        14.885187149047852,
        14.404690265655518,
        17.6249361038208,
        13.954880237579346,
        13.608815670013428,
        14.791133403778076,
        18.315006494522095,
        16.89262866973877,
        14.955039024353027,
        14.14115309715271,
        14.5839524269104,
        16.906594038009644,
        14.267774820327759,
        14.539533853530884,
        16.885069608688354,
        15.117683410644531,
        14.170819520950317,
        14.017213582992554,
        15.766245126724243,
        18.58863115310669,
        15.870698690414429,
        16.47508144378662,
        17.083189487457275,
        14.443037509918213,
        14.663951396942139,
        16.72992467880249,
        16.316170692443848
    ],
    "SSIM": [
        0.8984173536300659,
        0.7631523013114929,
        0.6061991453170776,
        0.6605204343795776,
        0.8079936504364014,
        0.681113600730896,
        0.712096095085144,
        0.7088456153869629,
        0.6043727397918701,
        0.5328211188316345,
        0.5935366749763489,
        0.7194070816040039,
        0.7819247245788574,
        0.6510820388793945,
        0.5936791300773621,
        0.7018951177597046,
        0.6637148857116699,
        0.5490657687187195,
        0.5372018814086914,
        0.6864851713180542,
        0.6789946556091309,
        0.5714876651763916,
        0.575361967086792,
        0.7455841898918152,
        0.6126853227615356,
        0.5527234077453613,
        0.6252626180648804,
        0.7804888486862183,
        0.7286826968193054,
        0.571555495262146,
        0.545212984085083,
        0.6291942596435547,
        0.7844415903091431,
        0.6096586585044861,
        0.6254082918167114,
        0.7228454947471619,
        0.6183046102523804,
        0.5385244488716125,
        0.5720467567443848,
        0.6986441612243652,
        0.8375139236450195,
        0.6964370608329773,
        0.7188095450401306,
        0.766579806804657,
        0.605813205242157,
        0.654381275177002,
        0.7985445857048035,
        0.7546750903129578
    ],
    "MSE": [
        0.00513994786888361,
        0.015378485433757305,
        0.03620550408959389,
        0.026316732168197632,
        0.010432860814034939,
        0.017915965989232063,
        0.01491829939186573,
        0.02259114943444729,
        0.042009204626083374,
        0.044357430189847946,
        0.0338042788207531,
        0.0200558640062809,
        0.013413049280643463,
        0.022297263145446777,
        0.030639871954917908,
        0.01929924450814724,
        0.03358572721481323,
        0.048241935670375824,
        0.040955737233161926,
        0.026362694799900055,
        0.021716808900237083,
        0.03246992826461792,
        0.03626861795783043,
        0.017278512939810753,
        0.04022647440433502,
        0.04356306791305542,
        0.03318079560995102,
        0.014740067534148693,
        0.020452067255973816,
        0.03195185959339142,
        0.038537606596946716,
        0.03480204567313194,
        0.020386401563882828,
        0.03743024170398712,
        0.035159818828105927,
        0.020487692207098007,
        0.03077738545835018,
        0.038275256752967834,
        0.039653241634368896,
        0.026507912203669548,
        0.013840027153491974,
        0.02587796561419964,
        0.022516032680869102,
        0.01957406848669052,
        0.03594977781176567,
        0.0341668464243412,
        0.021232813596725464,
        0.023355167359113693
    ],
    "LPIPS": [
        0.13129347562789917,
        0.2680733799934387,
        0.3523287773132324,
        0.3267764151096344,
        0.21234118938446045,
        0.2703799903392792,
        0.26009249687194824,
        0.35624223947525024,
        0.35256245732307434,
        0.39142340421676636,
        0.33738216757774353,
        0.271554559469223,
        0.2257314771413803,
        0.301380455493927,
        0.35623836517333984,
        0.3050704002380371,
        0.3438020944595337,
        0.38096189498901367,
        0.36969101428985596,
        0.33057230710983276,
        0.3087528944015503,
        0.3659905791282654,
        0.386194109916687,
        0.2719495892524719,
        0.3323618769645691,
        0.3708955645561218,
        0.3294239044189453,
        0.29926320910453796,
        0.31852662563323975,
        0.3923667073249817,
        0.4087774157524109,
        0.36710697412490845,
        0.24301955103874207,
        0.3340345025062561,
        0.3483436405658722,
        0.2904048562049866,
        0.3914126455783844,
        0.4238526523113251,
        0.4003623127937317,
        0.33154284954071045,
        0.21668553352355957,
        0.30617856979370117,
        0.26528024673461914,
        0.3009237051010132,
        0.3769909739494324,
        0.35440000891685486,
        0.27349337935447693,
        0.2437637448310852
    ],
    "complexity": {
        "normal_roughness": [
            0.050437308847904205,
            0.04067771136760712,
            0.05894260108470917,
            0.05600644648075104,
            0.038538314402103424,
            0.04619843140244484,
            0.03917050361633301,
            0.04515334591269493,
            0.05608560889959335,
            0.06468735635280609,
            0.06583715975284576,
            0.0537596270442009,
            0.04336310178041458,
            0.049335114657878876,
            0.05782214552164078,
            0.04569067060947418,
            0.04014413058757782,
            0.06357842683792114,
            0.06490111351013184,
            0.05815361440181732,
            0.04893872141838074,
            0.06245477497577667,
            0.05907141789793968,
            0.04596421867609024,
            0.04719162732362747,
            0.0641031265258789,
            0.057964541018009186,
            0.04228061065077782,
            0.03959016129374504,
            0.061197392642498016,
            0.06755783408880234,
            0.05917849391698837,
            0.03956962376832962,
            0.05046328529715538,
            0.05712908133864403,
            0.041765857487916946,
            0.05465897545218468,
            0.06495384126901627,
            0.065900057554245,
            0.05278736352920532,
            0.04063853994011879,
            0.04699845239520073,
            0.037249304354190826,
            0.03853992000222206,
            0.0587165467441082,
            0.05767756700515747,
            0.038210541009902954,
            0.04167042672634125
        ],