{"PSNR": [20.231056213378906, 16.315150260925293, 16.87861204147339, 15.815356969833374, 15.621017217636108, 17.56393790245056, 16.085463762283325, 15.544121265411377, 17.07999348640442, 16.07305645942688, 15.275596380233765, 14.675073623657227, 15.274560451507568, 15.728416442871094, 16.218303442001343, 15.455174446105957, 15.254004001617432, 16.120500564575195, 15.908145904541016, 14.928762912750244, 15.300204753875732, 16.075410842895508, 16.07774257659912, 14.789125919342041, 15.4734206199646, 16.696215867996216, 15.478732585906982, 15.064231157302856, 15.335942506790161, 15.5582857131958, 16.296870708465576, 15.341163873672485, 14.77131724357605, 16.55558466911316, 16.768052577972412, 15.626227855682373, 15.864471197128296, 16.344287395477295, 16.34761333465576, 15.159873962402344, 15.74964165687561, 18.272194862365723, 17.369238138198853, 16.502230167388916, 16.533282995224, 16.64305567741394, 17.81388282775879, 18.13068151473999], "SSIM": [0.8598120212554932, 0.7108796834945679, 0.7400519251823425, 0.7137433290481567, 0.6909966468811035, 0.750541090965271, 0.7086018323898315, 0.653561532497406, 0.7003259658813477, 0.728018045425415, 0.6871516108512878, 0.6465844511985779, 0.6513291597366333, 0.6798633337020874, 0.7078849673271179, 0.6788210868835449, 0.6212323904037476, 0.6737446784973145, 0.7312318086624146, 0.6476908326148987, 0.6507441997528076, 0.7000246047973633, 0.71117103099823, 0.6253842711448669, 0.6356327533721924, 0.7166110873222351, 0.6736757159233093, 0.6339166164398193, 0.6501578688621521, 0.6805590391159058, 0.7485358715057373, 0.6820489764213562, 0.6221582889556885, 0.6914283633232117, 0.723214864730835, 0.6739289164543152, 0.6565296649932861, 0.7216388583183289, 0.7057079076766968, 0.6513354778289795, 0.6643930077552795, 0.7500016093254089, 0.7289251089096069, 0.6861550211906433, 0.7149340510368347, 0.7050023078918457, 0.7455219030380249, 0.7546789050102234], "MSE": [0.009481879882514477, 0.02336065284907818, 0.020518183708190918, 0.026209836825728416, 0.027409320697188377, 0.017522908747196198, 0.024629389867186546, 0.02789894863963127, 0.01958848163485527, 0.024699851870536804, 0.02967839315533638, 0.03407945856451988, 0.029685474932193756, 0.02673981338739395, 0.023887446150183678, 0.028476238250732422, 0.029826318845152855, 0.024431493133306503, 0.025655794888734818, 0.03214576095342636, 0.029510699212551117, 0.02468647062778473, 0.0246732197701931, 0.03319612517952919, 0.028356850147247314, 0.021398257464170456, 0.028322190046310425, 0.031158529222011566, 0.029268858954310417, 0.027808114886283875, 0.023459184914827347, 0.029233690351247787, 0.03333253785967827, 0.022102510556578636, 0.02104722335934639, 0.027376458048820496, 0.025915104895830154, 0.02320445328950882, 0.023186683654785156, 0.030479833483695984, 0.026609446853399277, 0.014886084012687206, 0.018326357007026672, 0.022375723347067833, 0.022216295823454857, 0.021661799401044846, 0.01654290407896042, 0.015379130840301514], "LPIPS": [0.1765083521604538, 0.31032219529151917, 0.3203330636024475, 0.2816527485847473, 0.3045555055141449, 0.2522062361240387, 0.32041558623313904, 0.3409864902496338, 0.31183382868766785, 0.26544684171676636, 0.3111295998096466, 0.35257041454315186, 0.35546669363975525, 0.31296056509017944, 0.31475162506103516, 0.33265915513038635, 0.3848291039466858, 0.3348671793937683, 0.30101650953292847, 0.34670889377593994, 0.36356401443481445, 0.29911234974861145, 0.2978442907333374, 0.37530502676963806, 0.37384942173957825, 0.2865859270095825, 0.3278995156288147, 0.3416134715080261, 0.3594511151313782, 0.3540562689304352, 0.275738000869751, 0.33611631393432617, 0.3862183094024658, 0.30533546209335327, 0.3001667857170105, 0.3100413978099823, 0.33955156803131104, 0.3230322003364563, 0.278703898191452, 0.33355897665023804, 0.3298582434654236, 0.2674323618412018, 0.2668052911758423, 0.30378371477127075, 0.2891193926334381, 0.28898245096206665, 0.29576489329338074, 0.2610078454017639]}