{"PSNR": [20.029261112213135, 17.387818098068237, 15.505332946777344, 16.557670831680298, 16.62366509437561, 17.496755123138428, 17.309404611587524, 16.29375457763672, 15.042988061904907, 15.32863974571228, 16.362321376800537, 16.496046781539917, 15.911977291107178, 16.387572288513184, 16.957557201385498, 17.670689821243286, 15.047441720962524, 14.849963188171387, 15.732309818267822, 16.568777561187744, 16.148351430892944, 16.618623733520508, 17.655595541000366, 16.16532325744629, 15.145320892333984, 15.014017820358276, 17.13609218597412, 16.05710506439209, 16.00859761238098, 16.536954641342163, 17.067586183547974, 16.83258056640625, 15.913194417953491, 15.292644500732422, 15.766915082931519, 18.40976357460022, 17.061086893081665, 17.546969652175903, 17.434343099594116, 17.327715158462524, 16.484707593917847, 16.14381194114685, 17.463008165359497, 17.288063764572144, 18.06227684020996, 17.442965507507324, 17.60326862335205, 18.623173236846924], "SSIM": [0.855013370513916, 0.7268664240837097, 0.6564208269119263, 0.7210086584091187, 0.6719846725463867, 0.722023606300354, 0.7367041110992432, 0.6760436296463013, 0.6132196187973022, 0.6433290243148804, 0.7151610255241394, 0.7054896354675293, 0.6291090250015259, 0.6347392201423645, 0.6922747492790222, 0.7249125242233276, 0.5937193632125854, 0.5963341593742371, 0.7015848159790039, 0.6962031126022339, 0.6108111143112183, 0.6458719968795776, 0.734869658946991, 0.6475529074668884, 0.5878526568412781, 0.6399686336517334, 0.7232803106307983, 0.636040449142456, 0.6132717132568359, 0.6105020046234131, 0.6851908564567566, 0.6960912942886353, 0.6208548545837402, 0.6400972604751587, 0.6830047369003296, 0.7087714076042175, 0.6497858762741089, 0.6770698428153992, 0.7127896547317505, 0.7177169322967529, 0.6998326182365417, 0.6987296342849731, 0.707513689994812, 0.6617025136947632, 0.7059311866760254, 0.7150821685791016, 0.7535527944564819, 0.7351760864257812], "MSE": [0.009932846762239933, 0.018248125910758972, 0.02814924530684948, 0.02209189161658287, 0.021758731454610825, 0.017796088010072708, 0.018580593168735504, 0.023476025089621544, 0.031311310827732086, 0.02931812033057213, 0.02310829423367977, 0.022407598793506622, 0.02563316933810711, 0.022974327206611633, 0.020148571580648422, 0.017097439616918564, 0.03127921000123024, 0.03273434564471245, 0.026715856045484543, 0.022035470232367516, 0.024275315925478935, 0.021784000098705292, 0.017156969755887985, 0.024180639535188675, 0.030582141131162643, 0.03152088075876236, 0.01933707855641842, 0.024790745228528976, 0.025069188326597214, 0.022197525948286057, 0.019644517451524734, 0.020736809819936752, 0.025625985115766525, 0.029562119394540787, 0.026503827422857285, 0.014421937987208366, 0.019673939794301987, 0.017591504380106926, 0.018053682520985603, 0.01850241795182228, 0.022466180846095085, 0.024300700053572655, 0.01793491467833519, 0.018672123551368713, 0.015623290091753006, 0.01801786571741104, 0.017364932224154472, 0.013730387203395367], "LPIPS": [0.14703622460365295, 0.2886098623275757, 0.37658578157424927, 0.31677326560020447, 0.3246475160121918, 0.30332037806510925, 0.26824313402175903, 0.3889579772949219, 0.40706655383110046, 0.39487528800964355, 0.3343813419342041, 0.3183881938457489, 0.36870455741882324, 0.36680394411087036, 0.27230119705200195, 0.3089330792427063, 0.4224699139595032, 0.3954693377017975, 0.32599276304244995, 0.3543957471847534, 0.3731006979942322, 0.35466572642326355, 0.30595001578330994, 0.37474942207336426, 0.410479336977005, 0.35623621940612793, 0.34322553873062134, 0.3728119134902954, 0.40565094351768494, 0.3967810273170471, 0.36578524112701416, 0.33678749203681946, 0.3690020740032196, 0.35993170738220215, 0.31530773639678955, 0.329679012298584, 0.39563626050949097, 0.36127179861068726, 0.3455182909965515, 0.3361281156539917, 0.33490240573883057, 0.3120732307434082, 0.3163917064666748, 0.35601577162742615, 0.3438678979873657, 0.3295344114303589, 0.2716793417930603, 0.3226780891418457]}