{"PSNR": [21.241648197174072, 19.48699712753296, 18.06854248046875, 19.392991065979004, 20.048110485076904, 18.401293754577637, 18.144564628601074, 18.526508808135986, 16.5206515789032, 15.909150838851929, 16.014115810394287, 18.490774631500244, 17.713329792022705, 17.60469913482666, 17.101441621780396, 17.66851544380188, 17.54574418067932, 15.732219219207764, 15.538554191589355, 15.71047306060791, 17.38871932029724, 16.942042112350464, 17.02866792678833, 20.06427764892578, 16.21529459953308, 16.0640549659729, 15.327025651931763, 19.815038442611694, 18.5503351688385, 17.041518688201904, 16.931514739990234, 17.473691701889038, 17.848429679870605, 16.418625116348267, 16.978349685668945, 16.699066162109375, 17.99365997314453, 17.368624210357666, 17.293527126312256, 19.088642597198486, 17.20207929611206, 17.761025428771973, 18.525007963180542, 20.108675956726074, 18.729307651519775, 18.333959579467773, 17.339261770248413, 19.43785309791565], "SSIM": [0.8791106939315796, 0.8511466979980469, 0.8010061979293823, 0.8437317609786987, 0.8194960355758667, 0.7744549512863159, 0.7873863577842712, 0.8293821811676025, 0.7242250442504883, 0.6965038180351257, 0.7105428576469421, 0.7903363108634949, 0.7378743886947632, 0.7217399477958679, 0.711770236492157, 0.7814070582389832, 0.7605409026145935, 0.6797351241111755, 0.6681925058364868, 0.6764487028121948, 0.7054519057273865, 0.6867639422416687, 0.7120906710624695, 0.8479131460189819, 0.699184775352478, 0.6877733469009399, 0.6574647426605225, 0.8099038004875183, 0.7511273622512817, 0.6903828382492065, 0.6842095255851746, 0.7503039240837097, 0.7781555652618408, 0.7038471698760986, 0.7144291400909424, 0.7382678985595703, 0.7314134836196899, 0.7256948947906494, 0.7248362302780151, 0.8297573924064636, 0.7405366897583008, 0.775391697883606, 0.78240966796875, 0.82188880443573, 0.7841873168945312, 0.7984759211540222, 0.7616509795188904, 0.8276522159576416], "MSE": [0.007513378746807575, 0.011253831908106804, 0.015600757673382759, 0.011500082910060883, 0.009889835491776466, 0.014450094662606716, 0.015330049209296703, 0.01403941959142685, 0.022281013429164886, 0.02564985677599907, 0.025037355720996857, 0.014155415818095207, 0.016930393874645233, 0.01735921949148178, 0.019491972401738167, 0.017106004059314728, 0.017596475780010223, 0.026716407388448715, 0.027934737503528595, 0.026850521564483643, 0.018244339153170586, 0.020220687612891197, 0.019821355119347572, 0.009853090159595013, 0.023903995752334595, 0.024751102551817894, 0.029329020529985428, 0.010435088537633419, 0.013962606899440289, 0.019762784242630005, 0.020269758999347687, 0.017890846356749535, 0.016411835327744484, 0.022810641676187515, 0.020052336156368256, 0.02138422057032585, 0.015872083604335785, 0.01832895539700985, 0.018648646771907806, 0.012334903702139854, 0.01904548518359661, 0.016745474189519882, 0.014044269919395447, 0.009752870537340641, 0.013398900628089905, 0.01467587798833847, 0.018453292548656464, 0.011381899937987328], "LPIPS": [0.15804263949394226, 0.1755909025669098, 0.23715510964393616, 0.18317751586437225, 0.21895462274551392, 0.22291387617588043, 0.20779690146446228, 0.23527562618255615, 0.2609648108482361, 0.29973796010017395, 0.300118088722229, 0.21453256905078888, 0.2646658718585968, 0.2822630703449249, 0.29806721210479736, 0.2415252923965454, 0.2211953103542328, 0.309070885181427, 0.3349609375, 0.3003861606121063, 0.29453039169311523, 0.31454217433929443, 0.31468772888183594, 0.21984821557998657, 0.2786133885383606, 0.3234838843345642, 0.32277125120162964, 0.25931042432785034, 0.24297833442687988, 0.2935781478881836, 0.31136974692344666, 0.2184634506702423, 0.21865296363830566, 0.31697627902030945, 0.2971463203430176, 0.23315104842185974, 0.27988749742507935, 0.2913456857204437, 0.2226695865392685, 0.2152412086725235, 0.2622908055782318, 0.2554433345794678, 0.20771868526935577, 0.20331890881061554, 0.2590668499469757, 0.27709510922431946, 0.2455855756998062, 0.2117842584848404]}