{
    "PSNR": [
        23.155603408813477,
        18.9358389377594,
        15.156280994415283,
        15.985157489776611,
        20.138354301452637,
        17.045875787734985,
        17.162818908691406,
        18.353312015533447,
        15.200905799865723,
        14.020859003067017,
        14.539504051208496,
        16.688777208328247,
        18.67895245552063,
        16.3543701171875,
        14.862534999847412,
        16.12942934036255,
        17.002724409103394,
        14.184768199920654,
        13.892704248428345,
        15.383603572845459,
        17.876195907592773,
        14.800392389297485,
        14.703584909439087,
        16.52350425720215,
        15.622484683990479,
        13.952169418334961,
        14.623074531555176,
        17.11924433708191,
        18.114537000656128,
        15.460333824157715,
        14.536323547363281,
        15.093276500701904,
        17.09521770477295,
        14.926769733428955,
        14.452240467071533,
        15.888004302978516,
        16.04979634284973,
        14.753395318984985,
        14.52552318572998,
        15.707085132598877,
        17.497552633285522,
        15.831396579742432,
        15.94839334487915,
        18.314695358276367,
        15.784024000167847,
        15.340993404388428,
        17.897006273269653,
        18.875778913497925
    ],
    "SSIM": [
        0.8879226446151733,
        0.7776311635971069,
        0.641528844833374,
        0.6687259078025818,
        0.8068890571594238,
        0.6815371513366699,
        0.702673614025116,
        0.7796483039855957,
        0.6677412986755371,
        0.5924569964408875,
        0.5926862955093384,
        0.7161337733268738,
        0.8011393547058105,
        0.6609674692153931,
        0.5728594064712524,
        0.6854395866394043,
        0.7851245403289795,
        0.6160943508148193,
        0.5553526282310486,
        0.6402437686920166,
        0.7383036017417908,
        0.5642783641815186,
        0.5989993810653687,
        0.7430806159973145,
        0.7073463201522827,
        0.5926763415336609,
        0.620667040348053,
        0.7601866722106934,
        0.7910207509994507,
        0.6131341457366943,
        0.5600987672805786,
        0.6332687735557556,
        0.7897852659225464,
        0.657575786113739,
        0.6374443769454956,
        0.705300509929657,
        0.6819190979003906,
        0.5894762873649597,
        0.5826588273048401,
        0.6991416811943054,
        0.7954820394515991,
        0.7161329984664917,
        0.7104188799858093,
        0.7977375984191895,
        0.6645335555076599,
        0.659245491027832,
        0.8053107261657715,
        0.8073890209197998
    ],
    "MSE": [
        0.0048354798927903175,
        0.012776622548699379,
        0.030505061149597168,
        0.02520485781133175,
        0.009686450473964214,
        0.019742965698242188,
        0.0192184429615736,
        0.01461063139140606,
        0.030193224549293518,
        0.03961997479200363,
        0.03516006842255592,
        0.02143494412302971,
        0.013555161654949188,
        0.023150643333792686,
        0.03263973444700241,
        0.02438131347298622,
        0.01994011364877224,
        0.03815251588821411,
        0.04080652445554733,
        0.028949405997991562,
        0.01630724035203457,
        0.0331101194024086,
        0.03385646641254425,
        0.022266380488872528,
        0.02740006148815155,
        0.04025159403681755,
        0.0344899483025074,
        0.019412238150835037,
        0.015436410903930664,
        0.02844242751598358,
        0.03518582135438919,
        0.03095082938671112,
        0.019519930705428123,
        0.03216051682829857,
        0.03587368130683899,
        0.025775056332349777,
        0.02483249455690384,
        0.03347037360072136,
        0.03527343273162842,
        0.02687147632241249,
        0.01779281720519066,
        0.026113217696547508,
        0.02541913464665413,
        0.01474111806601286,
        0.02639961801469326,
        0.029234841465950012,
        0.016229284927248955,
        0.012954543344676495
    ],
    "LPIPS": [
        0.1595967710018158,
        0.2692766785621643,
        0.36511415243148804,
        0.30849385261535645,
        0.21408534049987793,
        0.30092477798461914,
        0.3175981640815735,
        0.29909852147102356,
        0.3373476266860962,
        0.4058578610420227,
        0.3760785460472107,
        0.2924860119819641,
        0.27003028988838196,
        0.32692548632621765,
        0.40379995107650757,
        0.29317280650138855,
        0.2765333354473114,
        0.3614791929721832,
        0.4043785333633423,
        0.3541167676448822,
        0.30341267585754395,
        0.39922305941581726,
        0.3967954218387604,
        0.2891676127910614,
        0.31765079498291016,
        0.38846319913864136,
        0.3812234401702881,
        0.2882519066333771,
        0.3016897439956665,
        0.37542954087257385,
        0.41363441944122314,
        0.3433525860309601,
        0.30334925651550293,
        0.3256351947784424,
        0.38271966576576233,
        0.31397709250450134,
        0.3157697916030884,
        0.3994874358177185,
        0.3837897479534149,
        0.3092039227485657,
        0.27013593912124634,
        0.2989954948425293,
        0.3101887106895447,
        0.2193802297115326,
        0.35734742879867554,
        0.3166217803955078,
        0.2557485103607178,
        0.23433268070220947
    ],
    "complexity": {
        "normal_roughness": [
            0.037694476544857025,
            0.041993141174316406,
            0.05306323617696762,
            0.054957058280706406,
            0.03780438005924225,
            0.04993739351630211,
            0.04802809655666351,
            0.03708932548761368,
            0.05044294521212578,
            0.06338460743427277,
            0.06553320586681366,
            0.05209606513381004,
            0.040560849010944366,
            0.05123491585254669,
            0.059143081307411194,
            0.05208902060985565,
            0.038703933358192444,
            0.05964971333742142,
            0.06527683138847351,
            0.059516213834285736,
            0.045497313141822815,
            0.06341420114040375,
            0.06317348778247833,
            0.048058606684207916,
            0.04504016041755676,
            0.06566809862852097,
            0.06398969888687134,
            0.049942754209041595,
            0.039721690118312836,
            0.05884162336587906,
            0.0682055801153183,
            0.059421222656965256,
            0.04148666560649872,
            0.052087076008319855,
            0.0566878542304039,
            0.05237662419676781,
            0.05125465989112854,
            0.06375854462385178,
            0.06227885186672211,
            0.052771709859371185,
            0.03901640325784683,
            0.048682183027267456,
            0.04453618824481964,
            0.030795849859714508,
            0.053903982043266296,
            0.05296347290277481,
            0.034310199320316315,
            0.03897751495242119
        ],