{"PSNR": [19.22417163848877, 16.716068983078003, 15.848473310470581, 16.77120804786682, 16.74256443977356, 17.207094430923462, 16.180561780929565, 15.424082279205322, 15.454403162002563, 15.56171178817749, 16.18541717529297, 16.76996111869812, 16.435903310775757, 16.084669828414917, 16.23541831970215, 15.888344049453735, 15.460059642791748, 15.642093420028687, 16.182584762573242, 16.30068302154541, 15.97055435180664, 16.02470874786377, 15.466707944869995, 15.122973918914795, 15.774600505828857, 16.285834312438965, 16.129156351089478, 16.363710165023804, 16.406110525131226, 15.817810297012329, 15.68982481956482, 15.53762674331665, 15.788259506225586, 16.13237977027893, 16.64427876472473, 17.040081024169922, 16.26867651939392, 15.46926498413086, 15.251063108444214, 16.00989580154419, 16.515167951583862, 17.206231355667114, 17.090260982513428, 17.68696904182434, 16.721571683883667, 16.758716106414795, 18.477760553359985, 18.662209510803223], "SSIM": [0.8571559190750122, 0.7910027503967285, 0.7498607635498047, 0.7940554618835449, 0.7454957365989685, 0.7637089490890503, 0.7251808643341064, 0.7589544057846069, 0.7326681017875671, 0.6831459999084473, 0.7183496356010437, 0.7914220690727234, 0.748042106628418, 0.6886420249938965, 0.700230062007904, 0.736303985118866, 0.7564327120780945, 0.677823007106781, 0.6959788799285889, 0.726454496383667, 0.6907587051391602, 0.6900596618652344, 0.6840566992759705, 0.7578343152999878, 0.7237891554832458, 0.6997638940811157, 0.6908031702041626, 0.7568404078483582, 0.7402480840682983, 0.6784830093383789, 0.7064051628112793, 0.7334529757499695, 0.7564899325370789, 0.7064756155014038, 0.7209269404411316, 0.7576583623886108, 0.7262040376663208, 0.6855274438858032, 0.7008103132247925, 0.7778233289718628, 0.7290245890617371, 0.7484229803085327, 0.7424947619438171, 0.7833045721054077, 0.7385610938072205, 0.7547261714935303, 0.7938627004623413, 0.7903327941894531], "MSE": [0.011955915950238705, 0.02130066230893135, 0.026010742411017418, 0.0210319384932518, 0.02117111161351204, 0.019023509696125984, 0.024095943197607994, 0.028680836781859398, 0.028481295332312584, 0.02778618037700653, 0.02406901679933071, 0.021037977188825607, 0.02272007241845131, 0.02463389001786709, 0.023793494328856468, 0.02577303908765316, 0.02844422310590744, 0.027276625856757164, 0.024084720760583878, 0.023438598960638046, 0.02528975158929825, 0.02497635781764984, 0.028400715440511703, 0.030739914625883102, 0.026456963270902634, 0.02351888082921505, 0.024382850155234337, 0.023100903257727623, 0.022876467555761337, 0.026195041835308075, 0.02697848342359066, 0.027940701693296432, 0.026373883709311485, 0.024364754557609558, 0.021655701100826263, 0.01976933144032955, 0.023611977696418762, 0.028383996337652206, 0.029846517369151115, 0.025061696767807007, 0.022309159860014915, 0.019027289003133774, 0.01954222097992897, 0.017033470794558525, 0.021273693069815636, 0.02109251730144024, 0.014197892509400845, 0.013607519678771496], "LPIPS": [0.13990595936775208, 0.20402464270591736, 0.2517414093017578, 0.23002591729164124, 0.2558984160423279, 0.1968110352754593, 0.23758035898208618, 0.24641633033752441, 0.27853909134864807, 0.26519182324409485, 0.21377597749233246, 0.2974976897239685, 0.2822894752025604, 0.2651940584182739, 0.2514134645462036, 0.27688151597976685, 0.24831870198249817, 0.285062700510025, 0.25740426778793335, 0.2552386522293091, 0.3103753328323364, 0.26831087470054626, 0.25901690125465393, 0.2532098889350891, 0.2681458592414856, 0.271156907081604, 0.26009970903396606, 0.2863866686820984, 0.2962188720703125, 0.27038419246673584, 0.2680162787437439, 0.25578373670578003, 0.23029500246047974, 0.2326788604259491, 0.27085572481155396, 0.2594956159591675, 0.2568007707595825, 0.2656041383743286, 0.2486376315355301, 0.2858240604400635, 0.2218625247478485, 0.2522619962692261, 0.21777653694152832, 0.22775933146476746, 0.27111512422561646, 0.2461671531200409, 0.22945529222488403, 0.2263101041316986]}