{"PSNR": [20.605497360229492, 19.37394142150879, 15.672003030776978, 15.709472894668579, 17.93052077293396, 16.159549951553345, 16.251215934753418, 18.874924182891846, 16.142594814300537, 14.17182445526123, 14.424724578857422, 15.969948768615723, 16.341136693954468, 15.643367767333984, 14.859963655471802, 16.283951997756958, 18.795435428619385, 14.459164142608643, 13.75164270401001, 14.62610125541687, 15.89794397354126, 14.71878170967102, 14.939655065536499, 17.98254132270813, 15.967603921890259, 14.025189876556396, 13.916220664978027, 16.18162989616394, 17.200939655303955, 15.11950969696045, 14.834226369857788, 16.017353534698486, 17.753697633743286, 15.843416452407837, 14.242366552352905, 15.0022292137146, 16.638871431350708, 15.371767282485962, 15.808525085449219, 18.594363927841187, 18.94817352294922, 16.184146404266357, 15.986342430114746, 18.647011518478394, 17.0255446434021, 17.729235887527466, 19.120062589645386, 19.65205430984497], "SSIM": [0.8874382972717285, 0.8403846025466919, 0.7290236949920654, 0.7324129939079285, 0.8200410604476929, 0.7040745615959167, 0.6912187337875366, 0.8287426829338074, 0.7378182411193848, 0.629706859588623, 0.6431403160095215, 0.7508370280265808, 0.7935380339622498, 0.6970992088317871, 0.6088050603866577, 0.6777008771896362, 0.8252927660942078, 0.6406509280204773, 0.590178370475769, 0.6584229469299316, 0.7285022735595703, 0.6132099628448486, 0.6077815294265747, 0.7669448852539062, 0.7188670039176941, 0.6106518507003784, 0.6098772883415222, 0.7522826194763184, 0.7972739934921265, 0.6456735134124756, 0.6057673692703247, 0.6755008101463318, 0.7842963933944702, 0.7041110396385193, 0.6263660192489624, 0.6566562056541443, 0.7184173464775085, 0.646292507648468, 0.6661951541900635, 0.7799277305603027, 0.8135449290275574, 0.7214372158050537, 0.6877150535583496, 0.7949560880661011, 0.7282127141952515, 0.7479610443115234, 0.8040087223052979, 0.797426700592041], "MSE": [0.008698620833456516, 0.011550637893378735, 0.027089422568678856, 0.02685670554637909, 0.016104528680443764, 0.024212798103690147, 0.023707106709480286, 0.012957095168530941, 0.02430751733481884, 0.03826639801263809, 0.036101698875427246, 0.02529328130185604, 0.023221289739012718, 0.027268623933196068, 0.03265905752778053, 0.02352907322347164, 0.013196430169045925, 0.03581654280424118, 0.04215370863676071, 0.03446592390537262, 0.025716137140989304, 0.03373819589614868, 0.03206523880362511, 0.015912776812911034, 0.02530694380402565, 0.03958047926425934, 0.040586162358522415, 0.024090014398097992, 0.019050488248467445, 0.030764441937208176, 0.032853178679943085, 0.02501869760453701, 0.016773752868175507, 0.026041045784950256, 0.03764985501766205, 0.03160655498504639, 0.021682675927877426, 0.02902841381728649, 0.02625110000371933, 0.01382177323102951, 0.012740392237901688, 0.024076063185930252, 0.02519798092544079, 0.013655226677656174, 0.019835613667964935, 0.01686849631369114, 0.012245990335941315, 0.010834146291017532], "LPIPS": [0.17957070469856262, 0.2368335723876953, 0.2842711806297302, 0.2993167042732239, 0.24020594358444214, 0.3202165961265564, 0.3279821276664734, 0.2437191754579544, 0.30967772006988525, 0.38429105281829834, 0.37168246507644653, 0.3086737394332886, 0.23572266101837158, 0.32226261496543884, 0.3894261121749878, 0.36964088678359985, 0.23177170753479004, 0.3753049075603485, 0.40360569953918457, 0.3255591094493866, 0.30877745151519775, 0.376189649105072, 0.375888854265213, 0.2722267806529999, 0.3127913475036621, 0.39813464879989624, 0.38051271438598633, 0.25969600677490234, 0.25237905979156494, 0.3744969964027405, 0.3776673674583435, 0.35481739044189453, 0.2938072085380554, 0.34231895208358765, 0.38408705592155457, 0.33682477474212646, 0.3111784756183624, 0.35803964734077454, 0.3549934923648834, 0.3015804588794708, 0.25179797410964966, 0.34809446334838867, 0.3580179214477539, 0.24502728879451752, 0.32137778401374817, 0.3035613000392914, 0.23533257842063904, 0.2677149176597595]}