{"PSNR": [20.514066219329834, 17.394453287124634, 16.666061878204346, 17.788021564483643, 17.436307668685913, 17.586854696273804, 17.461005449295044, 15.689727067947388, 15.671210289001465, 16.267757415771484, 16.530989408493042, 16.7633056640625, 16.108872890472412, 17.216581106185913, 17.22442388534546, 16.39033555984497, 14.75465178489685, 15.924022197723389, 16.30905270576477, 17.46516227722168, 16.491466760635376, 17.716903686523438, 17.225888967514038, 15.620585680007935, 15.088917016983032, 16.156859397888184, 17.16773748397827, 16.489293575286865, 15.982474088668823, 18.04050326347351, 17.299703359603882, 17.046010494232178, 15.549869537353516, 16.12772226333618, 16.1837899684906, 17.60178804397583, 17.36003279685974, 17.813444137573242, 17.036139965057373, 16.11580729484558, 16.665024757385254, 16.728808879852295, 16.62771224975586, 17.406681776046753, 18.276976346969604, 17.590129375457764, 17.96143889427185, 17.309787273406982], "SSIM": [0.8773384094238281, 0.7172305583953857, 0.7163187861442566, 0.7457684874534607, 0.7345495223999023, 0.7205807566642761, 0.7178735733032227, 0.6663637161254883, 0.6461189389228821, 0.6848732829093933, 0.674345850944519, 0.6925106048583984, 0.6296619176864624, 0.6852341890335083, 0.6639068126678467, 0.6822246313095093, 0.5893599390983582, 0.6579099297523499, 0.6726654767990112, 0.6936795115470886, 0.6362640857696533, 0.6881782412528992, 0.6930230855941772, 0.6183164715766907, 0.5927581787109375, 0.6582642793655396, 0.6716036796569824, 0.6248682141304016, 0.6031792163848877, 0.7043851613998413, 0.6816614866256714, 0.6890584826469421, 0.6224250793457031, 0.6662200689315796, 0.6409343481063843, 0.6860092878341675, 0.6681450605392456, 0.6950179934501648, 0.6868197321891785, 0.6847690343856812, 0.7084356546401978, 0.6974021792411804, 0.6560174226760864, 0.6544021368026733, 0.7055885195732117, 0.7126659154891968, 0.7714856863021851, 0.6658838987350464], "MSE": [0.008883688598871231, 0.018220268189907074, 0.0215473510324955, 0.016641702502965927, 0.018045511096715927, 0.017430687323212624, 0.017943184822797775, 0.026979094371199608, 0.027094367891550064, 0.023616973310709, 0.02222803235054016, 0.021070238202810287, 0.02449699118733406, 0.018982000648975372, 0.018947750329971313, 0.022959712892770767, 0.03346069157123566, 0.02556217461824417, 0.023393472656607628, 0.017926020547747612, 0.02243124507367611, 0.016916468739509583, 0.018941355869174004, 0.02741204760968685, 0.030981918796896935, 0.0242278091609478, 0.019196689128875732, 0.022442473098635674, 0.025220435112714767, 0.015701813623309135, 0.0186221431940794, 0.019742358475923538, 0.027862055227160454, 0.024390896782279015, 0.024078037589788437, 0.017370861023664474, 0.018365249037742615, 0.016544576734304428, 0.019787278026342392, 0.024457907304167747, 0.021552499383687973, 0.02123827487230301, 0.021738462150096893, 0.01816903054714203, 0.014869704842567444, 0.017417553812265396, 0.015990285202860832, 0.01857895776629448], "LPIPS": [0.16561351716518402, 0.27475810050964355, 0.340376079082489, 0.20481035113334656, 0.2764281928539276, 0.29449883103370667, 0.24858611822128296, 0.35605499148368835, 0.336454302072525, 0.3449665904045105, 0.2772351801395416, 0.28902313113212585, 0.34841111302375793, 0.30973702669143677, 0.34835514426231384, 0.31962257623672485, 0.3599856495857239, 0.35558706521987915, 0.3261745274066925, 0.2699729800224304, 0.31990954279899597, 0.3294656276702881, 0.3383690416812897, 0.4252208173274994, 0.3816283643245697, 0.33165615797042847, 0.3747010827064514, 0.3870074450969696, 0.3760800361633301, 0.31338202953338623, 0.3268726170063019, 0.298574835062027, 0.37781256437301636, 0.31781861186027527, 0.36886221170425415, 0.32286280393600464, 0.33969971537590027, 0.32003578543663025, 0.3354443907737732, 0.3102905750274658, 0.30709996819496155, 0.28816303610801697, 0.3022086024284363, 0.3373986482620239, 0.34429705142974854, 0.3007959723472595, 0.25425440073013306, 0.3018041253089905]}