{"PSNR": [21.054997444152832, 18.3147931098938, 16.112253665924072, 16.583521366119385, 18.239809274673462, 16.102867126464844, 16.990443468093872, 17.975846529006958, 16.07271671295166, 14.952566623687744, 14.926106929779053, 16.606515645980835, 18.31441879272461, 16.07304811477661, 15.700446367263794, 16.859769821166992, 16.755831241607666, 15.139449834823608, 14.415699243545532, 15.687114000320435, 17.278857231140137, 15.592156648635864, 15.55638313293457, 17.568479776382446, 15.76251745223999, 14.84298825263977, 14.250293970108032, 17.555192708969116, 17.988213300704956, 16.53395175933838, 15.440647602081299, 16.343822479248047, 17.332627773284912, 15.365509986877441, 14.824169874191284, 15.892612934112549, 17.34645128250122, 16.164417266845703, 16.196590662002563, 17.221598625183105, 16.0576331615448, 15.943328142166138, 16.29526138305664, 17.049171924591064, 16.836183071136475, 16.781972646713257, 16.232045888900757, 16.968512535095215], "SSIM": [0.8728601336479187, 0.8145594596862793, 0.7153207659721375, 0.7150198817253113, 0.7485446929931641, 0.685684084892273, 0.7490161657333374, 0.80108642578125, 0.7129551768302917, 0.6276013851165771, 0.6211168766021729, 0.6958240270614624, 0.7572015523910522, 0.6496343612670898, 0.6380730271339417, 0.7304546236991882, 0.76458740234375, 0.6268322467803955, 0.5779560804367065, 0.6638771295547485, 0.6964219808578491, 0.597996711730957, 0.6317771673202515, 0.7619060277938843, 0.6855226755142212, 0.592562198638916, 0.6064268946647644, 0.7563809156417847, 0.7729625701904297, 0.6441313624382019, 0.5933195948600769, 0.6796616911888123, 0.7959860563278198, 0.657471239566803, 0.6214432716369629, 0.7031237483024597, 0.7242245674133301, 0.6332213282585144, 0.665902853012085, 0.7576680183410645, 0.7244312167167664, 0.7016069293022156, 0.7166398763656616, 0.7600018978118896, 0.716080904006958, 0.7324108481407166, 0.7379179000854492, 0.753974437713623], "MSE": [0.007843326777219772, 0.014740786515176296, 0.02447792887687683, 0.021960783749818802, 0.014997507445514202, 0.024530893191695213, 0.019996579736471176, 0.015937326475977898, 0.024701789021492004, 0.031970053911209106, 0.03216543421149254, 0.02184481918811798, 0.014742059633135796, 0.024699902161955833, 0.026912588626146317, 0.020607393234968185, 0.021106531843543053, 0.03062351606786251, 0.03617679327726364, 0.026995334774255753, 0.018711745738983154, 0.02759207785129547, 0.027820292860269547, 0.01750459149479866, 0.02653067372739315, 0.032786961644887924, 0.037581201642751694, 0.017558233812451363, 0.01589200273156166, 0.022212883457541466, 0.028571641072630882, 0.023206934332847595, 0.018481500446796417, 0.02907027304172516, 0.03292934596538544, 0.025747716426849365, 0.018422771245241165, 0.024185677990317345, 0.024007171392440796, 0.018960081040859222, 0.02478772960603237, 0.02544879913330078, 0.023467883467674255, 0.01972799189388752, 0.0207196157425642, 0.0209798663854599, 0.02381197363138199, 0.02009781077504158], "LPIPS": [0.145708367228508, 0.18326450884342194, 0.29132044315338135, 0.2892308831214905, 0.2624549865722656, 0.2892782688140869, 0.27480649948120117, 0.24194934964179993, 0.31202566623687744, 0.35151350498199463, 0.34198635816574097, 0.27370747923851013, 0.2490926831960678, 0.3339628279209137, 0.3362821340560913, 0.30006954073905945, 0.30264127254486084, 0.3344106078147888, 0.3611915707588196, 0.290499210357666, 0.2864978015422821, 0.35542023181915283, 0.34266555309295654, 0.28090548515319824, 0.292142391204834, 0.36077964305877686, 0.34029972553253174, 0.2786846160888672, 0.24610117077827454, 0.315837562084198, 0.36693087220191956, 0.294179230928421, 0.24262329936027527, 0.34536564350128174, 0.3382897973060608, 0.3064175844192505, 0.2976854741573334, 0.3455124497413635, 0.31934067606925964, 0.24095776677131653, 0.2687843441963196, 0.3047075867652893, 0.29130661487579346, 0.27006322145462036, 0.3124355971813202, 0.26360800862312317, 0.25842955708503723, 0.24744689464569092]}