{"PSNR": [20.182008743286133, 17.60106325149536, 17.931281328201294, 19.3171226978302, 18.41795563697815, 19.812240600585938, 18.399105072021484, 17.556108236312866, 17.53865361213684, 17.765915393829346, 18.798187971115112, 19.001784324645996, 18.39548945426941, 18.38175058364868, 20.57499408721924, 17.101811170578003, 16.91956639289856, 17.37021803855896, 17.888975143432617, 18.566837310791016, 18.287498950958252, 19.51339840888977, 18.624653816223145, 16.36722207069397, 16.918457746505737, 18.19449782371521, 18.61209273338318, 18.653054237365723, 18.500208854675293, 17.780038118362427, 18.759466409683228, 16.920915842056274, 16.01436972618103, 17.52636432647705, 21.37134075164795, 19.227737188339233, 17.64952778816223, 17.638065814971924, 18.473621606826782, 16.824259757995605, 16.27941370010376, 17.919392585754395, 20.020713806152344, 18.39814782142639, 17.21319556236267, 17.428202629089355, 16.84483051300049, 17.395797967910767], "SSIM": [0.8598419427871704, 0.7986604571342468, 0.7887134552001953, 0.824910044670105, 0.786293625831604, 0.8546609878540039, 0.8455394506454468, 0.8305984735488892, 0.7951921224594116, 0.7939099073410034, 0.815467357635498, 0.790274977684021, 0.7897696495056152, 0.819269061088562, 0.8766121864318848, 0.799799382686615, 0.8137053847312927, 0.7945141792297363, 0.7854422330856323, 0.792900800704956, 0.8187140226364136, 0.8331441283226013, 0.8148137927055359, 0.7718955278396606, 0.8146457672119141, 0.8004324436187744, 0.7930557131767273, 0.7952947616577148, 0.8149706721305847, 0.7805401682853699, 0.8084251284599304, 0.7700198888778687, 0.7579242587089539, 0.8105303645133972, 0.8595036864280701, 0.8087587356567383, 0.7686817049980164, 0.7609313726425171, 0.8054790496826172, 0.7809773683547974, 0.7633035182952881, 0.7990630865097046, 0.8279039859771729, 0.7984578013420105, 0.7580270767211914, 0.8001217842102051, 0.7708028554916382, 0.7643553614616394], "MSE": [0.009589571505784988, 0.017373759299516678, 0.016101710498332977, 0.011702746152877808, 0.014394760131835938, 0.010441815480589867, 0.014457378536462784, 0.01755453087389469, 0.017625227570533752, 0.01672663353383541, 0.013188069686293602, 0.012584082782268524, 0.014469420537352562, 0.014515265822410583, 0.008759930729866028, 0.0194903202354908, 0.02032559923827648, 0.018322225660085678, 0.0162593275308609, 0.013909655623137951, 0.01483372412621975, 0.011185623705387115, 0.013725700788199902, 0.02308223396539688, 0.020330792292952538, 0.01515480037778616, 0.013765459880232811, 0.013636237941682339, 0.01412469707429409, 0.016672328114509583, 0.013306180015206337, 0.020319286733865738, 0.025035887956619263, 0.017675168812274933, 0.0072923265397548676, 0.01194610446691513, 0.017180953174829483, 0.017226358875632286, 0.014211433939635754, 0.02077658288180828, 0.023553675040602684, 0.016145844012498856, 0.009952419437468052, 0.014460565522313118, 0.01899680495262146, 0.018079226836562157, 0.020678400993347168, 0.018214624375104904], "LPIPS": [0.1602066159248352, 0.19251598417758942, 0.200291246175766, 0.18549564480781555, 0.18126311898231506, 0.1673828661441803, 0.1359216868877411, 0.22677727043628693, 0.22392037510871887, 0.19663676619529724, 0.19424894452095032, 0.19027888774871826, 0.21479472517967224, 0.18712851405143738, 0.15262338519096375, 0.24321570992469788, 0.24049507081508636, 0.19595491886138916, 0.23588533699512482, 0.20588929951190948, 0.23950904607772827, 0.19345974922180176, 0.19811852276325226, 0.2632593810558319, 0.21257415413856506, 0.19105324149131775, 0.22560693323612213, 0.21334367990493774, 0.24028873443603516, 0.24528129398822784, 0.2178662121295929, 0.23800235986709595, 0.24618875980377197, 0.1788748949766159, 0.1721041202545166, 0.1985996663570404, 0.25847211480140686, 0.24029849469661713, 0.18755534291267395, 0.22904548048973083, 0.19492238759994507, 0.17628078162670135, 0.19600403308868408, 0.20270122587680817, 0.237326979637146, 0.20035143196582794, 0.22215525805950165, 0.2182897925376892]}