{
    "PSNR": [
        20.902485847473145,
        16.247254610061646,
        16.479156017303467,
        17.400461435317993,
        17.727088928222656,
        17.341625690460205,
        15.777736902236938,
        15.196340084075928,
        15.518503189086914,
        16.683250665664673,
        16.879948377609253,
        17.1286404132843,
        17.0930814743042,
        17.282263040542603,
        16.438653469085693,
        15.224521160125732,
        14.97092604637146,
        15.790082216262817,
        15.392093658447266,
        16.579936742782593,
        16.982351541519165,
        17.215378284454346,
        15.748573541641235,
        14.98156189918518,
        15.484488010406494,
        15.95343828201294,
        15.42668342590332,
        16.39589786529541,
        15.96542239189148,
        17.129415273666382,
        16.74378752708435,
        15.466704368591309,
        14.835920333862305,
        15.866124629974365,
        15.353020429611206,
        15.65792441368103,
        16.60478949546814,
        18.29118251800537,
        16.869841814041138,
        15.066450834274292,
        14.934719800949097,
        16.480191946029663,
        15.529747009277344,
        15.574061870574951,
        16.37640953063965,
        16.07376456260681,
        16.369054317474365,
        15.469745397567749
    ],
    "SSIM": [
        0.8642396926879883,
        0.6849201917648315,
        0.6690799593925476,
        0.6849774718284607,
        0.7193116545677185,
        0.7232517004013062,
        0.6579456329345703,
        0.6317788362503052,
        0.6339367628097534,
        0.6935634613037109,
        0.6354749202728271,
        0.6667397022247314,
        0.6707495450973511,
        0.7034164667129517,
        0.6852120161056519,
        0.6433882713317871,
        0.6326972246170044,
        0.6763910055160522,
        0.5732083916664124,
        0.6271213293075562,
        0.6952797770500183,
        0.7097065448760986,
        0.6606292724609375,
        0.6247171759605408,
        0.6612359881401062,
        0.671860933303833,
        0.6047868728637695,
        0.628860354423523,
        0.6208333969116211,
        0.7124401926994324,
        0.6917099952697754,
        0.6402972340583801,
        0.6330255270004272,
        0.6639047861099243,
        0.6319922208786011,
        0.6086606979370117,
        0.6688549518585205,
        0.7544087171554565,
        0.707554817199707,
        0.6372538208961487,
        0.6540542840957642,
        0.7198525667190552,
        0.6519562005996704,
        0.6102274656295776,
        0.6863095164299011,
        0.6731922030448914,
        0.7456455230712891,
        0.6593284010887146
    ],
    "MSE": [
        0.00812365673482418,
        0.023728732019662857,
        0.02249491959810257,
        0.018195074051618576,
        0.016876839101314545,
        0.01844324916601181,
        0.02643785998225212,
        0.03022497519850731,
        0.028064003214240074,
        0.021462231874465942,
        0.020511865615844727,
        0.01937028579413891,
        0.01952953264117241,
        0.01869707927107811,
        0.022705689072608948,
        0.03002948686480522,
        0.03183518350124359,
        0.026362821459770203,
        0.028892874717712402,
        0.021978920325636864,
        0.020033875480294228,
        0.01898725889623165,
        0.026615992188453674,
        0.03175732120871544,
        0.028284674510359764,
        0.025389622896909714,
        0.028663665056228638,
        0.02293032966554165,
        0.025319650769233704,
        0.019366826862096786,
        0.0211651474237442,
        0.028400734066963196,
        0.03284037485718727,
        0.02590523660182953,
        0.029153987765312195,
        0.02717737853527069,
        0.021853502839803696,
        0.014821147546172142,
        0.020559657365083694,
        0.03114260546863079,
        0.03210170194506645,
        0.022489553317427635,
        0.027991440147161484,
        0.02770727500319481,
        0.02303345501422882,
        0.024695832282304764,
        0.023072494193911552,
        0.0283808596432209
    ],
    "LPIPS": [
        0.12731662392616272,
        0.2983890771865845,
        0.32596319913864136,
        0.28141582012176514,
        0.235812246799469,
        0.22047393023967743,
        0.33022624254226685,
        0.34159839153289795,
        0.3275238275527954,
        0.3220277428627014,
        0.36334964632987976,
        0.32147887349128723,
        0.31623050570487976,
        0.27475476264953613,
        0.32639366388320923,
        0.32404935359954834,
        0.3273685574531555,
        0.29357558488845825,
        0.35889703035354614,
        0.3246169090270996,
        0.34333568811416626,
        0.24419096112251282,
        0.30787986516952515,
        0.37254005670547485,
        0.3235945403575897,
        0.28833138942718506,
        0.361229807138443,
        0.37272515892982483,
        0.41498300433158875,
        0.23780672252178192,
        0.2614070773124695,
        0.34967392683029175,
        0.35296547412872314,
        0.28654104471206665,
        0.3289252817630768,
        0.36116793751716614,
        0.37454915046691895,
        0.28322267532348633,
        0.32885485887527466,
        0.384369432926178,
        0.33648163080215454,
        0.2553947865962982,
        0.3337312340736389,
        0.38247671723365784,
        0.2817118167877197,
        0.31306421756744385,
        0.2729959189891815,
        0.35335254669189453
    ],
    "complexity": {
        "normal_roughness": [
            0.0627928376197815,
            0.05909031629562378,
            0.04628835618495941,
            0.048412878066301346,
            0.05672188848257065,
            0.06642094254493713,
            0.06482139229774475,
            0.054896362125873566,
            0.040142372250556946,
            0.04200379177927971,
            0.0387345552444458,
            0.045869991183280945,
            0.04419854283332825,
            0.06124424934387207,
            0.06450417637825012,
            0.05586419254541397,
            0.04189736396074295,
            0.044649384915828705,
            0.051725566387176514,
            0.04226026311516762,
            0.046868037432432175,
            0.05798778682947159,
            0.056292541325092316,
            0.043170686811208725,
            0.04555004835128784,
            0.059237346053123474,
            0.057783983647823334,
            0.04346669465303421,
            0.04491586238145828,
            0.04507594555616379,
            0.050364069640636444,
            0.04300181567668915,
            0.04465372860431671,
            0.061091214418411255,
            0.06507239490747452,
            0.05715678259730339,
            0.03576807305216789,
            0.037095651030540466,
            0.035827621817588806,
            0.04668822139501572,
            0.0583554245531559,
            0.06485988199710846,
            0.06600691378116608,
            0.05571405589580536,
            0.04169900715351105,
            0.047631435096263885,
            0.061344608664512634,
            0.0607072114944458
        ],