{
    "PSNR": [
        20.123918056488037,
        18.017603158950806,
        17.891534566879272,
        18.062686920166016,
        19.493439197540283,
        19.058101177215576,
        16.609421968460083,
        16.01593255996704,
        17.224072217941284,
        17.22779154777527,
        17.243324518203735,
        18.132013082504272,
        18.803248405456543,
        17.933316230773926,
        17.157660722732544,
        15.730677843093872,
        16.009713411331177,
        16.39335870742798,
        17.41512894630432,
        17.510474920272827,
        17.753297090530396,
        17.04015612602234,
        16.84164524078369,
        16.433298587799072,
        16.102066040039062,
        16.513277292251587,
        18.419761657714844,
        18.062539100646973,
        18.155618906021118,
        17.32966423034668,
        18.052374124526978,
        16.600422859191895,
        17.77045726776123,
        15.758249759674072,
        16.34700655937195,
        17.80008316040039,
        18.209679126739502,
        17.958803176879883,
        17.26228356361389,
        17.696186304092407,
        17.500227689743042,
        16.768972873687744,
        16.648709774017334,
        17.681301832199097,
        18.610506057739258,
        17.923797369003296,
        17.86284327507019,
        17.746976613998413
    ],
    "SSIM": [
        0.8577486872673035,
        0.7486059069633484,
        0.7446794509887695,
        0.7640365362167358,
        0.7661392688751221,
        0.7892731428146362,
        0.703291118144989,
        0.6903541088104248,
        0.7223882675170898,
        0.6994726657867432,
        0.7016879320144653,
        0.7163329124450684,
        0.7312005758285522,
        0.7096676230430603,
        0.7251933813095093,
        0.6918238401412964,
        0.6872422695159912,
        0.710071325302124,
        0.681679904460907,
        0.6594215035438538,
        0.7030963897705078,
        0.7134437561035156,
        0.6960896253585815,
        0.674289882183075,
        0.6787241697311401,
        0.694025993347168,
        0.6969034075737,
        0.6853052377700806,
        0.7170445322990417,
        0.7065727114677429,
        0.7324144244194031,
        0.667313277721405,
        0.7266334891319275,
        0.663792610168457,
        0.677395224571228,
        0.698881983757019,
        0.7225114703178406,
        0.7144758105278015,
        0.733033299446106,
        0.7294174432754517,
        0.7539517879486084,
        0.7283176183700562,
        0.6675917506217957,
        0.7013564109802246,
        0.7417246103286743,
        0.7649323344230652,
        0.7936614751815796,
        0.7220754623413086
    ],
    "MSE": [
        0.009718700312077999,
        0.015784822404384613,
        0.016249746084213257,
        0.015621814876794815,
        0.011237147264182568,
        0.012421956285834312,
        0.021830204874277115,
        0.02502688392996788,
        0.01894928514957428,
        0.018933065235614777,
        0.018865471705794334,
        0.015374422073364258,
        0.013172708451747894,
        0.016094163060188293,
        0.019241278991103172,
        0.026725895702838898,
        0.025062745437026024,
        0.022943740710616112,
        0.018133727833628654,
        0.017739957198500633,
        0.016775302588939667,
        0.019768986850976944,
        0.020693575963377953,
        0.02273370325565338,
        0.024535417556762695,
        0.022318873554468155,
        0.014388775452971458,
        0.015622339211404324,
        0.015291075222194195,
        0.018494118005037308,
        0.015658950433135033,
        0.021875493228435516,
        0.01670915260910988,
        0.02655676379799843,
        0.02318992279469967,
        0.01659555546939373,
        0.015101919881999493,
        0.015999993309378624,
        0.018783293664455414,
        0.016997355967760086,
        0.01778186485171318,
        0.021042760461568832,
        0.021633610129356384,
        0.017055712640285492,
        0.013770493678748608,
        0.01612948253750801,
        0.016357459127902985,
        0.01679973304271698
    ],
    "LPIPS": [
        0.15549927949905396,
        0.295789897441864,
        0.30151504278182983,
        0.17700260877609253,
        0.28785550594329834,
        0.19940707087516785,
        0.2667332589626312,
        0.3413340747356415,
        0.35338783264160156,
        0.3095548152923584,
        0.23954401910305023,
        0.3134291172027588,
        0.3564265966415405,
        0.2793075144290924,
        0.24773713946342468,
        0.3573892116546631,
        0.4109666347503662,
        0.35384005308151245,
        0.29391250014305115,
        0.3343381881713867,
        0.3593981862068176,
        0.35078704357147217,
        0.30397242307662964,
        0.37358367443084717,
        0.3751969337463379,
        0.3569733500480652,
        0.2950285077095032,
        0.3840736746788025,
        0.3736730217933655,
        0.3602755665779114,
        0.27870815992355347,
        0.33323249220848083,
        0.3500208258628845,
        0.2975703477859497,
        0.3066469430923462,
        0.3242342472076416,
        0.3868178129196167,
        0.33978843688964844,
        0.25473031401634216,
        0.2865217328071594,
        0.2989513874053955,
        0.255567342042923,
        0.2804177403450012,
        0.3622925877571106,
        0.3163803815841675,
        0.20823699235916138,
        0.1884380578994751,
        0.3083377182483673
    ],
    "complexity": {
        "normal_roughness": [
            0.053115759044885635,
            0.05729418247938156,
            0.05805673077702522,
            0.06606440246105194,
            0.06462189555168152,
            0.05342739075422287,
            0.04757615178823471,
            0.043404050171375275,
            0.045473530888557434,
            0.053050484508275986,
            0.06005523353815079,
            0.066364586353302,
            0.05830081179738045,
            0.05284704267978668,
            0.041130200028419495,
            0.03460925444960594,
            0.04277556389570236,
            0.03828539699316025,
            0.04555153101682663,
            0.05699490010738373,
            0.048504818230867386,
            0.03555397689342499,
            0.04000718891620636,
            0.051107361912727356,
            0.04704966023564339,
            0.03825592249631882,
            0.0389070138335228,
            0.05056353658437729,
            0.040793269872665405,
            0.040269747376441956,
            0.044862620532512665,
            0.05776645615696907,
            0.058254141360521317,
            0.05246291309595108,
            0.04671598970890045,
            0.038589514791965485,
            0.04646012932062149,
            0.053114403039216995,
            0.05947861447930336,
            0.06544701009988785,
            0.0656113475561142,
            0.05523059517145157,
            0.04742325097322464,
            0.043782226741313934,
            0.05779159069061279,
            0.0644616186618805,
            0.06410876661539078,
            0.05545993149280548
        ],