{"PSNR": [21.0760498046875, 16.424888372421265, 15.445923805236816, 17.21906542778015, 18.006742000579834, 16.37359619140625, 15.636781454086304, 15.55950403213501, 14.756486415863037, 14.640337228775024, 15.228651762008667, 16.57949924468994, 17.660340070724487, 16.751255989074707, 15.62268614768982, 15.128248929977417, 14.435344934463501, 14.756801128387451, 15.242273807525635, 15.177875757217407, 17.377007007598877, 16.118391752243042, 14.861021041870117, 14.222917556762695, 14.64656949043274, 15.4086434841156, 14.66792106628418, 15.670604705810547, 16.18998885154724, 16.502883434295654, 15.791277885437012, 14.373588562011719, 14.672760963439941, 15.389264822006226, 15.109220743179321, 15.119578838348389, 16.14796280860901, 16.08544111251831, 15.260179042816162, 15.107362270355225, 15.862352848052979, 15.606954097747803, 15.231420993804932, 15.755318403244019, 16.76675796508789, 16.65616512298584, 17.20707654953003, 16.026722192764282], "SSIM": [0.863848865032196, 0.7272781133651733, 0.6855251789093018, 0.6916507482528687, 0.7386916875839233, 0.6956748962402344, 0.679365336894989, 0.7267045974731445, 0.6791003942489624, 0.6162961721420288, 0.6214198470115662, 0.6746276617050171, 0.7432190775871277, 0.7036007642745972, 0.6712709665298462, 0.6757073402404785, 0.6974648237228394, 0.6494225263595581, 0.6497501134872437, 0.6214320659637451, 0.7284872531890869, 0.6612739562988281, 0.6255367994308472, 0.6737333536148071, 0.6833338737487793, 0.6674694418907166, 0.6017295122146606, 0.6754999160766602, 0.7187932729721069, 0.667655885219574, 0.6475702524185181, 0.6231211423873901, 0.7120672464370728, 0.6856502294540405, 0.660317063331604, 0.6399692893028259, 0.702721118927002, 0.6518296599388123, 0.646967887878418, 0.6859220266342163, 0.7340234518051147, 0.6963450312614441, 0.657711386680603, 0.7227017283439636, 0.7109564542770386, 0.7305724620819092, 0.7599081993103027, 0.7241324186325073], "MSE": [0.007805400528013706, 0.022777769714593887, 0.02853696048259735, 0.018971145153045654, 0.015824351459741592, 0.023048382252454758, 0.027310017496347427, 0.0278003066778183, 0.03344656154513359, 0.03435313329100609, 0.03000093251466751, 0.0219811350107193, 0.01713823527097702, 0.021128784865140915, 0.027398793026804924, 0.03070259839296341, 0.03601352125406265, 0.033444132655858994, 0.0299069881439209, 0.030353758484125137, 0.018293609842658043, 0.024443358182907104, 0.032651111483573914, 0.037818845361471176, 0.03430387005209923, 0.028782974928617477, 0.03413563221693039, 0.027098145335912704, 0.024043694138526917, 0.022372355684638023, 0.0263555608689785, 0.036529287695884705, 0.03409761190414429, 0.02891170047223568, 0.030837414786219597, 0.03076395019888878, 0.024277489632368088, 0.024629514664411545, 0.029783938080072403, 0.030850615352392197, 0.025927742943167686, 0.02749822288751602, 0.029981818050146103, 0.026574691757559776, 0.021053496748209, 0.021596506237983704, 0.019023586064577103, 0.02496478520333767], "LPIPS": [0.18934351205825806, 0.255511999130249, 0.30622491240501404, 0.269605815410614, 0.2670784294605255, 0.3181838393211365, 0.313851922750473, 0.2809785306453705, 0.3187360167503357, 0.3233524560928345, 0.3115665912628174, 0.2907002568244934, 0.2696566581726074, 0.3013840615749359, 0.34554100036621094, 0.3227173686027527, 0.3344736099243164, 0.3290964961051941, 0.31356313824653625, 0.3259424567222595, 0.2961895167827606, 0.3862156867980957, 0.3423982262611389, 0.3401853144168854, 0.36343303322792053, 0.3828943371772766, 0.3386225998401642, 0.32949167490005493, 0.3207586407661438, 0.3118975758552551, 0.3635060787200928, 0.3240671455860138, 0.3205258846282959, 0.3181256055831909, 0.3520370125770569, 0.36026516556739807, 0.29977166652679443, 0.3158259391784668, 0.31669536232948303, 0.2894377112388611, 0.2906438708305359, 0.30529338121414185, 0.3518162965774536, 0.3268139660358429, 0.2323763221502304, 0.22621899843215942, 0.2822030782699585, 0.2871408760547638]}