{"PSNR": [21.303722858428955, 17.37543225288391, 17.639544010162354, 18.46370577812195, 19.149984121322632, 16.923246383666992, 15.696572065353394, 15.965217351913452, 16.383451223373413, 16.12270474433899, 16.248480081558228, 18.08536648750305, 19.150279760360718, 17.710237503051758, 15.99114179611206, 15.320414304733276, 15.790382623672485, 15.428344011306763, 15.170533657073975, 16.389883756637573, 18.705037832260132, 16.521886587142944, 15.520732402801514, 15.521790981292725, 16.088048219680786, 14.580504894256592, 15.49958348274231, 17.218315601348877, 17.81522512435913, 17.406374216079712, 16.24886393547058, 15.501482486724854, 15.598831176757812, 15.665425062179565, 14.953433275222778, 16.10243558883667, 18.4861958026886, 17.706880569458008, 16.63237690925598, 15.924724340438843, 16.115094423294067, 16.06678009033203, 15.466837882995605, 16.728166341781616, 17.98929214477539, 16.86030864715576, 16.082082986831665, 16.733291149139404], "SSIM": [0.860174834728241, 0.7287063002586365, 0.7338646650314331, 0.7354559898376465, 0.7965745329856873, 0.7235588431358337, 0.6691412329673767, 0.6989918947219849, 0.7329201102256775, 0.6979087591171265, 0.6676030158996582, 0.7366758584976196, 0.7836048007011414, 0.7423248291015625, 0.6636967062950134, 0.6720947027206421, 0.7416319847106934, 0.7145296931266785, 0.6622787117958069, 0.6651332974433899, 0.7884777784347534, 0.6820158362388611, 0.6591309905052185, 0.7074680328369141, 0.7469794154167175, 0.6464197635650635, 0.6475538015365601, 0.7147635221481323, 0.7771503329277039, 0.7329608798027039, 0.6791175603866577, 0.6765097379684448, 0.7297102212905884, 0.7168537974357605, 0.6405884623527527, 0.6698877215385437, 0.7964193224906921, 0.7434194087982178, 0.7134474515914917, 0.7338743209838867, 0.7312178611755371, 0.7060155868530273, 0.6613475680351257, 0.7214425802230835, 0.7956487536430359, 0.7623761892318726, 0.7411143183708191, 0.7343243360519409], "MSE": [0.007406753953546286, 0.018300238996744156, 0.017220495268702507, 0.014243918471038342, 0.012161904945969582, 0.02030838653445244, 0.026936601847410202, 0.02532084658741951, 0.022996138781309128, 0.024419091641902924, 0.02372204139828682, 0.015540438704192638, 0.0121610751375556, 0.016942452639341354, 0.025170153006911278, 0.02937369793653488, 0.026360994204878807, 0.028652703389525414, 0.030405109748244286, 0.02296210452914238, 0.013473990373313427, 0.022274678573012352, 0.028049608692526817, 0.02804276905953884, 0.024614740163087845, 0.03482968360185623, 0.028186535462737083, 0.018974419683218002, 0.01653779111802578, 0.018170323222875595, 0.023719944059848785, 0.02817421220242977, 0.027549702674150467, 0.027130480855703354, 0.03196367621421814, 0.024533327668905258, 0.014170346781611443, 0.016955554485321045, 0.02171512506902218, 0.025558045133948326, 0.02446192130446434, 0.024735575541853905, 0.028399858623743057, 0.021241411566734314, 0.01588805764913559, 0.02060484141111374, 0.024648573249578476, 0.021216362714767456], "LPIPS": [0.15512709319591522, 0.2938721776008606, 0.2748289406299591, 0.2781603932380676, 0.19519731402397156, 0.24661734700202942, 0.3243187665939331, 0.2674877643585205, 0.3027471899986267, 0.33625325560569763, 0.3069724440574646, 0.26808813214302063, 0.2835732698440552, 0.2514013946056366, 0.32127606868743896, 0.3177943229675293, 0.297247052192688, 0.27648985385894775, 0.34401893615722656, 0.3267287611961365, 0.24549180269241333, 0.3222421407699585, 0.3396274447441101, 0.3074844181537628, 0.27668827772140503, 0.34163087606430054, 0.34903600811958313, 0.3238142430782318, 0.27046871185302734, 0.2549290657043457, 0.3396793603897095, 0.3075900077819824, 0.31644099950790405, 0.27563077211380005, 0.32892465591430664, 0.332463800907135, 0.2262745499610901, 0.2836652994155884, 0.2807832956314087, 0.316281795501709, 0.24715527892112732, 0.27710938453674316, 0.3499375581741333, 0.26922816038131714, 0.209153950214386, 0.29314103722572327, 0.2793642282485962, 0.2752639055252075]}