{"PSNR": [20.026113986968994, 15.21041750907898, 14.912912845611572, 16.160705089569092, 16.380574703216553, 16.228721141815186, 13.81542682647705, 13.42866063117981, 13.868410587310791, 15.145730972290039, 15.940132141113281, 15.809328556060791, 14.996142387390137, 15.012907981872559, 15.139411687850952, 13.042948246002197, 12.940753698348999, 14.006855487823486, 16.46716833114624, 16.17377758026123, 14.519010782241821, 15.236421823501587, 14.55703854560852, 13.588076829910278, 13.314861059188843, 15.09215235710144, 15.797030925750732, 14.510576725006104, 14.077695608139038, 14.907039403915405, 15.529757738113403, 14.995821714401245, 14.555797576904297, 14.585726261138916, 15.853296518325806, 13.843859434127808, 15.313800573348999, 15.072522163391113, 15.73679804801941, 16.40051007270813, 15.475246906280518, 16.692135334014893, 14.701623916625977, 14.525796175003052, 16.222245693206787, 17.521222829818726, 17.02792763710022, 15.73137640953064], "SSIM": [0.8691512942314148, 0.6543118357658386, 0.5908637046813965, 0.6880491971969604, 0.673186719417572, 0.688420295715332, 0.5870944261550903, 0.5817829966545105, 0.5653268098831177, 0.6161158084869385, 0.684420108795166, 0.6431005597114563, 0.594279944896698, 0.6162204742431641, 0.6370788812637329, 0.5757386088371277, 0.545372724533081, 0.5990477800369263, 0.7003275752067566, 0.6839709281921387, 0.5904386043548584, 0.6249794960021973, 0.652057945728302, 0.5850039124488831, 0.5760582685470581, 0.689018726348877, 0.6752261519432068, 0.5926752686500549, 0.5632607936859131, 0.5901250839233398, 0.6394283771514893, 0.6475493311882019, 0.620356559753418, 0.6116942167282104, 0.6797825694084167, 0.5655022859573364, 0.595003068447113, 0.5895609259605408, 0.6524416208267212, 0.6780390739440918, 0.6619246006011963, 0.7130724787712097, 0.5939321517944336, 0.5771498680114746, 0.6339554190635681, 0.71330726146698, 0.7500656843185425, 0.6607730388641357], "MSE": [0.009940049611032009, 0.03012716770172119, 0.03226329758763313, 0.024206360802054405, 0.023011375218629837, 0.02383021079003811, 0.041539132595062256, 0.04540817067027092, 0.041035424917936325, 0.030579257756471634, 0.02546752616763115, 0.026246245950460434, 0.03165087848901749, 0.031528931111097336, 0.030623784288764, 0.04962553828954697, 0.050807129591703415, 0.0397479310631752, 0.0225570946931839, 0.024133607745170593, 0.03532637283205986, 0.0299473088234663, 0.03501838818192482, 0.043771591037511826, 0.04661373421549797, 0.03095884621143341, 0.026320671662688255, 0.03539503365755081, 0.03910483419895172, 0.032306961715221405, 0.02799137681722641, 0.03165322169661522, 0.03502839803695679, 0.03478783369064331, 0.02598186954855919, 0.041268058121204376, 0.0294184647500515, 0.031099095940589905, 0.026688259094953537, 0.02290598675608635, 0.028344925493001938, 0.02141837403178215, 0.03387175872921944, 0.035271212458610535, 0.023865772411227226, 0.017696110531687737, 0.01982472836971283, 0.026721596717834473], "LPIPS": [0.13279218971729279, 0.2880883812904358, 0.33152246475219727, 0.25840169191360474, 0.3097175061702728, 0.20535407960414886, 0.30181461572647095, 0.35623085498809814, 0.40699028968811035, 0.35478493571281433, 0.2854672074317932, 0.31896549463272095, 0.358268141746521, 0.34208860993385315, 0.3259327709674835, 0.37610626220703125, 0.4230310618877411, 0.4141722321510315, 0.2984685003757477, 0.31804805994033813, 0.387590229511261, 0.3689957857131958, 0.32120099663734436, 0.3708428144454956, 0.411091148853302, 0.291983038187027, 0.283144474029541, 0.4131791293621063, 0.4344469904899597, 0.3906135559082031, 0.33313068747520447, 0.30711111426353455, 0.36738038063049316, 0.3431240916252136, 0.3393251895904541, 0.4164198637008667, 0.38460102677345276, 0.38250601291656494, 0.31656408309936523, 0.2924210727214813, 0.3111782670021057, 0.25119566917419434, 0.31457293033599854, 0.36650550365448, 0.3503414988517761, 0.2505245804786682, 0.25993573665618896, 0.3403356075286865]}