{"PSNR": [22.502071857452393, 20.385098457336426, 17.32600688934326, 17.70040273666382, 21.008403301239014, 17.850615978240967, 16.791234016418457, 18.424131870269775, 16.869839429855347, 14.755975008010864, 15.268181562423706, 17.60002613067627, 19.110093116760254, 17.593990564346313, 15.542665719985962, 15.341769456863403, 18.24137806892395, 14.452747106552124, 14.060250520706177, 15.44580340385437, 18.04370880126953, 15.723823308944702, 14.61855173110962, 15.588891506195068, 16.23387575149536, 14.148921966552734, 14.7935152053833, 16.582173109054565, 20.12559175491333, 16.362046003341675, 14.85326886177063, 14.749634265899658, 17.55479097366333, 15.508592128753662, 14.79189157485962, 15.316241979598999, 17.561908960342407, 15.375893115997314, 14.866818189620972, 16.02662205696106, 19.24476981163025, 16.532604694366455, 15.533322095870972, 17.526347637176514, 16.889384984970093, 15.986155271530151, 16.707260608673096, 17.20255970954895], "SSIM": [0.8860637545585632, 0.8050750494003296, 0.735879123210907, 0.728707492351532, 0.8587815165519714, 0.7158927917480469, 0.6666045188903809, 0.7485520243644714, 0.713934600353241, 0.6087021827697754, 0.6071180701255798, 0.7195101976394653, 0.8163105845451355, 0.7191898822784424, 0.6119555234909058, 0.6193232536315918, 0.7858799695968628, 0.6181514263153076, 0.5539795160293579, 0.6161167621612549, 0.7701953649520874, 0.617650032043457, 0.5832736492156982, 0.6657450199127197, 0.7619547843933105, 0.5828942060470581, 0.5924327373504639, 0.7130978107452393, 0.8442248106002808, 0.6829847097396851, 0.5899477005004883, 0.6150707602500916, 0.797987163066864, 0.6919150352478027, 0.6109303832054138, 0.6455344557762146, 0.7898604273796082, 0.650162935256958, 0.6286603808403015, 0.7213305830955505, 0.8520042300224304, 0.7232314348220825, 0.6665071845054626, 0.7792339324951172, 0.7718954086303711, 0.738595187664032, 0.7908891439437866, 0.7659449577331543], "MSE": [0.005620731972157955, 0.009151456877589226, 0.018509697169065475, 0.016980860382318497, 0.007927926257252693, 0.016403570771217346, 0.02093517780303955, 0.014374304562807083, 0.02055966667830944, 0.033450495451688766, 0.02972911112010479, 0.017377911135554314, 0.01227413397282362, 0.017402073368430138, 0.027908306568861008, 0.02922961674630642, 0.014992091804742813, 0.03586949408054352, 0.03926222771406174, 0.028537750244140625, 0.01569022610783577, 0.026768114417791367, 0.034525882452726364, 0.027612823992967606, 0.02380194328725338, 0.03846873342990875, 0.03316259756684303, 0.021967608481645584, 0.009714960120618343, 0.023109763860702515, 0.03270944952964783, 0.03349936380982399, 0.017559852451086044, 0.02812812849879265, 0.033174991607666016, 0.029401926323771477, 0.017531100660562515, 0.02900085411965847, 0.032607551664114, 0.024965360760688782, 0.011899342760443687, 0.02221977524459362, 0.02796841226518154, 0.017675234004855156, 0.020467344671487808, 0.02519906871020794, 0.021343907341361046, 0.01904338225722313], "LPIPS": [0.1407535970211029, 0.18880844116210938, 0.2688542902469635, 0.24147160351276398, 0.15946795046329498, 0.23954175412654877, 0.29364272952079773, 0.250484436750412, 0.31138163805007935, 0.33031806349754333, 0.320440411567688, 0.2557497024536133, 0.24400317668914795, 0.2591078579425812, 0.30088987946510315, 0.3116503059864044, 0.2811984419822693, 0.3183344602584839, 0.3270251154899597, 0.3258199691772461, 0.22175566852092743, 0.32234230637550354, 0.3323158621788025, 0.319056898355484, 0.25889647006988525, 0.31593596935272217, 0.32643845677375793, 0.2848513722419739, 0.20910046994686127, 0.2961162328720093, 0.3378579020500183, 0.3365817368030548, 0.23717090487480164, 0.2375325709581375, 0.3196044862270355, 0.31503719091415405, 0.23557035624980927, 0.3027207851409912, 0.3220197260379791, 0.2756672501564026, 0.16802874207496643, 0.2674253582954407, 0.2842520475387573, 0.23571982979774475, 0.2540128529071808, 0.2920334041118622, 0.24667412042617798, 0.21060171723365784]}