{"PSNR": [20.091681480407715, 15.849229097366333, 15.461056232452393, 16.802537441253662, 16.305402517318726, 16.096001863479614, 15.39432406425476, 14.299778938293457, 14.330849647521973, 14.822695255279541, 15.427558422088623, 15.85924744606018, 15.884478092193604, 15.34125566482544, 14.664236307144165, 14.122260808944702, 14.050856828689575, 14.388558864593506, 15.02293348312378, 15.218409299850464, 14.80229377746582, 14.480212926864624, 14.121150970458984, 14.205102920532227, 13.975058794021606, 14.838080406188965, 15.010318756103516, 15.765163898468018, 15.080745220184326, 14.972736835479736, 15.126551389694214, 14.123488664627075, 14.489905834197998, 15.393592119216919, 15.46389102935791, 15.70859670639038, 15.551072359085083, 15.583224296569824, 14.656490087509155, 14.76563572883606, 16.056437492370605, 16.582027673721313, 16.778324842453003, 16.093575954437256, 16.359663009643555, 16.3173508644104, 17.595301866531372, 16.982667446136475], "SSIM": [0.8631361722946167, 0.6601217985153198, 0.6527104377746582, 0.7316497564315796, 0.6797674894332886, 0.7235807180404663, 0.6776329874992371, 0.6235617995262146, 0.6305407285690308, 0.6501018404960632, 0.6912438869476318, 0.6549534797668457, 0.6458961963653564, 0.6567062735557556, 0.6641773581504822, 0.6276099681854248, 0.609899640083313, 0.5993051528930664, 0.6598533987998962, 0.646919846534729, 0.6104488372802734, 0.6492407321929932, 0.6360225081443787, 0.6088661551475525, 0.5778851509094238, 0.6298672556877136, 0.6723479628562927, 0.6421937346458435, 0.6031042337417603, 0.6288003921508789, 0.6561083793640137, 0.6121013164520264, 0.615038275718689, 0.6350188255310059, 0.6436976194381714, 0.6539067029953003, 0.625470757484436, 0.6311017274856567, 0.6046409010887146, 0.6129439473152161, 0.6810059547424316, 0.7032129168510437, 0.6960811614990234, 0.6448898315429688, 0.6412118673324585, 0.6646184921264648, 0.7514532804489136, 0.6774848699569702], "MSE": [0.009791105054318905, 0.026006214320659637, 0.028437696397304535, 0.020880764350295067, 0.023413147777318954, 0.024569697678089142, 0.028878038749098778, 0.03715541958808899, 0.03689054399728775, 0.03294052556157112, 0.028657888993620872, 0.02594628930091858, 0.02579599618911743, 0.02923307567834854, 0.03416460007429123, 0.03870560973882675, 0.03934725373983383, 0.0364035926759243, 0.03145622834563255, 0.03007178008556366, 0.03309562802314758, 0.03564337641000748, 0.03871550410985947, 0.03797430172562599, 0.04004000872373581, 0.03282403573393822, 0.03154773265123367, 0.026514511555433273, 0.031040269881486893, 0.03182192146778107, 0.0307146068662405, 0.03869466483592987, 0.03556390106678009, 0.02888290211558342, 0.02841913513839245, 0.026862122118473053, 0.02785433828830719, 0.027648886665701866, 0.034225597977638245, 0.033376168459653854, 0.024794552475214005, 0.021968338638544083, 0.02099749818444252, 0.024583427235484123, 0.02312244288623333, 0.023348823189735413, 0.017396822571754456, 0.02003241702914238], "LPIPS": [0.19713810086250305, 0.2965373992919922, 0.32526323199272156, 0.3104895353317261, 0.3179333209991455, 0.2885717749595642, 0.3180021643638611, 0.38931968808174133, 0.37673425674438477, 0.3082907795906067, 0.31692397594451904, 0.31754952669143677, 0.3507486581802368, 0.3654184341430664, 0.34429338574409485, 0.3836618959903717, 0.36021775007247925, 0.35207444429397583, 0.3156886398792267, 0.3397267758846283, 0.3659712076187134, 0.31771743297576904, 0.36337223649024963, 0.4082863926887512, 0.365369975566864, 0.32328981161117554, 0.3279978334903717, 0.36395731568336487, 0.3569353520870209, 0.3503679931163788, 0.31294092535972595, 0.37241697311401367, 0.36819541454315186, 0.35687392950057983, 0.33737990260124207, 0.3613930642604828, 0.3662426769733429, 0.3007730543613434, 0.3572498559951782, 0.3651178479194641, 0.3173847198486328, 0.2983996272087097, 0.32164818048477173, 0.37131616473197937, 0.34148627519607544, 0.32115769386291504, 0.278670072555542, 0.31651198863983154]}