{"PSNR": [20.45823574066162, 17.60508418083191, 16.429381370544434, 17.755080461502075, 19.122111797332764, 18.577860593795776, 16.429431438446045, 15.183545351028442, 15.316404104232788, 15.89029312133789, 16.532909870147705, 16.651885509490967, 15.819789171218872, 16.790717840194702, 16.068382263183594, 14.52947735786438, 14.380555152893066, 15.106030702590942, 15.75663685798645, 16.07508897781372, 15.87727665901184, 15.617666244506836, 15.43920636177063, 14.570043087005615, 14.497640132904053, 15.568075180053711, 16.419070959091187, 15.079762935638428, 16.095526218414307, 16.347323656082153, 16.579145193099976, 16.31401777267456, 15.23491621017456, 16.75471782684326, 16.81458353996277, 16.06360673904419, 16.659786701202393, 16.42128825187683, 16.88648819923401, 16.519830226898193, 17.444956302642822, 18.06898832321167, 17.249934673309326, 16.68456792831421, 16.187081336975098, 16.546337604522705, 17.949833869934082, 17.294600009918213], "SSIM": [0.8623433113098145, 0.7261918783187866, 0.6609001159667969, 0.7396930456161499, 0.7470217943191528, 0.7644280195236206, 0.6795069575309753, 0.6197745203971863, 0.6171843409538269, 0.6411303281784058, 0.6807163953781128, 0.6747112274169922, 0.6424612998962402, 0.6706575155258179, 0.6575591564178467, 0.5934574604034424, 0.5834730267524719, 0.6381336450576782, 0.6759710311889648, 0.6733372211456299, 0.6419717073440552, 0.6136013269424438, 0.6399294137954712, 0.61684250831604, 0.6251692771911621, 0.6545179486274719, 0.6831502914428711, 0.6177047491073608, 0.63330078125, 0.6349930763244629, 0.65875643491745, 0.6701432466506958, 0.6386160254478455, 0.7080780863761902, 0.6913424730300903, 0.646172285079956, 0.645035445690155, 0.6281201243400574, 0.6549780368804932, 0.6484377384185791, 0.7142741680145264, 0.766966700553894, 0.6945757269859314, 0.6453148722648621, 0.6249225735664368, 0.6524355411529541, 0.7795743942260742, 0.7100013494491577], "MSE": [0.008998630568385124, 0.01735767535865307, 0.02275421842932701, 0.01676841452717781, 0.012240208685398102, 0.01387439202517271, 0.022753959521651268, 0.03031415306031704, 0.029400836676359177, 0.025761477649211884, 0.022218208760023117, 0.021617799997329712, 0.026183104142546654, 0.020937662571668625, 0.02472645789384842, 0.03524133190512657, 0.03647073358297348, 0.03086007386445999, 0.026566624641418457, 0.024688296020030975, 0.02583879791200161, 0.027430478483438492, 0.028581127524375916, 0.03491368889808655, 0.035500627011060715, 0.027745498344302177, 0.02280830591917038, 0.031047290191054344, 0.02457239106297493, 0.023188233375549316, 0.02198292687535286, 0.023366745561361313, 0.02995770238339901, 0.02111194096505642, 0.020822923630475998, 0.02475365623831749, 0.021578501909971237, 0.02279665693640709, 0.020481005311012268, 0.022285226732492447, 0.01800961047410965, 0.015599161386489868, 0.01883677765727043, 0.02145572565495968, 0.02405979484319687, 0.022149620577692986, 0.016033068299293518, 0.01864403858780861], "LPIPS": [0.13056275248527527, 0.3096340596675873, 0.34599819779396057, 0.2865879535675049, 0.2775748372077942, 0.23653388023376465, 0.3044430911540985, 0.34628647565841675, 0.3582129180431366, 0.36079931259155273, 0.3342016339302063, 0.3144979178905487, 0.3566359281539917, 0.31976044178009033, 0.29986122250556946, 0.366013765335083, 0.38314953446388245, 0.3756503462791443, 0.33334630727767944, 0.3518463969230652, 0.3792566657066345, 0.352973997592926, 0.29145345091819763, 0.3803851008415222, 0.364972323179245, 0.36870235204696655, 0.2817865014076233, 0.33879029750823975, 0.3622817397117615, 0.3692018985748291, 0.3378058075904846, 0.38555216789245605, 0.35176146030426025, 0.339881956577301, 0.2986595630645752, 0.3212403655052185, 0.3824339210987091, 0.3934163451194763, 0.36403053998947144, 0.31397745013237, 0.28574734926223755, 0.23052926361560822, 0.3259318172931671, 0.3210655152797699, 0.3661324381828308, 0.32224756479263306, 0.20777994394302368, 0.2845184803009033]}