{"PSNR": [21.38084650039673, 15.552345514297485, 16.073591709136963, 14.650087356567383, 16.176724433898926, 14.900479316711426, 13.88980746269226, 13.891812562942505, 17.146297693252563, 14.94787335395813, 13.805021047592163, 14.218324422836304, 14.237219095230103, 15.507173538208008, 13.615760803222656, 13.596159219741821, 14.011284112930298, 15.888732671737671, 13.560488224029541, 13.789291381835938, 14.97940182685852, 13.864138126373291, 13.323065042495728, 13.859055042266846, 14.412585496902466, 14.137310981750488, 13.53718876838684, 13.773132562637329, 14.098141193389893, 16.094629764556885, 13.262937068939209, 13.843613862991333, 14.513416290283203, 15.014524459838867, 13.410089015960693, 13.998719453811646, 15.573521852493286, 13.7686288356781, 13.889877796173096, 14.585202932357788, 15.443694591522217, 14.437954425811768, 14.113922119140625, 14.122481346130371, 15.810168981552124, 14.970176219940186, 17.471293210983276, 16.182665824890137], "SSIM": [0.890021026134491, 0.6855151653289795, 0.7161142230033875, 0.6158033013343811, 0.7103567123413086, 0.6826629638671875, 0.6089340448379517, 0.6324526071548462, 0.7695474624633789, 0.6597567200660706, 0.5607103705406189, 0.6073766350746155, 0.6219140291213989, 0.6950602531433105, 0.5994608402252197, 0.5600482821464539, 0.6291834115982056, 0.7340137362480164, 0.5733214616775513, 0.5442103147506714, 0.6644266843795776, 0.6171956062316895, 0.5335094928741455, 0.5632854700088501, 0.6855465173721313, 0.6670028567314148, 0.5367002487182617, 0.563245952129364, 0.6077907681465149, 0.72184818983078, 0.5448741912841797, 0.5509069561958313, 0.623381495475769, 0.7205681204795837, 0.5837662220001221, 0.5558179616928101, 0.7126592397689819, 0.5909267663955688, 0.5608789920806885, 0.604631781578064, 0.7048761248588562, 0.6967017650604248, 0.5991761088371277, 0.6065778136253357, 0.6884777545928955, 0.6116458177566528, 0.7702945470809937, 0.7265200018882751], "MSE": [0.0072763776406645775, 0.02784617245197296, 0.02469681017100811, 0.0342760905623436, 0.024117235094308853, 0.03235579654574394, 0.04083375632762909, 0.040814898908138275, 0.01929168961942196, 0.032004620879888535, 0.04163876920938492, 0.03785886615514755, 0.03769451752305031, 0.028137311339378357, 0.04349346458911896, 0.043690215796232224, 0.03970741853117943, 0.02577073685824871, 0.044050537049770355, 0.041789859533309937, 0.031773120164871216, 0.04107581824064255, 0.04652576893568039, 0.041123926639556885, 0.03620274364948273, 0.038571711629629135, 0.04428750276565552, 0.04194562882184982, 0.03892117366194725, 0.024577459320425987, 0.04717439413070679, 0.04127039015293121, 0.035371895879507065, 0.03151719272136688, 0.04560276120901108, 0.03982245922088623, 0.027710720896720886, 0.04198915883898735, 0.040833089500665665, 0.03479202836751938, 0.028551612049341202, 0.035991888493299484, 0.038780003786087036, 0.038703642785549164, 0.02624116651713848, 0.03184068202972412, 0.017900727689266205, 0.024084270000457764], "LPIPS": [0.13633596897125244, 0.2838502824306488, 0.2677984833717346, 0.2885890305042267, 0.235989511013031, 0.25591784715652466, 0.34033823013305664, 0.35500580072402954, 0.25064748525619507, 0.31445860862731934, 0.39679092168807983, 0.35436344146728516, 0.3549582362174988, 0.26991546154022217, 0.35804638266563416, 0.40087997913360596, 0.3777894079685211, 0.2997114658355713, 0.39786532521247864, 0.40085309743881226, 0.34360161423683167, 0.33955472707748413, 0.4129143953323364, 0.41330477595329285, 0.3148297667503357, 0.3442917466163635, 0.4076021909713745, 0.39850783348083496, 0.37427863478660583, 0.30163708329200745, 0.39833804965019226, 0.4207181930541992, 0.37647953629493713, 0.2939772307872772, 0.3744542896747589, 0.40063098073005676, 0.294383704662323, 0.3540034294128418, 0.4019359350204468, 0.3879780173301697, 0.27768319845199585, 0.296059250831604, 0.3639591336250305, 0.3584734797477722, 0.2819550335407257, 0.31497421860694885, 0.2550968527793884, 0.2733337879180908]}