{"PSNR": [20.28954029083252, 18.05129051208496, 18.27064871788025, 18.620916604995728, 18.71866226196289, 18.72772216796875, 17.267438173294067, 16.64196252822876, 16.437326669692993, 18.203636407852173, 18.20905566215515, 18.241740465164185, 17.977933883666992, 17.21288800239563, 17.405282258987427, 15.530779361724854, 15.500349998474121, 15.855673551559448, 17.01970100402832, 16.913355588912964, 17.116070985794067, 16.939702033996582, 16.19754433631897, 15.940371751785278, 16.252886056900024, 16.60802125930786, 16.18322491645813, 16.962791681289673, 16.914567947387695, 17.058757543563843, 16.868077516555786, 15.616782903671265, 17.39664077758789, 17.136322259902954, 17.256673574447632, 16.452524662017822, 17.683175802230835, 17.635586261749268, 16.82757258415222, 17.07314372062683, 18.859400749206543, 18.35664987564087, 17.772891521453857, 18.529727458953857, 17.909408807754517, 17.217916250228882, 19.66148853302002, 19.59235906600952], "SSIM": [0.8685523271560669, 0.7653456926345825, 0.7321197986602783, 0.7981073260307312, 0.7621800303459167, 0.8087508082389832, 0.7356091737747192, 0.7102473974227905, 0.693132758140564, 0.7304710745811462, 0.7334799766540527, 0.7152804732322693, 0.7000502347946167, 0.6914891004562378, 0.7132089138031006, 0.6570004224777222, 0.6736348867416382, 0.6570249795913696, 0.7162458300590515, 0.67523592710495, 0.6703688502311707, 0.6792113184928894, 0.695081353187561, 0.6734468936920166, 0.6728464961051941, 0.6685850620269775, 0.6919819116592407, 0.6805762052536011, 0.6772165298461914, 0.6849278211593628, 0.7101778388023376, 0.6420917510986328, 0.713127851486206, 0.6963021159172058, 0.7008664011955261, 0.679314136505127, 0.6916179656982422, 0.6867351531982422, 0.6847535371780396, 0.6849679946899414, 0.7695730924606323, 0.7783491015434265, 0.7316605448722839, 0.7386731505393982, 0.7111226916313171, 0.7189798355102539, 0.8192747831344604, 0.7773078680038452], "MSE": [0.009355046786367893, 0.01566286012530327, 0.014891388826072216, 0.013737521134316921, 0.013431786559522152, 0.013403797522187233, 0.018761007115244865, 0.021667245775461197, 0.022712625563144684, 0.015122946351766586, 0.015104083344340324, 0.014990836381912231, 0.01592966727912426, 0.018998144194483757, 0.01817489229142666, 0.027984796091914177, 0.028181560337543488, 0.02596765011548996, 0.01986231841146946, 0.02035468816757202, 0.019426429644227028, 0.0202315840870142, 0.024001896381378174, 0.025466125458478928, 0.02369798719882965, 0.021837245672941208, 0.024081174284219742, 0.02012430503964424, 0.020349008962512016, 0.019684499129652977, 0.020568011328577995, 0.027436060830950737, 0.018211089074611664, 0.019336052238941193, 0.01880756765604019, 0.022633284330368042, 0.01704835332930088, 0.017236193642020226, 0.020760737359523773, 0.019619397819042206, 0.01300349086523056, 0.014599405229091644, 0.016699787229299545, 0.014029018580913544, 0.016183003783226013, 0.018976163119077682, 0.01081063412129879, 0.010984091088175774], "LPIPS": [0.1359858363866806, 0.2641710340976715, 0.3246091604232788, 0.21062853932380676, 0.28483664989471436, 0.15476751327514648, 0.2560678720474243, 0.3183985650539398, 0.3620017170906067, 0.3183154761791229, 0.28358304500579834, 0.3248993456363678, 0.3558928966522217, 0.3106236457824707, 0.23983371257781982, 0.35376065969467163, 0.36482810974121094, 0.3595440089702606, 0.3133237361907959, 0.3610362708568573, 0.33809852600097656, 0.32258686423301697, 0.2927188575267792, 0.35815858840942383, 0.3438047766685486, 0.2790253758430481, 0.3211594820022583, 0.3825516700744629, 0.38014936447143555, 0.33017635345458984, 0.3325501084327698, 0.3206247091293335, 0.3185228109359741, 0.27090486884117126, 0.26088446378707886, 0.3538432717323303, 0.3634524643421173, 0.3494577407836914, 0.3194468021392822, 0.3067736029624939, 0.25609689950942993, 0.1969345659017563, 0.2769519090652466, 0.3216056227684021, 0.3160935044288635, 0.24707968533039093, 0.17976069450378418, 0.26583796739578247]}