{"PSNR": [21.42055034637451, 20.107109546661377, 16.31258249282837, 16.235588788986206, 19.506903886795044, 18.006157875061035, 17.148871421813965, 18.75115394592285, 17.723898887634277, 15.095793008804321, 14.734768867492676, 15.901930332183838, 17.311556339263916, 17.304160594940186, 15.856482982635498, 16.25509262084961, 18.769203424453735, 15.54135799407959, 14.552257061004639, 14.400773048400879, 18.90458106994629, 15.463894605636597, 15.411155223846436, 16.88503861427307, 19.03531551361084, 14.821752309799194, 14.420182704925537, 15.096601247787476, 17.513242959976196, 16.587365865707397, 15.253748893737793, 15.939891338348389, 18.54302406311035, 16.6331684589386, 15.368585586547852, 14.859431982040405, 19.021782875061035, 15.82340955734253, 15.947363376617432, 17.44179368019104, 19.20862317085266, 17.753785848617554, 17.062463760375977, 17.473952770233154, 17.8036367893219, 17.96753764152527, 20.839765071868896, 19.90202784538269], "SSIM": [0.9099873304367065, 0.8694720268249512, 0.7564619779586792, 0.7426984310150146, 0.8594386577606201, 0.7808066606521606, 0.7377963066101074, 0.8065630793571472, 0.7817927598953247, 0.6690363883972168, 0.6369150876998901, 0.7257066965103149, 0.7838078737258911, 0.7527029514312744, 0.6587687134742737, 0.694861114025116, 0.8230647444725037, 0.6863536834716797, 0.6157146692276001, 0.6384838819503784, 0.8112902641296387, 0.6435189247131348, 0.6288344860076904, 0.7133108377456665, 0.8267267942428589, 0.6404417753219604, 0.6168389320373535, 0.6756975054740906, 0.7735311388969421, 0.68306964635849, 0.6233842372894287, 0.6551257371902466, 0.787078857421875, 0.7375533580780029, 0.6635210514068604, 0.6563637852668762, 0.7865190505981445, 0.6638942956924438, 0.6591906547546387, 0.7397162318229675, 0.8371987342834473, 0.7783057689666748, 0.7437937259674072, 0.7850400805473328, 0.775242030620575, 0.7648965120315552, 0.8760971426963806, 0.8529447317123413], "MSE": [0.007210161071270704, 0.009756389074027538, 0.023374471813440323, 0.023792561143636703, 0.011202365159988403, 0.015826476737856865, 0.01928025856614113, 0.013331674039363861, 0.016889244318008423, 0.03093290701508522, 0.033614225685596466, 0.025692543014883995, 0.018571387976408005, 0.018603045493364334, 0.025962810963392258, 0.023685947060585022, 0.013276382349431515, 0.027916712686419487, 0.03505696356296539, 0.03630134463310242, 0.012868912890553474, 0.028419112786650658, 0.02876633033156395, 0.020487841218709946, 0.012487299740314484, 0.03294767066836357, 0.03613946959376335, 0.030927151441574097, 0.0177286546677351, 0.021941356360912323, 0.029828067868947983, 0.025468945503234863, 0.013986131176352501, 0.021711168810725212, 0.02904968522489071, 0.03266305848956108, 0.012526273727416992, 0.02616128884255886, 0.025425154715776443, 0.018022732809185982, 0.011998794972896576, 0.016773410141468048, 0.01966770365834236, 0.017889775335788727, 0.016581978648900986, 0.015967845916748047, 0.008241829462349415, 0.010228155180811882], "LPIPS": [0.15184088051319122, 0.20152413845062256, 0.3165056109428406, 0.35624969005584717, 0.14468760788440704, 0.2548542320728302, 0.27751025557518005, 0.27216750383377075, 0.30089011788368225, 0.3566436171531677, 0.399159699678421, 0.3092310130596161, 0.24185365438461304, 0.2613016963005066, 0.3471013307571411, 0.3151364028453827, 0.25042518973350525, 0.3543383479118347, 0.4118606150150299, 0.41264957189559937, 0.2113107293844223, 0.3765577971935272, 0.3771003484725952, 0.3199695348739624, 0.2335996776819229, 0.3773592710494995, 0.4054831266403198, 0.3038422167301178, 0.28242456912994385, 0.3566383123397827, 0.3820542097091675, 0.3724857568740845, 0.21233554184436798, 0.26511043310165405, 0.36316055059432983, 0.34907859563827515, 0.2763219177722931, 0.3539528250694275, 0.355805903673172, 0.3116861879825592, 0.2623782455921173, 0.27381643652915955, 0.3004109263420105, 0.24021147191524506, 0.30713558197021484, 0.28224772214889526, 0.18631276488304138, 0.17684899270534515]}