{
    "PSNR": [
        21.191046237945557,
        17.901721000671387,
        18.107199668884277,
        19.146076440811157,
        18.88696789741516,
        18.41033697128296,
        17.40373730659485,
        17.074278593063354,
        16.785441637039185,
        17.856590747833252,
        17.975560426712036,
        19.165661334991455,
        17.096853256225586,
        17.169920206069946,
        16.767213344573975,
        16.61849856376648,
        16.33035659790039,
        17.26760983467102,
        17.240954637527466,
        16.923280954360962,
        16.75554394721985,
        16.16771936416626,
        15.92475414276123,
        16.4901340007782,
        16.26561164855957,
        15.749117136001587,
        16.04982614517212,
        16.869629621505737,
        16.410380601882935,
        16.42412304878235,
        15.873513221740723,
        15.480231046676636,
        16.13926887512207,
        15.75969934463501,
        15.781880617141724,
        16.56682848930359,
        16.057499647140503,
        16.37275218963623,
        16.03232741355896,
        17.186683416366577,
        16.71027183532715,
        16.4364492893219,
        16.59921646118164,
        16.925631761550903,
        17.05724596977234,
        16.826435327529907,
        17.811789512634277,
        17.11745858192444
    ],
    "SSIM": [
        0.8698710203170776,
        0.7359027862548828,
        0.7208075523376465,
        0.747491717338562,
        0.7406599521636963,
        0.7537681460380554,
        0.7124912142753601,
        0.6816753149032593,
        0.6622295379638672,
        0.6891348361968994,
        0.6766728162765503,
        0.7455264925956726,
        0.6908516883850098,
        0.6845196485519409,
        0.68272864818573,
        0.6793307065963745,
        0.6416356563568115,
        0.6744011640548706,
        0.6695615649223328,
        0.6838983297348022,
        0.6860403418540955,
        0.6709186434745789,
        0.6737121343612671,
        0.682867705821991,
        0.6636360287666321,
        0.6435402035713196,
        0.6407321691513062,
        0.6703035831451416,
        0.6363545060157776,
        0.6696305274963379,
        0.6926948428153992,
        0.6646186709403992,
        0.6812582015991211,
        0.6256310343742371,
        0.6266709566116333,
        0.65208899974823,
        0.631899356842041,
        0.6795423030853271,
        0.6699767112731934,
        0.7209174036979675,
        0.6927017569541931,
        0.703093409538269,
        0.6689605116844177,
        0.6621614098548889,
        0.7128995656967163,
        0.7156726717948914,
        0.7797821760177612,
        0.7188202142715454
    ],
    "MSE": [
        0.007601435296237469,
        0.016211679205298424,
        0.015462514013051987,
        0.01217285543680191,
        0.012921213172376156,
        0.014420036226511002,
        0.01818135380744934,
        0.019614271819591522,
        0.020963117480278015,
        0.016381023451685905,
        0.015938373282551765,
        0.012118085287511349,
        0.019512580707669258,
        0.019187044352293015,
        0.02105128765106201,
        0.02178463339805603,
        0.023279007524251938,
        0.01876027137041092,
        0.018875770270824432,
        0.020308222621679306,
        0.021107926964759827,
        0.024167297407984734,
        0.025557866320014,
        0.022438129410147667,
        0.02362864837050438,
        0.0266126599162817,
        0.02483232691884041,
        0.02056065946817398,
        0.02285398542881012,
        0.02278178185224533,
        0.02586119994521141,
        0.02831241860985756,
        0.024326134473085403,
        0.026547901332378387,
        0.02641264721751213,
        0.022045359015464783,
        0.024788495153188705,
        0.023052861914038658,
        0.024932583793997765,
        0.019113123416900635,
        0.021329116076231003,
        0.02271721512079239,
        0.02188156545162201,
        0.020297233015298843,
        0.0196913443505764,
        0.020766176283359528,
        0.016550879925489426,
        0.01942022144794464
    ],
    "LPIPS": [
        0.1507338285446167,
        0.3077470064163208,
        0.31327998638153076,
        0.2517642378807068,
        0.23066720366477966,
        0.23385751247406006,
        0.3191562294960022,
        0.3214893341064453,
        0.3449594974517822,
        0.3163833022117615,
        0.3377566933631897,
        0.2936917245388031,
        0.36035019159317017,
        0.2713973820209503,
        0.3313574194908142,
        0.30770957469940186,
        0.3505139946937561,
        0.2984716296195984,
        0.34569746255874634,
        0.3321055471897125,
        0.34796053171157837,
        0.3413683772087097,
        0.3148285150527954,
        0.35076025128364563,
        0.3394940197467804,
        0.3609195053577423,
        0.329958438873291,
        0.3776533603668213,
        0.36061710119247437,
        0.34520453214645386,
        0.32238101959228516,
        0.3457932770252228,
        0.33848220109939575,
        0.293731153011322,
        0.39207881689071655,
        0.33640050888061523,
        0.3863200545310974,
        0.3301456570625305,
        0.33934876322746277,
        0.317747563123703,
        0.29011720418930054,
        0.27036744356155396,
        0.35130611062049866,
        0.3697182536125183,
        0.3125413656234741,
        0.30751392245292664,
        0.24165493249893188,
        0.32059726119041443
    ],
    "complexity": {
        "normal_roughness": [
            0.06397359073162079,
            0.06889717280864716,
            0.060888875275850296,
            0.05591856688261032,
            0.05422498658299446,
            0.06000141054391861,
            0.06318587064743042,
            0.06407231092453003,
            0.05641264468431473,
            0.05040854960680008,
            0.04750426858663559,
            0.046585530042648315,
            0.03954211622476578,
            0.04699265956878662,
            0.053223781287670135,
            0.056822024285793304,
            0.05195612832903862,
            0.037108413875103,
            0.036719679832458496,
            0.03837941214442253,
            0.03207157179713249,
            0.04165789857506752,
            0.048618581146001816,
            0.04573606699705124,
            0.03848128393292427,
            0.046683333814144135,
            0.046122364699840546,
            0.04620189964771271,
            0.05334768444299698,
            0.0399218425154686,
            0.03090607188642025,
            0.04020468890666962,
            0.03890830650925636,
            0.04567158967256546,
            0.05576959252357483,
            0.056582510471343994,
            0.05726611614227295,
            0.04962114989757538,
            0.04960886389017105,
            0.0465792715549469,
            0.05320588871836662,
            0.06110919266939163,
            0.06538362801074982,
            0.065466970205307,
            0.06021704897284508,
            0.059054240584373474,
            0.06636117398738861,
            0.06597737967967987
        ],