{
    "PSNR": [
        19.65472936630249,
        16.788300275802612,
        15.791107416152954,
        18.106151819229126,
        17.745225429534912,
        18.639765977859497,
        16.6754949092865,
        15.311065912246704,
        14.770121574401855,
        15.542417764663696,
        17.235580682754517,
        16.958143711090088,
        15.894145965576172,
        17.779935598373413,
        16.767849922180176,
        15.180100202560425,
        14.32230830192566,
        14.944229125976562,
        16.306333541870117,
        15.764882564544678,
        16.25229001045227,
        16.72551155090332,
        15.526572465896606,
        14.452502727508545,
        15.251691341400146,
        16.15222454071045,
        15.667730569839478,
        15.04938006401062,
        15.562403202056885,
        15.986846685409546,
        15.991287231445312,
        15.315769910812378,
        15.202263593673706,
        16.82496666908264,
        17.145992517471313,
        15.500633716583252,
        16.10551357269287,
        15.969535112380981,
        16.240891218185425,
        16.511539220809937,
        16.975177526474,
        17.512025833129883,
        16.447057723999023,
        16.601240634918213,
        16.83773159980774,
        18.660426139831543,
        17.386887073516846,
        16.835007667541504
    ],
    "SSIM": [
        0.8465466499328613,
        0.7185901403427124,
        0.7093810439109802,
        0.8064470291137695,
        0.7485237121582031,
        0.7893475294113159,
        0.6969119906425476,
        0.6588150858879089,
        0.673855721950531,
        0.7208390235900879,
        0.8090839385986328,
        0.7629132270812988,
        0.7007650136947632,
        0.7329967021942139,
        0.7282476425170898,
        0.6561128497123718,
        0.6464414000511169,
        0.6862821578979492,
        0.7321578860282898,
        0.7176324725151062,
        0.6915054321289062,
        0.7068077325820923,
        0.6843754053115845,
        0.6571985483169556,
        0.6878542900085449,
        0.7032960653305054,
        0.6710267066955566,
        0.6642666459083557,
        0.6665263175964355,
        0.6883095502853394,
        0.6996408700942993,
        0.7135679721832275,
        0.6967694163322449,
        0.7408065795898438,
        0.7378014922142029,
        0.6623492240905762,
        0.6888222694396973,
        0.7083399295806885,
        0.7477082014083862,
        0.7441989183425903,
        0.7461149096488953,
        0.782905101776123,
        0.6999281644821167,
        0.7051677703857422,
        0.7108964920043945,
        0.8071586489677429,
        0.7581590414047241,
        0.7114509344100952
    ],
    "MSE": [
        0.010827470570802689,
        0.02094932459294796,
        0.026356592774391174,
        0.015466243028640747,
        0.016806509345769882,
        0.013678029179573059,
        0.0215006023645401,
        0.029436994343996048,
        0.03334170952439308,
        0.027909904718399048,
        0.018899139016866684,
        0.020145855844020844,
        0.025738626718521118,
        0.01667272485792637,
        0.021048203110694885,
        0.030338210985064507,
        0.036963172256946564,
        0.03203149139881134,
        0.023408126085996628,
        0.026516232639551163,
        0.023701239377260208,
        0.02125440165400505,
        0.028011910617351532,
        0.035871513187885284,
        0.029842203482985497,
        0.02425367757678032,
        0.027116090059280396,
        0.0312652662396431,
        0.027781758457422256,
        0.025195058435201645,
        0.025169312953948975,
        0.029405124485492706,
        0.030183788388967514,
        0.020773202180862427,
        0.01929304376244545,
        0.028179723769426346,
        0.024515947327017784,
        0.025295689702033997,
        0.02376352809369564,
        0.022327806800603867,
        0.020066989585757256,
        0.017733624204993248,
        0.02266179583966732,
        0.021871373057365417,
        0.0207122340798378,
        0.013613111339509487,
        0.018252035602927208,
        0.020725224167108536
    ],
    "LPIPS": [
        0.18907630443572998,
        0.2667054533958435,
        0.26018500328063965,
        0.20955680310726166,
        0.2687093913555145,
        0.20740759372711182,
        0.27360999584198,
        0.33992159366607666,
        0.33226001262664795,
        0.31136858463287354,
        0.19611632823944092,
        0.22917044162750244,
        0.32609453797340393,
        0.309978187084198,
        0.2499881088733673,
        0.3274610638618469,
        0.3752322494983673,
        0.34145277738571167,
        0.26150691509246826,
        0.2744491696357727,
        0.34041738510131836,
        0.2811545133590698,
        0.2893686294555664,
        0.36647099256515503,
        0.34804630279541016,
        0.3058111369609833,
        0.2978587746620178,
        0.34361255168914795,
        0.34682348370552063,
        0.3364923894405365,
        0.27926987409591675,
        0.3024938106536865,
        0.2821197509765625,
        0.29887470602989197,
        0.2808022201061249,
        0.3256183862686157,
        0.2870783805847168,
        0.30527934432029724,
        0.2423906922340393,
        0.2506425678730011,
        0.27185893058776855,
        0.22036713361740112,
        0.29234570264816284,
        0.314054012298584,
        0.26221558451652527,
        0.1788979172706604,
        0.24097470939159393,
        0.266526997089386
    ],
    "complexity": {
        "normal_roughness": [
            0.053360894322395325,
            0.06219888851046562,
            0.04438275098800659,
            0.0382828526198864,
            0.05462395399808884,
            0.06576451659202576,
            0.06537237763404846,
            0.05717964097857475,
            0.04445907473564148,
            0.037699878215789795,
            0.04259267449378967,
            0.031873758882284164,
            0.04081357643008232,
            0.05645918846130371,
            0.06472133100032806,
            0.06312250345945358,
            0.04370219260454178,
            0.046581804752349854,
            0.053781621158123016,
            0.048470884561538696,
            0.04405185207724571,
            0.05971093848347664,
            0.058925773948431015,
            0.0467338040471077,
            0.04325515776872635,
            0.058205798268318176,
            0.05983923375606537,
            0.04869367182254791,
            0.043041713535785675,
            0.04412958025932312,
            0.0548267625272274,
            0.04828577861189842,
            0.039771392941474915,
            0.056559327989816666,
            0.06585551798343658,
            0.06099744141101837,
            0.044167108833789825,
            0.03838341683149338,
            0.047333527356386185,
            0.03581893444061279,
            0.05315624177455902,
            0.06564158201217651,
            0.06791901588439941,
            0.0557267963886261,
            0.04637390375137329,
            0.03953506052494049,
            0.05864159017801285,
            0.06189892441034317
        ],