{
    "PSNR": [
        19.011610746383667,
        17.96006679534912,
        17.487313747406006,
        16.32884383201599,
        18.443063497543335,
        17.271361351013184,
        16.590721607208252,
        16.97263240814209,
        17.880465984344482,
        15.833110809326172,
        15.18847107887268,
        15.4212486743927,
        15.407661199569702,
        16.45302414894104,
        15.98040223121643,
        16.21604561805725,
        17.567626237869263,
        16.91638946533203,
        15.354452133178711,
        14.993656873703003,
        16.156446933746338,
        15.670398473739624,
        15.875285863876343,
        16.581581830978394,
        18.65316390991211,
        15.890322923660278,
        15.049530267715454,
        14.886415004730225,
        15.13645887374878,
        16.186835765838623,
        15.427852869033813,
        15.930228233337402,
        17.41529941558838,
        17.701287269592285,
        15.534852743148804,
        14.981483221054077,
        16.100990772247314,
        15.362160205841064,
        15.473897457122803,
        16.640610694885254,
        20.208513736724854,
        16.78917407989502,
        15.534487962722778,
        14.981111288070679,
        16.331334114074707,
        16.2222957611084,
        19.390790462493896,
        15.994285345077515
    ],
    "SSIM": [
        0.858142077922821,
        0.7770071029663086,
        0.8093046545982361,
        0.7642248868942261,
        0.8445072174072266,
        0.7616891860961914,
        0.7096559405326843,
        0.7320969104766846,
        0.7955541014671326,
        0.7024697661399841,
        0.6785873770713806,
        0.7187594175338745,
        0.7325495481491089,
        0.7594892382621765,
        0.6944762468338013,
        0.6834139823913574,
        0.7544759511947632,
        0.7378298044204712,
        0.6621270775794983,
        0.673865020275116,
        0.7921303510665894,
        0.6993421316146851,
        0.6777166128158569,
        0.7036020755767822,
        0.8007065653800964,
        0.6847329139709473,
        0.6707271337509155,
        0.6765996217727661,
        0.7234260439872742,
        0.7573592066764832,
        0.6816964149475098,
        0.6859465837478638,
        0.7448503375053406,
        0.7606112360954285,
        0.7001568675041199,
        0.6889492273330688,
        0.7871808409690857,
        0.7125394344329834,
        0.6844983100891113,
        0.7133435010910034,
        0.8233612775802612,
        0.7271418571472168,
        0.7225337028503418,
        0.7131366729736328,
        0.7921077609062195,
        0.73930424451828,
        0.8062888979911804,
        0.7484656572341919
    ],
    "MSE": [
        0.01255564671009779,
        0.015995338559150696,
        0.01783481240272522,
        0.02328711748123169,
        0.014311781153082848,
        0.01874407008290291,
        0.02192441187798977,
        0.020078755915164948,
        0.016291214153170586,
        0.026102911680936813,
        0.030279792845249176,
        0.028699561953544617,
        0.028789488598704338,
        0.022630682215094566,
        0.025232471525669098,
        0.0238998681306839,
        0.01750803366303444,
        0.02034047245979309,
        0.02914438396692276,
        0.031669002026319504,
        0.02423010766506195,
        0.027099430561065674,
        0.025850646197795868,
        0.0219705980271101,
        0.013635896146297455,
        0.025761302560567856,
        0.031264178454875946,
        0.03246074542403221,
        0.03064461424946785,
        0.02406115084886551,
        0.028655942529439926,
        0.025525670498609543,
        0.018133018165826797,
        0.016977405175566673,
        0.027958562597632408,
        0.0317578949034214,
        0.024541489779949188,
        0.02909269742667675,
        0.0283537395298481,
        0.02167399600148201,
        0.009531224146485329,
        0.02094511315226555,
        0.02796090953052044,
        0.03176061436533928,
        0.023273762315511703,
        0.02386549487709999,
        0.011505912989377975,
        0.025151938199996948
    ],
    "LPIPS": [
        0.1970127820968628,
        0.19864831864833832,
        0.298512727022171,
        0.2717413604259491,
        0.20037367939949036,
        0.2067682147026062,
        0.2494770884513855,
        0.2654306888580322,
        0.29177427291870117,
        0.3031260669231415,
        0.3221186101436615,
        0.2779470980167389,
        0.2766539454460144,
        0.2474077045917511,
        0.30164632201194763,
        0.318927139043808,
        0.27522528171539307,
        0.2814338207244873,
        0.32935038208961487,
        0.3495837450027466,
        0.28351688385009766,
        0.2933803200721741,
        0.32509845495224,
        0.30483174324035645,
        0.2393205761909485,
        0.3172726631164551,
        0.31820759177207947,
        0.31524133682250977,
        0.3002711534500122,
        0.29694533348083496,
        0.31825101375579834,
        0.36587125062942505,
        0.28350645303726196,
        0.25502046942710876,
        0.28933605551719666,
        0.3289746046066284,
        0.24690480530261993,
        0.2734215259552002,
        0.33767586946487427,
        0.3210204839706421,
        0.24215573072433472,
        0.2514308989048004,
        0.25783562660217285,
        0.28889307379722595,
        0.2786838114261627,
        0.29765304923057556,
        0.19669577479362488,
        0.2420032024383545
    ],
    "complexity": {
        "normal_roughness": [
            0.0368017740547657,
            0.046026021242141724,
            0.03702873736619949,
            0.04458943009376526,
            0.03161980211734772,
            0.049884334206581116,
            0.0580575168132782,
            0.05422721058130264,
            0.04030406475067139,
            0.05297327786684036,
            0.05928992107510567,
            0.05135796591639519,
            0.05135340243577957,
            0.04533857852220535,
            0.060868874192237854,
            0.06463085860013962,
            0.04756762832403183,
            0.04548179730772972,
            0.06510467082262039,
            0.063972607254982,
            0.04266420751810074,
            0.05642032250761986,
            0.06800079345703125,
            0.05821742117404938,
            0.03874771296977997,
            0.05641012638807297,
            0.06555812060832977,
            0.05992040038108826,
            0.047754012048244476,
            0.04538922756910324,
            0.0632748231291771,
            0.06343136727809906,
            0.04988006502389908,
            0.04403119534254074,
            0.06345920264720917,
            0.06622013449668884,
            0.03769843280315399,
            0.053568556904792786,
            0.059981800615787506,
            0.05350438505411148,
            0.03579186275601387,
            0.050342097878456116,
            0.05929397791624069,
            0.053040772676467896,
            0.04167218506336212,
            0.046933405101299286,
            0.04744227975606918,
            0.045699067413806915
        ],