{"PSNR": [20.73486566543579, 15.376864671707153, 15.188493728637695, 17.868105173110962, 16.68578267097473, 16.277272701263428, 15.773482322692871, 14.821683168411255, 14.072932004928589, 14.363994598388672, 16.16158366203308, 17.091293334960938, 16.584584712982178, 16.138614416122437, 16.274231672286987, 15.013511180877686, 14.245370626449585, 13.8979172706604, 14.884454011917114, 15.757983922958374, 16.49332046508789, 15.616097450256348, 16.19763970375061, 14.479891061782837, 14.558764696121216, 14.225350618362427, 15.564953088760376, 15.777285099029541, 16.414566040039062, 16.301416158676147, 16.039087772369385, 15.004274845123291, 14.677296876907349, 14.281423091888428, 15.098049640655518, 14.940283298492432, 15.733695030212402, 15.473551750183105, 16.50863528251648, 16.269659996032715, 15.026664733886719, 15.958399772644043, 15.508617162704468, 15.726830959320068, 16.535481214523315, 18.224403858184814, 15.95455527305603, 15.23862361907959], "SSIM": [0.8603443503379822, 0.6680312156677246, 0.6425315141677856, 0.7166210412979126, 0.6789507269859314, 0.7021738886833191, 0.6886126399040222, 0.6547080278396606, 0.615135133266449, 0.596808671951294, 0.6349775791168213, 0.6650971174240112, 0.6459436416625977, 0.6568850874900818, 0.6915633082389832, 0.652595043182373, 0.6251800060272217, 0.5912737846374512, 0.6242659091949463, 0.6412465572357178, 0.6542854309082031, 0.613663911819458, 0.6987395286560059, 0.6386710405349731, 0.6448075175285339, 0.606900155544281, 0.647899866104126, 0.624792754650116, 0.6494699120521545, 0.6462496519088745, 0.6546779870986938, 0.6470961570739746, 0.6365962028503418, 0.6174098253250122, 0.6579877734184265, 0.6134983897209167, 0.6360449194908142, 0.6228549480438232, 0.7178062796592712, 0.6875640749931335, 0.6400004625320435, 0.691112220287323, 0.6715981960296631, 0.6502302885055542, 0.6845345497131348, 0.746529757976532, 0.7045519351959229, 0.6274637579917908], "MSE": [0.008443324826657772, 0.028994359076023102, 0.030279632657766342, 0.016337648034095764, 0.021449727937579155, 0.02356528490781784, 0.02646377682685852, 0.03294820338487625, 0.0391477569937706, 0.03661007061600685, 0.024201463907957077, 0.01953757368028164, 0.02195540815591812, 0.02432980202138424, 0.023581799119710922, 0.03152455389499664, 0.037623822689056396, 0.04075756296515465, 0.03247540816664696, 0.02655838429927826, 0.02242167294025421, 0.027440395206212997, 0.02400137297809124, 0.03564601019024849, 0.035004474222660065, 0.03779766708612442, 0.02776545286178589, 0.026440616697072983, 0.022831972688436508, 0.023434650152921677, 0.024893803521990776, 0.031591664999723434, 0.034062013030052185, 0.03731279820203781, 0.030916837975382805, 0.03206060081720352, 0.026707332581281662, 0.02835599146783352, 0.02234273962676525, 0.02360663376748562, 0.031429223716259, 0.025360634550452232, 0.028127964586019516, 0.02674958109855652, 0.022205058485269547, 0.015050805173814297, 0.02538309060037136, 0.029932131990790367], "LPIPS": [0.15232989192008972, 0.2635630667209625, 0.32292163372039795, 0.25992903113365173, 0.2937365174293518, 0.2743512690067291, 0.275704950094223, 0.317256897687912, 0.34659096598625183, 0.33970046043395996, 0.31708720326423645, 0.3123789429664612, 0.301174521446228, 0.31905654072761536, 0.27935898303985596, 0.3076733648777008, 0.36601367592811584, 0.32614392042160034, 0.2845914661884308, 0.3330538272857666, 0.3165282607078552, 0.3266063928604126, 0.2809768617153168, 0.35388123989105225, 0.3341183662414551, 0.34283873438835144, 0.28615811467170715, 0.34778153896331787, 0.3555271625518799, 0.32145121693611145, 0.28443437814712524, 0.28435763716697693, 0.35205164551734924, 0.3224686086177826, 0.2868303954601288, 0.3335699737071991, 0.3885883092880249, 0.2827377915382385, 0.23262891173362732, 0.2841377258300781, 0.34754008054733276, 0.2731916010379791, 0.26012444496154785, 0.33568745851516724, 0.3322988450527191, 0.259490430355072, 0.2928500175476074, 0.32166600227355957]}