{"PSNR": [20.17725706100464, 15.440720319747925, 14.600993394851685, 14.669232368469238, 15.920363664627075, 14.865089654922485, 14.327826499938965, 14.587523937225342, 14.758223295211792, 15.094348192214966, 13.893134593963623, 14.34683084487915, 14.97973918914795, 14.611790180206299, 13.283894062042236, 13.91781210899353, 14.113409519195557, 15.114450454711914, 13.890014886856079, 14.013540744781494, 14.44854736328125, 13.53032112121582, 12.884666919708252, 13.918933868408203, 14.038974046707153, 14.72543478012085, 13.600780963897705, 15.025801658630371, 15.049420595169067, 14.583948850631714, 12.931747436523438, 13.419283628463745, 14.674357175827026, 14.50695514678955, 14.166650772094727, 14.529021978378296, 14.79315996170044, 14.307336807250977, 13.541642427444458, 14.248567819595337, 15.34438967704773, 14.63358759880066, 14.402925968170166, 15.6660795211792, 15.461241006851196, 15.446010828018188, 16.286144256591797, 15.938804149627686], "SSIM": [0.8709701299667358, 0.6967427134513855, 0.6457979679107666, 0.6317260265350342, 0.7146632075309753, 0.6596059203147888, 0.633497953414917, 0.6406180262565613, 0.6732203960418701, 0.6693960428237915, 0.5726599097251892, 0.5923458337783813, 0.6444690227508545, 0.6552214026451111, 0.5761777758598328, 0.5788618922233582, 0.6368314623832703, 0.6759018898010254, 0.5906784534454346, 0.5498847961425781, 0.6355440616607666, 0.6136391162872314, 0.5307120680809021, 0.5762342810630798, 0.6525473594665527, 0.6666685938835144, 0.554845929145813, 0.6067517995834351, 0.6281170845031738, 0.634426474571228, 0.5223020315170288, 0.5341300368309021, 0.637711226940155, 0.6829293966293335, 0.6275274753570557, 0.5930575132369995, 0.6333962678909302, 0.599668025970459, 0.5369318723678589, 0.5691686868667603, 0.6824595332145691, 0.6526511907577515, 0.6222662925720215, 0.6298232078552246, 0.6577228903770447, 0.6305303573608398, 0.720840334892273, 0.6822490692138672], "MSE": [0.009600069373846054, 0.02857116423547268, 0.03466576337814331, 0.034125324338674545, 0.025583717972040176, 0.032620541751384735, 0.036916233599185944, 0.034773439168930054, 0.033433180302381516, 0.03094319999217987, 0.040802475064992905, 0.03675505146384239, 0.031770654022693634, 0.034579675644636154, 0.04694729298353195, 0.04057129845023155, 0.03878457844257355, 0.03080030344426632, 0.040831804275512695, 0.03968678414821625, 0.03590419888496399, 0.044357579201459885, 0.05146753787994385, 0.04056081175804138, 0.039455052465200424, 0.0336865559220314, 0.043643735349178314, 0.031435463577508926, 0.03126496449112892, 0.03480207547545433, 0.05091260001063347, 0.0455063097178936, 0.03408508002758026, 0.03542456030845642, 0.03831201419234276, 0.03524502366781235, 0.033165305852890015, 0.03709081932902336, 0.04424211382865906, 0.03759613633155823, 0.02921198308467865, 0.03440655767917633, 0.036283351480960846, 0.027126392349600792, 0.028436487540602684, 0.02853638492524624, 0.023517204448580742, 0.02547531947493553], "LPIPS": [0.11861328780651093, 0.25939205288887024, 0.2971803545951843, 0.2949541211128235, 0.2663005590438843, 0.27555596828460693, 0.3298541009426117, 0.3762263059616089, 0.33172258734703064, 0.3166258931159973, 0.33023032546043396, 0.33357512950897217, 0.3298822045326233, 0.32236284017562866, 0.3656097948551178, 0.3951384723186493, 0.4074830114841461, 0.32294100522994995, 0.34084150195121765, 0.39917615056037903, 0.3617161214351654, 0.3698025345802307, 0.3975195586681366, 0.36534327268600464, 0.3349720537662506, 0.32426100969314575, 0.3981218636035919, 0.34453296661376953, 0.35682737827301025, 0.37661242485046387, 0.3921085000038147, 0.4062682092189789, 0.30614539980888367, 0.3087364733219147, 0.349515438079834, 0.405429482460022, 0.3355811536312103, 0.34606242179870605, 0.36895686388015747, 0.38013148307800293, 0.30813610553741455, 0.31800761818885803, 0.38562262058258057, 0.3700854480266571, 0.3232869803905487, 0.3042650818824768, 0.23609642684459686, 0.2672479450702667]}