{"PSNR": [20.93672275543213, 17.22701668739319, 16.00099802017212, 17.130969762802124, 18.971126079559326, 17.86482810974121, 16.609861850738525, 14.86185073852539, 14.875389337539673, 15.205061435699463, 15.881835222244263, 17.01321840286255, 15.992094278335571, 16.406155824661255, 16.3108229637146, 14.135298728942871, 13.772556781768799, 14.555602073669434, 15.344516038894653, 17.281562089920044, 15.843331813812256, 16.677087545394897, 15.874899625778198, 13.833335638046265, 14.194639921188354, 14.487676620483398, 15.930339097976685, 15.065971612930298, 15.106714963912964, 16.094948053359985, 15.347822904586792, 16.050668954849243, 15.25328516960144, 14.577860832214355, 15.202679634094238, 14.492541551589966, 15.722891092300415, 15.617369413375854, 15.309646129608154, 16.163681745529175, 17.383546829223633, 15.518226623535156, 15.055655241012573, 14.650917053222656, 16.50529980659485, 17.258952856063843, 17.626936435699463, 15.616545677185059], "SSIM": [0.8766913414001465, 0.7195553183555603, 0.6414648294448853, 0.7157504558563232, 0.7487820386886597, 0.7359358668327332, 0.6991047263145447, 0.6391963958740234, 0.6018396019935608, 0.593586266040802, 0.6402403712272644, 0.7111684679985046, 0.6447963118553162, 0.665800929069519, 0.6694773435592651, 0.5768773555755615, 0.5746448040008545, 0.5896831750869751, 0.6248854398727417, 0.7165367603302002, 0.6309608817100525, 0.6462401747703552, 0.6969094276428223, 0.5865573883056641, 0.5934944152832031, 0.6210877895355225, 0.6990623474121094, 0.6510142087936401, 0.6095856428146362, 0.614579975605011, 0.5894820094108582, 0.6792632937431335, 0.6560351252555847, 0.6459566950798035, 0.6818622946739197, 0.6172991394996643, 0.621715247631073, 0.5934876203536987, 0.5935385227203369, 0.6821898818016052, 0.7400845885276794, 0.6876224875450134, 0.6421760320663452, 0.6033316254615784, 0.6465674638748169, 0.6971971392631531, 0.7861365079879761, 0.6755728721618652], "MSE": [0.008059865795075893, 0.018936440348625183, 0.025113090872764587, 0.019359897822141647, 0.012673228979110718, 0.016349978744983673, 0.021827995777130127, 0.03264487907290459, 0.03254326432943344, 0.03016435168683529, 0.02581169269979, 0.01989198662340641, 0.025164633989334106, 0.022876229137182236, 0.023383943364024162, 0.038589589297771454, 0.04195119068026543, 0.03502997010946274, 0.0292111337184906, 0.018700098618865013, 0.026041550561785698, 0.021492715924978256, 0.02585294470191002, 0.041368190199136734, 0.03806588798761368, 0.03558216616511345, 0.02552502416074276, 0.03114604577422142, 0.0308552123606205, 0.02457566186785698, 0.02918889746069908, 0.024827510118484497, 0.029831252992153168, 0.03485089913010597, 0.03018089197576046, 0.035542331635951996, 0.026773853227496147, 0.027432357892394066, 0.029446616768836975, 0.0241897813975811, 0.018266085535287857, 0.028065800666809082, 0.03122011385858059, 0.0342695452272892, 0.02235991321504116, 0.018797699362039566, 0.017270561307668686, 0.027437560260295868], "LPIPS": [0.13402271270751953, 0.2842229902744293, 0.31400150060653687, 0.23781131207942963, 0.26324373483657837, 0.22857365012168884, 0.22874927520751953, 0.2876453101634979, 0.36547085642814636, 0.3784881830215454, 0.34394440054893494, 0.2691475450992584, 0.33160728216171265, 0.3365333080291748, 0.2881860136985779, 0.3551231622695923, 0.3723803758621216, 0.40100574493408203, 0.3538462221622467, 0.3047564625740051, 0.3717547059059143, 0.35121622681617737, 0.3436790704727173, 0.3852367103099823, 0.3873320519924164, 0.3493523597717285, 0.34310534596443176, 0.3356063663959503, 0.3819737732410431, 0.3848416209220886, 0.3650372624397278, 0.30869096517562866, 0.33994239568710327, 0.37771356105804443, 0.3357783555984497, 0.30571797490119934, 0.3904989957809448, 0.38640332221984863, 0.35165873169898987, 0.29629436135292053, 0.25717025995254517, 0.2638857662677765, 0.2811709940433502, 0.3167644739151001, 0.3574378788471222, 0.24787038564682007, 0.2371833473443985, 0.34665781259536743]}