{"PSNR": [21.752731800079346, 17.279605865478516, 14.717587232589722, 13.999243974685669, 18.801612854003906, 15.820859670639038, 14.897841215133667, 16.568751335144043, 15.653046369552612, 13.978090286254883, 13.461378812789917, 14.807579517364502, 17.73948073387146, 17.027465105056763, 14.000083208084106, 14.64330792427063, 16.48788094520569, 14.564063549041748, 13.829104900360107, 13.815847635269165, 18.78700852394104, 14.589333534240723, 13.958646059036255, 14.976625442504883, 16.709755659103394, 14.05019760131836, 13.779139518737793, 15.23832082748413, 18.735610246658325, 15.830919742584229, 14.393433332443237, 14.283943176269531, 16.817859411239624, 15.456194877624512, 14.294803142547607, 14.739420413970947, 17.262994050979614, 14.977134466171265, 14.519567489624023, 15.48643708229065, 18.49289298057556, 15.97949504852295, 15.327677726745605, 17.014200687408447, 15.872248411178589, 15.14624834060669, 18.02280306816101, 17.56567358970642], "SSIM": [0.8959536552429199, 0.8101741671562195, 0.6841373443603516, 0.6163979172706604, 0.7843577861785889, 0.6539573073387146, 0.6514681577682495, 0.7654786109924316, 0.7306033968925476, 0.6050500869750977, 0.5493166446685791, 0.6086984872817993, 0.7168377637863159, 0.6921822428703308, 0.5538324117660522, 0.6260645389556885, 0.7753289937973022, 0.6544198989868164, 0.5626437664031982, 0.5576185584068298, 0.7372125387191772, 0.5715329051017761, 0.5404521226882935, 0.6663665771484375, 0.7756584882736206, 0.6015992164611816, 0.5489210486412048, 0.6270229816436768, 0.7948346138000488, 0.6368954181671143, 0.5454148054122925, 0.5759190917015076, 0.7634254693984985, 0.6925551891326904, 0.615004301071167, 0.6086426973342896, 0.7446998357772827, 0.5820144414901733, 0.5570393800735474, 0.6528480648994446, 0.8006653785705566, 0.7065455317497253, 0.6687135100364685, 0.7472156882286072, 0.6869471073150635, 0.6319796442985535, 0.7963575124740601, 0.7842898368835449], "MSE": [0.006679236888885498, 0.018708519637584686, 0.03374747559428215, 0.039817649871110916, 0.013177676126360893, 0.026176651939749718, 0.03237546235322952, 0.02203560434281826, 0.02720792219042778, 0.04001207277178764, 0.04506736248731613, 0.033055372536182404, 0.016828758642077446, 0.019826840609312057, 0.039809953421354294, 0.034329645335674286, 0.022449767217040062, 0.03496179357171059, 0.04140850156545639, 0.04153509438037872, 0.013222062960267067, 0.034758955240249634, 0.04019160568714142, 0.03179343789815903, 0.021331652998924255, 0.03935321792960167, 0.04188765585422516, 0.029934218153357506, 0.013379475101828575, 0.026116084307432175, 0.036362744867801666, 0.03729115054011345, 0.02080722153186798, 0.028469543904066086, 0.03719800338149071, 0.033578239381313324, 0.018780214712023735, 0.031789716333150864, 0.03532183915376663, 0.028271984308958054, 0.014148510061204433, 0.02523774281144142, 0.02932460978627205, 0.019887493923306465, 0.0258687362074852, 0.030575618147850037, 0.015765933319926262, 0.01751590520143509], "LPIPS": [0.1478986144065857, 0.22095072269439697, 0.3465423583984375, 0.32632723450660706, 0.2642803490161896, 0.3113289177417755, 0.339752733707428, 0.26607751846313477, 0.3514847159385681, 0.3880055546760559, 0.4153752028942108, 0.3841320276260376, 0.2633576989173889, 0.3526339530944824, 0.415895015001297, 0.3831159472465515, 0.27606987953186035, 0.35949158668518066, 0.41253048181533813, 0.41095563769340515, 0.26675987243652344, 0.4176410436630249, 0.435309499502182, 0.357178658246994, 0.2560446858406067, 0.40148186683654785, 0.4114215672016144, 0.38106581568717957, 0.2587510049343109, 0.3579455614089966, 0.43646806478500366, 0.4200928807258606, 0.27329733967781067, 0.33165818452835083, 0.39052385091781616, 0.375906765460968, 0.32947278022766113, 0.39199280738830566, 0.41490331292152405, 0.3808898627758026, 0.22126075625419617, 0.3032882511615753, 0.344288170337677, 0.32173556089401245, 0.32852229475975037, 0.3300403952598572, 0.2903815507888794, 0.2791273593902588]}