{"PSNR": [19.952739477157593, 15.228210687637329, 15.458725690841675, 15.650174617767334, 16.6180419921875, 17.394304275512695, 15.788339376449585, 14.64525818824768, 15.336843729019165, 15.46627402305603, 15.707550048828125, 15.719345808029175, 15.947428941726685, 16.884301900863647, 18.120182752609253, 14.793815612792969, 14.744192361831665, 15.331650972366333, 16.323710680007935, 15.667402744293213, 16.34829044342041, 16.037062406539917, 15.154896974563599, 14.977269172668457, 14.916589260101318, 15.873836278915405, 15.906567573547363, 16.070523262023926, 15.789506435394287, 15.699090957641602, 16.584757566452026, 15.090335607528687, 15.586519241333008, 16.323519945144653, 17.451727390289307, 15.423167943954468, 16.093896627426147, 15.620167255401611, 15.656665563583374, 15.884865522384644, 15.621488094329834, 18.102391958236694, 15.772196054458618, 15.44829249382019, 16.450601816177368, 17.079365253448486, 16.60811424255371, 16.160287857055664], "SSIM": [0.8629308938980103, 0.6856924891471863, 0.6670713424682617, 0.6944835186004639, 0.7037767171859741, 0.7048201560974121, 0.6911303400993347, 0.6654906868934631, 0.6701207160949707, 0.6588347554206848, 0.6803194284439087, 0.6582879424095154, 0.6695846915245056, 0.682309627532959, 0.7057892680168152, 0.6422602534294128, 0.67298424243927, 0.6728226542472839, 0.7092788219451904, 0.6737995147705078, 0.7059628367424011, 0.6291736960411072, 0.634330153465271, 0.6651919484138489, 0.6786901354789734, 0.6860472559928894, 0.6754414439201355, 0.6841285228729248, 0.6846544146537781, 0.643152117729187, 0.6846381425857544, 0.6537606716156006, 0.6750277280807495, 0.7157111167907715, 0.7312218546867371, 0.6706132292747498, 0.6575314998626709, 0.6320360898971558, 0.648399829864502, 0.6675733923912048, 0.660307765007019, 0.748318076133728, 0.6806097030639648, 0.669048011302948, 0.6586767435073853, 0.7254197001457214, 0.7257827520370483, 0.677260160446167], "MSE": [0.010109419003129005, 0.03000398352742195, 0.028452960774302483, 0.027225922793149948, 0.021786917001008987, 0.018220894038677216, 0.026373401284217834, 0.034314222633838654, 0.029262779280543327, 0.028403546661138535, 0.02686859667301178, 0.026795722544193268, 0.025424774736166, 0.02049131691455841, 0.015416355803608894, 0.03316030278801918, 0.033541373908519745, 0.02929779700934887, 0.02331465110182762, 0.027118131518363953, 0.023183075711131096, 0.02490542083978653, 0.030514787882566452, 0.031788721680641174, 0.03223599120974541, 0.025859279558062553, 0.025665119290351868, 0.024714266881346703, 0.02636631391942501, 0.02692098543047905, 0.02195454202592373, 0.030971800908446312, 0.027627915143966675, 0.023315679281949997, 0.01798155903816223, 0.028686879202723503, 0.024581607431173325, 0.02741469070315361, 0.027185261249542236, 0.025793686509132385, 0.027406346052885056, 0.015479644760489464, 0.026471620425581932, 0.028521396219730377, 0.022643310949206352, 0.0195913128554821, 0.02183677814900875, 0.024208687245845795], "LPIPS": [0.15730902552604675, 0.2830631732940674, 0.33531057834625244, 0.28886929154396057, 0.2470804750919342, 0.2396368533372879, 0.3130602240562439, 0.33606231212615967, 0.33856475353240967, 0.35065603256225586, 0.29746341705322266, 0.308165967464447, 0.34045299887657166, 0.340038001537323, 0.2743401527404785, 0.32850414514541626, 0.3653890788555145, 0.31119662523269653, 0.3187258243560791, 0.32264798879623413, 0.32989445328712463, 0.349429726600647, 0.3486080467700958, 0.39667171239852905, 0.37355610728263855, 0.32763391733169556, 0.28757941722869873, 0.36970198154449463, 0.3729810416698456, 0.34625107049942017, 0.31874603033065796, 0.34503254294395447, 0.3168191611766815, 0.3047412037849426, 0.26923027634620667, 0.351899653673172, 0.35026729106903076, 0.34726735949516296, 0.3417617082595825, 0.3025779128074646, 0.2961329221725464, 0.2467660903930664, 0.33203673362731934, 0.35129913687705994, 0.3180334270000458, 0.2826663851737976, 0.29260051250457764, 0.2659505605697632]}