{
    "PSNR": [
        20.58415651321411,
        16.04438543319702,
        15.249437093734741,
        15.868414640426636,
        16.908451318740845,
        16.513935327529907,
        14.359642267227173,
        14.049252271652222,
        14.161767959594727,
        16.011555194854736,
        15.278279781341553,
        15.168404579162598,
        15.780770778656006,
        15.611199140548706,
        13.761231899261475,
        13.65011215209961,
        13.377234935760498,
        14.167383909225464,
        15.237094163894653,
        14.65613842010498,
        14.886659383773804,
        14.581832885742188,
        13.478585481643677,
        13.851791620254517,
        13.622149229049683,
        14.52399730682373,
        14.57094430923462,
        15.205645561218262,
        14.691609144210815,
        14.68246340751648,
        14.085836410522461,
        13.602678775787354,
        14.59296464920044,
        14.464505910873413,
        13.888977766036987,
        14.409817457199097,
        15.217819213867188,
        15.45518159866333,
        14.054809808731079,
        14.95476245880127,
        16.096471548080444,
        15.174890756607056,
        14.768787622451782,
        15.355221033096313,
        15.992873907089233,
        16.596728563308716,
        18.09579372406006,
        16.95134997367859
    ],
    "SSIM": [
        0.8778520822525024,
        0.6699297428131104,
        0.6561601161956787,
        0.6805229187011719,
        0.7122535705566406,
        0.7126574516296387,
        0.628765881061554,
        0.592564582824707,
        0.6268535256385803,
        0.6940053701400757,
        0.6409496068954468,
        0.6087142825126648,
        0.6397912502288818,
        0.6744317412376404,
        0.5981007814407349,
        0.5791812539100647,
        0.5683194994926453,
        0.6562832593917847,
        0.6648964881896973,
        0.5896824598312378,
        0.6213321685791016,
        0.6562066674232483,
        0.5668681859970093,
        0.574394166469574,
        0.5715495944023132,
        0.6791030764579773,
        0.6339317560195923,
        0.6055163741111755,
        0.595922589302063,
        0.6634321212768555,
        0.5975624322891235,
        0.5493927597999573,
        0.6057461500167847,
        0.6278459429740906,
        0.6120339632034302,
        0.5980769395828247,
        0.633145809173584,
        0.6348730325698853,
        0.5657007098197937,
        0.6055940389633179,
        0.6970431208610535,
        0.6531621813774109,
        0.6355535387992859,
        0.6252610683441162,
        0.6356260180473328,
        0.6734048128128052,
        0.7680801749229431,
        0.6743053197860718
    ],
    "MSE": [
        0.008741470053792,
        0.024863457307219505,
        0.029857702553272247,
        0.025891577824950218,
        0.020377691835165024,
        0.02231549471616745,
        0.036646775901317596,
        0.03936178237199783,
        0.03835510462522507,
        0.02505212277173996,
        0.0296600591391325,
        0.030420031398534775,
        0.026419401168823242,
        0.027471354231238365,
        0.0420607328414917,
        0.04315079748630524,
        0.045949049293994904,
        0.03830554708838463,
        0.029942674562335014,
        0.03422836586833,
        0.03245892375707626,
        0.03481902927160263,
        0.04488915205001831,
        0.041192762553691864,
        0.04342952370643616,
        0.035285834223032,
        0.03490644693374634,
        0.03016028366982937,
        0.03394995257258415,
        0.034021519124507904,
        0.039031606167554855,
        0.043624669313430786,
        0.034729909151792526,
        0.03577251359820366,
        0.04084154963493347,
        0.036225825548172,
        0.030075863003730774,
        0.02847619168460369,
        0.03931145370006561,
        0.03195389732718468,
        0.024567043408751488,
        0.030374621972441673,
        0.03335195779800415,
        0.029139218851923943,
        0.02516011893749237,
        0.021894102916121483,
        0.01550317369401455,
        0.020177392289042473
    ],
    "LPIPS": [
        0.18554186820983887,
        0.29248619079589844,
        0.31406572461128235,
        0.2911200523376465,
        0.24665868282318115,
        0.20749279856681824,
        0.29596883058547974,
        0.38518208265304565,
        0.4188360571861267,
        0.3293662965297699,
        0.3256106972694397,
        0.33980852365493774,
        0.35082828998565674,
        0.28087374567985535,
        0.3451637625694275,
        0.37949275970458984,
        0.410226970911026,
        0.35037851333618164,
        0.3538765013217926,
        0.3995994031429291,
        0.36720407009124756,
        0.3346613645553589,
        0.4051326513290405,
        0.4061926007270813,
        0.3894508481025696,
        0.3294115662574768,
        0.4013449549674988,
        0.3879861533641815,
        0.38341066241264343,
        0.36463862657546997,
        0.36840134859085083,
        0.3951522409915924,
        0.3534279465675354,
        0.34077906608581543,
        0.3710986375808716,
        0.4280308485031128,
        0.36306819319725037,
        0.35110175609588623,
        0.3583533763885498,
        0.33280932903289795,
        0.32566311955451965,
        0.2925999164581299,
        0.3506276309490204,
        0.3974538743495941,
        0.3342204689979553,
        0.27053582668304443,
        0.24409472942352295,
        0.3028313219547272
    ],
    "complexity": {
        "normal_roughness": [
            0.06636117398738861,
            0.053223736584186554,
            0.05547260493040085,
            0.06307075917720795,
            0.06336283683776855,
            0.056609634310007095,
            0.044395528733730316,
            0.04297947138547897,
            0.041164010763168335,
            0.04962117597460747,
            0.059775546193122864,
            0.0664844661951065,
            0.06336021423339844,
            0.053155358880758286,
            0.03782331198453903,
            0.04245372861623764,
            0.044025857001543045,
            0.03326679393649101,
            0.044920433312654495,
            0.059965506196022034,
            0.05045196786522865,
            0.04388010501861572,
            0.04904789477586746,
            0.05315174162387848,
            0.05006309598684311,
            0.03826329484581947,
            0.04692516848444939,
            0.052913449704647064,
            0.04338473081588745,
            0.03840981423854828,
            0.0459747277200222,
            0.05932927876710892,
            0.06165973097085953,
            0.05200059711933136,
            0.03824002668261528,
            0.04438918083906174,
            0.04296626150608063,
            0.05040857940912247,
            0.06029888987541199,
            0.06713049113750458,
            0.06514440476894379,
            0.054860521107912064,
            0.046000778675079346,
            0.04073140770196915,
            0.05625807121396065,
            0.06668134033679962,
            0.06397359073162079,
            0.05280565470457077
        ],