{"PSNR": [21.727845668792725, 18.55157732963562, 14.529033899307251, 15.224714279174805, 19.0849769115448, 17.739135026931763, 18.837803602218628, 18.542717695236206, 13.981138467788696, 12.655704021453857, 13.29599142074585, 16.112531423568726, 17.960424423217773, 15.344587564468384, 15.965895652770996, 18.610069751739502, 15.746527910232544, 12.667940855026245, 12.365695238113403, 14.29721474647522, 14.599488973617554, 14.496076107025146, 15.624788999557495, 19.19089674949646, 13.98120403289795, 12.653493881225586, 13.416692018508911, 16.558221578598022, 15.183531045913696, 13.63879680633545, 14.049227237701416, 15.517572164535522, 17.892321348190308, 14.076181650161743, 13.6864173412323, 15.51231861114502, 13.8687002658844, 13.493777513504028, 14.00600790977478, 15.56209921836853, 17.66132116317749, 15.230406522750854, 15.975552797317505, 16.25892162322998, 14.119541645050049, 14.527890682220459, 16.602619886398315, 16.348389387130737], "SSIM": [0.8840803503990173, 0.781609058380127, 0.6406511664390564, 0.7072768211364746, 0.8072513341903687, 0.7543163299560547, 0.7658529281616211, 0.7832144498825073, 0.6175733804702759, 0.5548700094223022, 0.610975444316864, 0.7509390711784363, 0.806219220161438, 0.6571598052978516, 0.6724903583526611, 0.765448808670044, 0.6923673152923584, 0.5578036308288574, 0.5603079795837402, 0.6854441165924072, 0.6440814137458801, 0.5910190939903259, 0.665446937084198, 0.7967772483825684, 0.6240734457969666, 0.5959069132804871, 0.6343164443969727, 0.7949034571647644, 0.7027773857116699, 0.5734544992446899, 0.5794074535369873, 0.6675629615783691, 0.7777025699615479, 0.6728535890579224, 0.6650447249412537, 0.7396268844604492, 0.6295238733291626, 0.5852388739585876, 0.6128708124160767, 0.7201822996139526, 0.8006543517112732, 0.728550374507904, 0.7510228157043457, 0.7882671356201172, 0.662635326385498, 0.6918683052062988, 0.7970208525657654, 0.7867774963378906], "MSE": [0.006717621348798275, 0.013958616182208061, 0.03524492681026459, 0.030028149485588074, 0.012345319613814354, 0.016830092296004295, 0.013068318367004395, 0.013987120240926743, 0.039983998984098434, 0.05425373837351799, 0.04681670665740967, 0.024476369842886925, 0.015994016081094742, 0.0292106531560421, 0.02531689964234829, 0.01377187855541706, 0.026628535240888596, 0.05410107970237732, 0.058000337332487106, 0.03717736154794693, 0.03467777371406555, 0.035513415932655334, 0.02738552913069725, 0.012047871015965939, 0.03998338431119919, 0.05428135395050049, 0.04553347826004028, 0.022089090198278427, 0.030314255505800247, 0.04326337203383446, 0.03936201333999634, 0.028070028871297836, 0.016246803104877472, 0.03911846503615379, 0.04279157519340515, 0.02810399979352951, 0.04103269428014755, 0.04473240301012993, 0.039755679666996, 0.027783703058958054, 0.01713435910642147, 0.02998882345855236, 0.02526066266000271, 0.02366507053375244, 0.03872985765337944, 0.03525420278310776, 0.021864425390958786, 0.023182546719908714], "LPIPS": [0.1481485366821289, 0.27662673592567444, 0.33638274669647217, 0.3323221206665039, 0.23639127612113953, 0.27141839265823364, 0.2572479248046875, 0.25986286997795105, 0.3504011034965515, 0.37833088636398315, 0.3504731059074402, 0.29843148589134216, 0.2723901867866516, 0.3599895238876343, 0.34373876452445984, 0.24875646829605103, 0.32307595014572144, 0.3911063075065613, 0.39243263006210327, 0.3276089131832123, 0.36908164620399475, 0.3811906576156616, 0.33245977759361267, 0.207164004445076, 0.36485469341278076, 0.38260793685913086, 0.3572699725627899, 0.2777858376502991, 0.3078475296497345, 0.3889721632003784, 0.3771948218345642, 0.3264967203140259, 0.2549368739128113, 0.33383625745773315, 0.35333579778671265, 0.30708640813827515, 0.33692002296447754, 0.38882842659950256, 0.3617800772190094, 0.3000710606575012, 0.2101023644208908, 0.259382426738739, 0.28117644786834717, 0.28232869505882263, 0.32212361693382263, 0.31069618463516235, 0.23271402716636658, 0.2792123556137085]}