{"PSNR": [22.027132511138916, 18.299468755722046, 16.247929334640503, 18.003231287002563, 18.47991704940796, 17.714425325393677, 17.548211812973022, 18.346991539001465, 15.19808292388916, 15.366894006729126, 16.55404567718506, 18.68634343147278, 17.872308492660522, 16.53222918510437, 16.58712863922119, 17.48720645904541, 16.36531114578247, 15.059171915054321, 15.355769395828247, 16.377791166305542, 16.501784324645996, 15.985633134841919, 16.617071628570557, 18.615686893463135, 15.480259656906128, 15.179868936538696, 15.053421258926392, 18.023465871810913, 17.32210397720337, 15.957555770874023, 16.38503909111023, 17.595525979995728, 16.673730611801147, 15.991483926773071, 15.427038669586182, 15.634924173355103, 16.579720973968506, 16.564044952392578, 17.43471622467041, 18.177881240844727, 17.428665161132812, 17.14765429496765, 16.509615182876587, 19.415903091430664, 17.87530779838562, 19.148231744766235, 19.39509153366089, 18.921489715576172], "SSIM": [0.9032142162322998, 0.8150851130485535, 0.7286927103996277, 0.7911057472229004, 0.8009012937545776, 0.7435700297355652, 0.7660785913467407, 0.8038066625595093, 0.6850595474243164, 0.6624836921691895, 0.7246168851852417, 0.8258074522018433, 0.7726470232009888, 0.6962949633598328, 0.6776475310325623, 0.768363356590271, 0.7494098544120789, 0.6542052626609802, 0.6557209491729736, 0.7120598554611206, 0.690135657787323, 0.6380462646484375, 0.6820211410522461, 0.8064783811569214, 0.7032085657119751, 0.6401783227920532, 0.6488339900970459, 0.7818982005119324, 0.7309829592704773, 0.6546724438667297, 0.6514669060707092, 0.7388655543327332, 0.7573965787887573, 0.7059402465820312, 0.6614555716514587, 0.6909257769584656, 0.6849439144134521, 0.6673659086227417, 0.7149688601493835, 0.7905958890914917, 0.7792463302612305, 0.7485741972923279, 0.7232098579406738, 0.8086516261100769, 0.7377969622612, 0.7926566004753113, 0.8379151225090027, 0.7978529334068298], "MSE": [0.006270275916904211, 0.014792892150580883, 0.023725053295493126, 0.01583714783191681, 0.014190847985446453, 0.016926124691963196, 0.017586473375558853, 0.014631903730332851, 0.030212854966521263, 0.029061010107398033, 0.022110342979431152, 0.013532113283872604, 0.01632184535264969, 0.02222169004380703, 0.02194255404174328, 0.017835259437561035, 0.02309238910675049, 0.03119485080242157, 0.02913554571568966, 0.023026129230856895, 0.022378018125891685, 0.02520209550857544, 0.021791791543364525, 0.013754073530435562, 0.02831222675740719, 0.030339833348989487, 0.031236182898283005, 0.015763530507683754, 0.018526338040828705, 0.0253655593842268, 0.02298772893846035, 0.017395926639437675, 0.021509334444999695, 0.025168169289827347, 0.028661323711276054, 0.027321694418787956, 0.02198001556098461, 0.022059490904211998, 0.018052129074931145, 0.015212900005280972, 0.01807730458676815, 0.019285663962364197, 0.02233770489692688, 0.011439567431807518, 0.01631057634949684, 0.012166813015937805, 0.011494522914290428, 0.012818912044167519], "LPIPS": [0.13903532922267914, 0.2260686755180359, 0.302762508392334, 0.24167966842651367, 0.21783937513828278, 0.3053596615791321, 0.258910596370697, 0.2461930215358734, 0.35560035705566406, 0.3655354976654053, 0.30985724925994873, 0.2218860536813736, 0.26388120651245117, 0.33342331647872925, 0.339096337556839, 0.26512670516967773, 0.3068472743034363, 0.3649789094924927, 0.36314472556114197, 0.32521289587020874, 0.33475083112716675, 0.37857621908187866, 0.3521939814090729, 0.2488471269607544, 0.3474345803260803, 0.38594910502433777, 0.3610374927520752, 0.25372016429901123, 0.32471728324890137, 0.3664827048778534, 0.3720472455024719, 0.27165353298187256, 0.29139840602874756, 0.3577640652656555, 0.361356258392334, 0.3194998502731323, 0.3444737195968628, 0.34608763456344604, 0.3115265667438507, 0.2551412880420685, 0.2697133421897888, 0.2965090274810791, 0.29069310426712036, 0.24551890790462494, 0.28323668241500854, 0.26947712898254395, 0.21143239736557007, 0.21687203645706177]}