{
    "PSNR": [
        21.990160942077637,
        17.85942554473877,
        15.560871362686157,
        16.273876428604126,
        18.704252243041992,
        18.907915353775024,
        19.006766080856323,
        16.31803274154663,
        14.888834953308105,
        14.606664180755615,
        15.348703861236572,
        17.602192163467407,
        17.817540168762207,
        17.291070222854614,
        18.030271530151367,
        19.523634910583496,
        15.198959112167358,
        14.354512691497803,
        14.887566566467285,
        16.549028158187866,
        16.325515508651733,
        16.627036333084106,
        17.183773517608643,
        17.596805095672607,
        14.775868654251099,
        14.863169193267822,
        16.3141930103302,
        17.971686124801636,
        16.102038621902466,
        16.012439727783203,
        15.8663809299469,
        16.480613946914673,
        16.62250280380249,
        15.710340738296509,
        15.914336442947388,
        18.16634178161621,
        15.773429870605469,
        15.76249361038208,
        15.554262399673462,
        17.400745153427124,
        18.821988105773926,
        17.47190237045288,
        17.842426300048828,
        16.65132164955139,
        15.929415225982666,
        16.631572246551514,
        19.624184370040894,
        16.64252758026123
    ],
    "SSIM": [
        0.8880171775817871,
        0.740020751953125,
        0.6211902499198914,
        0.6592130064964294,
        0.7510549426078796,
        0.7503476142883301,
        0.7400040626525879,
        0.6801058053970337,
        0.6221933364868164,
        0.5617141723632812,
        0.6106554269790649,
        0.7435758113861084,
        0.7414134740829468,
        0.6693743467330933,
        0.6963547468185425,
        0.7619222402572632,
        0.6672282218933105,
        0.5808561444282532,
        0.5839775204658508,
        0.6922935247421265,
        0.6469363570213318,
        0.6395823359489441,
        0.6624923944473267,
        0.7533655166625977,
        0.635604739189148,
        0.5967740416526794,
        0.6727542877197266,
        0.7710957527160645,
        0.6628464460372925,
        0.6122671961784363,
        0.6106184720993042,
        0.6696354746818542,
        0.7266868352890015,
        0.6622452139854431,
        0.6671996116638184,
        0.7845715284347534,
        0.6256319284439087,
        0.6015518307685852,
        0.611339807510376,
        0.7200948596000671,
        0.8027119636535645,
        0.7585765719413757,
        0.7695245742797852,
        0.7023414969444275,
        0.6377397775650024,
        0.6603503227233887,
        0.8311412334442139,
        0.7192233800888062
    ],
    "MSE": [
        0.00632388424128294,
        0.01637033000588417,
        0.02779155969619751,
        0.023583725094795227,
        0.013476426713168621,
        0.012859037145972252,
        0.01256965845823288,
        0.023345157504081726,
        0.032442670315504074,
        0.03462051972746849,
        0.029182981699705124,
        0.017369244247674942,
        0.016528978943824768,
        0.01865920051932335,
        0.015738844871520996,
        0.011159291490912437,
        0.03020676039159298,
        0.03669009357690811,
        0.03245214372873306,
        0.0221359021961689,
        0.02330496534705162,
        0.021741848438978195,
        0.019125940278172493,
        0.017390795052051544,
        0.033297620713710785,
        0.03263495862483978,
        0.0233658067882061,
        0.015952598303556442,
        0.02453557215631008,
        0.02504701539874077,
        0.02590370737016201,
        0.022487372159957886,
        0.02176455222070217,
        0.026851339265704155,
        0.025619249790906906,
        0.015253372490406036,
        0.02646409347653389,
        0.02653082273900509,
        0.027833878993988037,
        0.018193889409303665,
        0.01311599649488926,
        0.01789822243154049,
        0.01643453910946846,
        0.021620607003569603,
        0.02553044818341732,
        0.021719148382544518,
        0.010903893038630486,
        0.02166443131864071
    ],
    "LPIPS": [
        0.17705848813056946,
        0.217007115483284,
        0.34464579820632935,
        0.29117488861083984,
        0.2558528184890747,
        0.2518499493598938,
        0.26638177037239075,
        0.2832412123680115,
        0.35997867584228516,
        0.3879791498184204,
        0.36288848519325256,
        0.253052681684494,
        0.2611047923564911,
        0.3189496397972107,
        0.29902318120002747,
        0.2741909623146057,
        0.320819616317749,
        0.37446707487106323,
        0.3705800175666809,
        0.28758618235588074,
        0.2938210964202881,
        0.354714035987854,
        0.3316654860973358,
        0.2996518313884735,
        0.329956591129303,
        0.35282832384109497,
        0.3214157223701477,
        0.2700580656528473,
        0.31644362211227417,
        0.37077730894088745,
        0.3891780972480774,
        0.32659608125686646,
        0.29856550693511963,
        0.3034207224845886,
        0.2888248860836029,
        0.29265105724334717,
        0.3736877143383026,
        0.3852621614933014,
        0.37702736258506775,
        0.24718424677848816,
        0.21299344301223755,
        0.2676049470901489,
        0.27358293533325195,
        0.2661610543727875,
        0.3627959191799164,
        0.30342862010002136,
        0.20719841122627258,
        0.2587743401527405
    ],
    "complexity": {
        "normal_roughness": [
            0.048904310911893845,
            0.05268187075853348,
            0.06476996839046478,
            0.061352185904979706,
            0.04318448156118393,
            0.03852815181016922,
            0.03872162848711014,
            0.05009286478161812,
            0.06166808307170868,
            0.06499481946229935,
            0.06265706568956375,
            0.05232125148177147,
            0.03600553423166275,
            0.045461803674697876,
            0.04823203384876251,
            0.03398630768060684,
            0.05210568755865097,
            0.06566105782985687,
            0.06278161704540253,
            0.04956310987472534,
            0.05128604173660278,
            0.056933119893074036,
            0.05192204564809799,
            0.03361202031373978,
            0.05231732875108719,
            0.057480402290821075,
            0.05056846886873245,
            0.03252268210053444,
            0.05142931267619133,
            0.06247542425990105,
            0.06222426891326904,
            0.05297473818063736,
            0.03735721483826637,
            0.04667222499847412,
            0.049723803997039795,
            0.0344061404466629,
            0.060718752443790436,
            0.0665159821510315,
            0.06122974678874016,
            0.05169818922877312,
            0.04122849553823471,
            0.041596610099077225,
            0.03739875927567482,
            0.04910433664917946,
            0.06244709715247154,
            0.06061536818742752,
            0.04805196076631546,
            0.05305999889969826
        ],