{
    "PSNR": [
        20.62140703201294,
        17.252720594406128,
        18.083927631378174,
        19.015861749649048,
        18.77456307411194,
        17.97713279724121,
        16.37912154197693,
        16.071147918701172,
        17.34518051147461,
        18.30984592437744,
        17.499018907546997,
        16.87559723854065,
        16.25955820083618,
        17.83548593521118,
        16.518681049346924,
        15.66939115524292,
        15.871878862380981,
        18.504981994628906,
        17.68688678741455,
        16.224918365478516,
        17.296167612075806,
        16.202986240386963,
        16.071821451187134,
        15.52865982055664,
        17.90511965751648,
        17.763991355895996,
        16.242599487304688,
        15.46979308128357,
        15.127187967300415,
        18.255527019500732,
        15.968172550201416,
        15.781588554382324,
        16.802912950515747,
        17.738345861434937,
        16.191598176956177,
        15.33832311630249,
        16.616467237472534,
        16.13468885421753,
        15.9615957736969,
        16.161322593688965,
        16.55017614364624,
        16.1301851272583,
        15.665761232376099,
        15.299140214920044,
        16.648588180541992,
        16.097700595855713,
        16.174768209457397,
        15.574374198913574
    ],
    "SSIM": [
        0.852638840675354,
        0.6831725835800171,
        0.7125339508056641,
        0.7553841471672058,
        0.7460481524467468,
        0.7412254214286804,
        0.656898021697998,
        0.6199552416801453,
        0.6829994916915894,
        0.6904116868972778,
        0.6949009895324707,
        0.6796349287033081,
        0.6487648487091064,
        0.7393960952758789,
        0.6941477656364441,
        0.6202441453933716,
        0.6094673871994019,
        0.6871454119682312,
        0.7046951055526733,
        0.6471515893936157,
        0.6773791313171387,
        0.6842867136001587,
        0.6765477061271667,
        0.6235116720199585,
        0.6907988786697388,
        0.6799181699752808,
        0.6452000141143799,
        0.5975503921508789,
        0.5770363211631775,
        0.7234925627708435,
        0.676825761795044,
        0.6625239253044128,
        0.6837525367736816,
        0.6954178810119629,
        0.6658036112785339,
        0.5930988788604736,
        0.6697936058044434,
        0.6840307116508484,
        0.6948942542076111,
        0.6984664797782898,
        0.705657958984375,
        0.6945363283157349,
        0.6614730358123779,
        0.5946391820907593,
        0.6985744833946228,
        0.7099466323852539,
        0.7460408210754395,
        0.6657743453979492
    ],
    "MSE": [
        0.008666811510920525,
        0.01882469654083252,
        0.015545591711997986,
        0.012543360702693462,
        0.01326000690460205,
        0.015932606533169746,
        0.023019075393676758,
        0.024710705503821373,
        0.01842815987765789,
        0.014757588505744934,
        0.017786819487810135,
        0.020532427355647087,
        0.02366160973906517,
        0.01646081730723381,
        0.022291123867034912,
        0.02710571698844433,
        0.02587093971669674,
        0.014109178446233273,
        0.01703379675745964,
        0.02385108731687069,
        0.018637310713529587,
        0.02397184446454048,
        0.024706881493330002,
        0.027998458594083786,
        0.01619899272918701,
        0.016734041273593903,
        0.02375418320298195,
        0.02838054858148098,
        0.03071010485291481,
        0.014943326823413372,
        0.025303632020950317,
        0.026414429768919945,
        0.020878955721855164,
        0.01683315448462963,
        0.024034783244132996,
        0.02925281785428524,
        0.021794818341732025,
        0.024351805448532104,
        0.025341972708702087,
        0.024202918633818626,
        0.022130049765110016,
        0.02437707409262657,
        0.02712838165462017,
        0.029517939314246178,
        0.021634221076965332,
        0.024560093879699707,
        0.024128107354044914,
        0.02770528569817543
    ],
    "LPIPS": [
        0.1521032601594925,
        0.33470165729522705,
        0.3345784544944763,
        0.2848881185054779,
        0.2820000648498535,
        0.2615838646888733,
        0.34889841079711914,
        0.3613242506980896,
        0.34719517827033997,
        0.3323577642440796,
        0.3527194857597351,
        0.3677888810634613,
        0.36924970149993896,
        0.2619875371456146,
        0.31699880957603455,
        0.370707631111145,
        0.3698046803474426,
        0.337898313999176,
        0.34687340259552,
        0.38456135988235474,
        0.3675220012664795,
        0.3408624231815338,
        0.33826154470443726,
        0.34840330481529236,
        0.35129356384277344,
        0.3676128089427948,
        0.3669803738594055,
        0.40357285737991333,
        0.4034876227378845,
        0.30423691868782043,
        0.39019399881362915,
        0.3746243119239807,
        0.28656205534935,
        0.3277149200439453,
        0.3494117259979248,
        0.402499794960022,
        0.35926690697669983,
        0.32670411467552185,
        0.3559657037258148,
        0.3379167914390564,
        0.3078296184539795,
        0.3217390775680542,
        0.3581397235393524,
        0.3910169005393982,
        0.3364403247833252,
        0.3331790566444397,
        0.2856777310371399,
        0.34720033407211304
    ],
    "complexity": {
        "normal_roughness": [
            0.05388389527797699,
            0.06544794142246246,
            0.05673879384994507,
            0.04749268293380737,
            0.03922847658395767,
            0.05414183810353279,
            0.06352487206459045,
            0.06818480789661407,
            0.06024329364299774,
            0.04868187755346298,
            0.038819603621959686,
            0.04123806208372116,
            0.04383013769984245,
            0.04231873154640198,
            0.05566117912530899,
            0.06517307460308075,
            0.059265345335006714,
            0.047628503292798996,
            0.03918398916721344,
            0.050082430243492126,
            0.0423358678817749,
            0.03736063838005066,
            0.05354063957929611,
            0.05890139564871788,
            0.04629111289978027,
            0.038799040019512177,
            0.05430562049150467,
            0.05819901451468468,
            0.05846376717090607,
            0.045629654079675674,
            0.03893430531024933,
            0.04922958463430405,
            0.04658946394920349,
            0.04872612655162811,
            0.056409165263175964,
            0.0665825605392456,
            0.06074592098593712,
            0.05010152608156204,
            0.040326014161109924,
            0.03834034875035286,
            0.04028245061635971,
            0.05312628298997879,
            0.06505384296178818,
            0.06476867198944092,
            0.05879578739404678,
            0.04658552259206772,
            0.055851224809885025,
            0.06556927412748337
        ],