{
    "PSNR": [
        20.83935022354126,
        18.23001503944397,
        15.363714694976807,
        15.608398914337158,
        18.24283242225647,
        17.067394256591797,
        17.878438234329224,
        18.445862531661987,
        15.689117908477783,
        14.603735208511353,
        15.103967189788818,
        16.29646897315979,
        18.028380870819092,
        15.893992185592651,
        16.287004947662354,
        17.87849187850952,
        18.273627758026123,
        14.627078771591187,
        14.051283597946167,
        15.592963695526123,
        15.685824155807495,
        15.324006080627441,
        16.310036182403564,
        17.989954948425293,
        16.00243330001831,
        13.92088532447815,
        14.639060497283936,
        15.856698751449585,
        16.304737329483032,
        15.180774927139282,
        15.481730699539185,
        16.76578164100647,
        19.98275876045227,
        14.814615249633789,
        14.269728660583496,
        15.830185413360596,
        15.301610231399536,
        15.226372480392456,
        15.769535303115845,
        17.0728862285614,
        17.343965768814087,
        15.111950635910034,
        15.780940055847168,
        15.899945497512817,
        15.492520332336426,
        16.162824630737305,
        16.67973756790161,
        16.377216577529907
    ],
    "SSIM": [
        0.873131513595581,
        0.8099040389060974,
        0.6732120513916016,
        0.7244061231613159,
        0.7929297685623169,
        0.7112640142440796,
        0.7434492111206055,
        0.7895673513412476,
        0.6831129789352417,
        0.6267954111099243,
        0.6798245906829834,
        0.7833932638168335,
        0.8280105590820312,
        0.6608706712722778,
        0.6515802145004272,
        0.7525409460067749,
        0.7826427221298218,
        0.6262630224227905,
        0.611341655254364,
        0.7179611921310425,
        0.6806950569152832,
        0.6057199239730835,
        0.6730036735534668,
        0.7658424377441406,
        0.6808890104293823,
        0.6192341446876526,
        0.6474230289459229,
        0.7654282450675964,
        0.7648781538009644,
        0.627267599105835,
        0.6250866651535034,
        0.715368926525116,
        0.7998999953269958,
        0.6536897420883179,
        0.6431549787521362,
        0.7233735918998718,
        0.6834477186203003,
        0.6378583312034607,
        0.6679606437683105,
        0.7587155103683472,
        0.7655396461486816,
        0.7019378542900085,
        0.7332948446273804,
        0.7710370421409607,
        0.6999839544296265,
        0.7342089414596558,
        0.7799143195152283,
        0.7972242832183838
    ],
    "MSE": [
        0.008242616429924965,
        0.015031367540359497,
        0.0290822871029377,
        0.027489081025123596,
        0.01498707290738821,
        0.019645389169454575,
        0.016298819333314896,
        0.014302561990916729,
        0.026982877403497696,
        0.034643881022930145,
        0.030874744057655334,
        0.0234613548964262,
        0.015745699405670166,
        0.02573954313993454,
        0.02351253852248192,
        0.016298620030283928,
        0.014881176874041557,
        0.03445816785097122,
        0.03934337943792343,
        0.027586951851844788,
        0.027003344148397446,
        0.029349414631724358,
        0.023388175293803215,
        0.01588563434779644,
        0.025104794651269913,
        0.0405425950884819,
        0.03436323255300522,
        0.02596152201294899,
        0.023416731506586075,
        0.03033350221812725,
        0.028302647173404694,
        0.021058227866888046,
        0.010039782151579857,
        0.033001866191625595,
        0.037413403391838074,
        0.026120498776435852,
        0.029501155018806458,
        0.030016688629984856,
        0.026487838476896286,
        0.019620563834905624,
        0.01843331754207611,
        0.03081803023815155,
        0.026418369263410568,
        0.025704285129904747,
        0.02823241613805294,
        0.02419454976916313,
        0.02147960290312767,
        0.023029174655675888
    ],
    "LPIPS": [
        0.1339319944381714,
        0.2844344973564148,
        0.3297763466835022,
        0.3218272924423218,
        0.23257771134376526,
        0.23728758096694946,
        0.2756752371788025,
        0.2749289870262146,
        0.3306417465209961,
        0.3384665250778198,
        0.3543345332145691,
        0.2916817367076874,
        0.19983400404453278,
        0.2947552502155304,
        0.3189965784549713,
        0.30855774879455566,
        0.2761033773422241,
        0.3431876599788666,
        0.35910356044769287,
        0.35867786407470703,
        0.3053382635116577,
        0.34784555435180664,
        0.35289740562438965,
        0.2618677616119385,
        0.29691407084465027,
        0.3570614457130432,
        0.356160968542099,
        0.2751171886920929,
        0.30926966667175293,
        0.339810848236084,
        0.35160645842552185,
        0.337691068649292,
        0.20675316452980042,
        0.34352073073387146,
        0.32535555958747864,
        0.32986852526664734,
        0.34968557953834534,
        0.34409868717193604,
        0.3305971324443817,
        0.28651243448257446,
        0.22878366708755493,
        0.2946512997150421,
        0.2931051552295685,
        0.2703292965888977,
        0.3061809539794922,
        0.28814810514450073,
        0.1976248025894165,
        0.24129945039749146
    ],
    "complexity": {
        "normal_roughness": [
            0.0368017740547657,
            0.04068765789270401,
            0.053278036415576935,
            0.048809029161930084,
            0.04091808199882507,
            0.0526009202003479,
            0.05111416429281235,
            0.039205875247716904,
            0.0523521825671196,
            0.06621038913726807,
            0.05914624407887459,
            0.04032884165644646,
            0.03388103470206261,
            0.053879931569099426,
            0.062138743698596954,
            0.05062896013259888,
            0.04142889380455017,
            0.06370619684457779,
            0.06460586190223694,
            0.05636831372976303,
            0.04987409710884094,
            0.06608359515666962,
            0.062389396131038666,
            0.045323848724365234,
            0.050250131636857986,
            0.06482064723968506,
            0.06622734665870667,
            0.04551510512828827,
            0.039771419018507004,
            0.06191784143447876,
            0.06783744692802429,
            0.05712892860174179,
            0.039147716015577316,
            0.05503698065876961,
            0.06466580927371979,
            0.05092517286539078,
            0.05137811228632927,
            0.06357386708259583,
            0.06028714403510094,
            0.04397615045309067,
            0.045613233000040054,
            0.05265478789806366,
            0.05082041025161743,
            0.04031602293252945,
            0.05136844515800476,
            0.051321227103471756,
            0.037899404764175415,
            0.03794567286968231
        ],