{
    "PSNR": [
        21.271474361419678,
        16.853257417678833,
        15.414814949035645,
        17.27061152458191,
        16.954408884048462,
        17.418642044067383,
        16.95711374282837,
        14.73685622215271,
        14.445635080337524,
        15.736054182052612,
        16.324961185455322,
        16.263715028762817,
        15.802104473114014,
        16.465532779693604,
        16.494762897491455,
        15.402287244796753,
        13.840793371200562,
        14.681756496429443,
        14.70476746559143,
        15.70725679397583,
        15.723360776901245,
        16.19975447654724,
        18.267606496810913,
        14.632211923599243,
        13.927276134490967,
        15.0654935836792,
        15.631630420684814,
        15.382862091064453,
        15.683159828186035,
        15.664690732955933,
        16.32267475128174,
        16.107571125030518,
        13.918637037277222,
        15.207452774047852,
        15.344347953796387,
        16.0000479221344,
        15.572969913482666,
        15.707398653030396,
        16.27605438232422,
        15.024040937423706,
        14.773446321487427,
        16.303616762161255,
        16.791973114013672,
        15.917578935623169,
        15.29147982597351,
        15.433012247085571,
        16.659191846847534,
        16.114331483840942
    ],
    "SSIM": [
        0.8827548027038574,
        0.729229211807251,
        0.6674231290817261,
        0.7204151153564453,
        0.7070342898368835,
        0.7418249845504761,
        0.726793646812439,
        0.6453276872634888,
        0.6163522005081177,
        0.6754833459854126,
        0.6894296407699585,
        0.6663488149642944,
        0.642121434211731,
        0.6726054549217224,
        0.7008559107780457,
        0.6782681345939636,
        0.5772086977958679,
        0.6227493286132812,
        0.6056649684906006,
        0.6996936202049255,
        0.6267567276954651,
        0.6646045446395874,
        0.7629398107528687,
        0.6416261196136475,
        0.5884913206100464,
        0.6490768194198608,
        0.668294370174408,
        0.6267511248588562,
        0.6344642043113708,
        0.6318968534469604,
        0.6755485534667969,
        0.718500018119812,
        0.5861320495605469,
        0.6634925603866577,
        0.6716932058334351,
        0.7001835703849792,
        0.627407431602478,
        0.6534949541091919,
        0.6999696493148804,
        0.6623530387878418,
        0.6562230587005615,
        0.7160235643386841,
        0.7302402853965759,
        0.683304488658905,
        0.6391558647155762,
        0.6744961738586426,
        0.7497953176498413,
        0.7001631259918213
    ],
    "MSE": [
        0.007461953908205032,
        0.020638316869735718,
        0.028742104768753052,
        0.01874731108546257,
        0.02016318589448929,
        0.018119066953659058,
        0.02015063166618347,
        0.03359808027744293,
        0.035928286612033844,
        0.0266928281635046,
        0.023307939991354942,
        0.023638969287276268,
        0.026289943605661392,
        0.02256559580564499,
        0.022414227947592735,
        0.02882513403892517,
        0.04129720479249954,
        0.03402705490589142,
        0.033847250044345856,
        0.02687041461467743,
        0.02677096053957939,
        0.023989692330360413,
        0.014901824295520782,
        0.03441746160387993,
        0.04048297554254532,
        0.031149474903941154,
        0.027342423796653748,
        0.02895434759557247,
        0.027019917964935303,
        0.02713507041335106,
        0.023320218548178673,
        0.02450433373451233,
        0.040563590824604034,
        0.03014773689210415,
        0.029212264344096184,
        0.025118587538599968,
        0.027714243158698082,
        0.026869535446166992,
        0.02357189729809761,
        0.03144821152091026,
        0.033316195011138916,
        0.02342277765274048,
        0.020931614562869072,
        0.025600124150514603,
        0.02957005426287651,
        0.02862192504107952,
        0.021581463515758514,
        0.024466222152113914
    ],
    "LPIPS": [
        0.1469702422618866,
        0.21723991632461548,
        0.3079721927642822,
        0.24863412976264954,
        0.2558301091194153,
        0.23607474565505981,
        0.26924049854278564,
        0.3794487714767456,
        0.3923743963241577,
        0.32357534766197205,
        0.2934368848800659,
        0.31373775005340576,
        0.339221328496933,
        0.3088776469230652,
        0.3321705162525177,
        0.36728599667549133,
        0.4105533957481384,
        0.36795637011528015,
        0.33825916051864624,
        0.33086660504341125,
        0.34256431460380554,
        0.3454667031764984,
        0.23210509121418,
        0.36396485567092896,
        0.38184723258018494,
        0.3387133479118347,
        0.3173377215862274,
        0.36619579792022705,
        0.3565128743648529,
        0.3470514118671417,
        0.31906819343566895,
        0.2875235676765442,
        0.3833327889442444,
        0.3500152826309204,
        0.2883874177932739,
        0.3087647557258606,
        0.3978690803050995,
        0.3862823247909546,
        0.32797423005104065,
        0.3366861939430237,
        0.32394158840179443,
        0.2510715425014496,
        0.26425349712371826,
        0.3314847946166992,
        0.37555021047592163,
        0.3118407428264618,
        0.2788354158401489,
        0.2796476483345032
    ],
    "complexity": {
        "normal_roughness": [
            0.06324252486228943,
            0.053948912769556046,
            0.045051198452711105,
            0.052360061556100845,
            0.06424802541732788,
            0.06628978252410889,
            0.05719640105962753,
            0.043905191123485565,
            0.040388159453868866,
            0.0388571172952652,
            0.03463061898946762,
            0.05234865844249725,
            0.05746675655245781,
            0.06684704124927521,
            0.05795542150735855,
            0.04405046999454498,
            0.046390630304813385,
            0.05360085517168045,
            0.0458526685833931,
            0.033074937760829926,
            0.057067811489105225,
            0.06105947494506836,
            0.046074241399765015,
            0.03922770917415619,
            0.05775364488363266,
            0.06251590698957443,
            0.048478566110134125,
            0.041331175714731216,
            0.045494455844163895,
            0.05302572622895241,
            0.04738432168960571,
            0.03664795309305191,
            0.05832681432366371,
            0.06680431962013245,
            0.060988835990428925,
            0.04255066439509392,
            0.04017090052366257,
            0.03798808157444,
            0.03144016116857529,
            0.0492214635014534,
            0.06288403272628784,
            0.06614281237125397,
            0.059500906616449356,
            0.043318554759025574,
            0.04591609537601471,
            0.0518067330121994,
            0.0655706375837326,
            0.05425240844488144
        ],