{"PSNR": [20.435292720794678, 17.096372842788696, 16.413705348968506, 15.322318077087402, 15.862387418746948, 16.328413486480713, 14.69566822052002, 15.002944469451904, 18.163301944732666, 15.300060510635376, 14.29224967956543, 14.939757585525513, 14.794812202453613, 16.3058865070343, 15.106508731842041, 14.20600175857544, 15.481419563293457, 16.50104284286499, 14.157874584197998, 14.06132459640503, 15.586810111999512, 16.14059805870056, 14.330931901931763, 14.623111486434937, 16.628533601760864, 15.942550897598267, 13.720734119415283, 14.195188283920288, 14.968177080154419, 16.561557054519653, 14.662109613418579, 14.53407883644104, 15.507110357284546, 17.96496033668518, 14.673620462417603, 13.759742975234985, 18.359323740005493, 15.837582349777222, 14.842880964279175, 15.29698133468628, 17.36261487007141, 17.65869140625, 15.157135725021362, 15.129549503326416, 18.16654682159424, 15.610601902008057, 18.563029766082764, 18.786215782165527], "SSIM": [0.875243067741394, 0.7465262413024902, 0.7473382949829102, 0.7053908109664917, 0.7323665618896484, 0.7160851359367371, 0.6267029047012329, 0.6392316222190857, 0.7976095080375671, 0.6868051290512085, 0.5961200594902039, 0.6358942985534668, 0.6699765920639038, 0.7526130676269531, 0.6257767677307129, 0.5871519446372986, 0.6696021556854248, 0.7614572048187256, 0.5916765928268433, 0.5698997378349304, 0.7454270124435425, 0.6980351209640503, 0.5754756927490234, 0.6148746013641357, 0.7432801127433777, 0.6996961832046509, 0.5508543252944946, 0.6049942970275879, 0.6474080085754395, 0.7195091247558594, 0.5968393683433533, 0.5925437211990356, 0.6754392385482788, 0.7886770963668823, 0.6069775819778442, 0.5573882460594177, 0.7698179483413696, 0.6617782711982727, 0.6065207719802856, 0.6505265235900879, 0.7480387687683105, 0.7522818446159363, 0.6318327784538269, 0.6403735876083374, 0.7603553533554077, 0.6706300973892212, 0.7890450954437256, 0.7743926048278809], "MSE": [0.009046296589076519, 0.019514739513397217, 0.02283649705350399, 0.029360821470618248, 0.02592753991484642, 0.023289423435926437, 0.03391822800040245, 0.03160134702920914, 0.015264054760336876, 0.02951168827712536, 0.037219882011413574, 0.03206448256969452, 0.03315269947052002, 0.02341054007411003, 0.030856680124998093, 0.03796643018722534, 0.02830466628074646, 0.022381838411092758, 0.03838951140642166, 0.03925252705812454, 0.02762606367468834, 0.024318693205714226, 0.03688984736800194, 0.03448966145515442, 0.02173434942960739, 0.025453349575400352, 0.0424547903239727, 0.03806108981370926, 0.03185534104704857, 0.022072136402130127, 0.03418133407831192, 0.03520400822162628, 0.028137724846601486, 0.01597732864320278, 0.03409086912870407, 0.042075157165527344, 0.014590416103601456, 0.026076048612594604, 0.03278777748346329, 0.029532616958022118, 0.018354332074522972, 0.017144735902547836, 0.030499061569571495, 0.030693409964442253, 0.015252647921442986, 0.027475137263536453, 0.01392185315489769, 0.013224475085735321], "LPIPS": [0.17660634219646454, 0.25292548537254333, 0.27837657928466797, 0.32776784896850586, 0.28294700384140015, 0.2787102162837982, 0.3631257116794586, 0.3300766050815582, 0.26540395617485046, 0.3342229425907135, 0.3528679609298706, 0.33418500423431396, 0.32045379281044006, 0.2597850561141968, 0.3342099189758301, 0.3558539152145386, 0.33538517355918884, 0.25146281719207764, 0.39552992582321167, 0.37578439712524414, 0.2986242175102234, 0.29506272077560425, 0.37537485361099243, 0.37481850385665894, 0.26304590702056885, 0.31041914224624634, 0.38113731145858765, 0.38641446828842163, 0.3275601863861084, 0.3176601827144623, 0.371834397315979, 0.3616620600223541, 0.3274727463722229, 0.27640658617019653, 0.35571789741516113, 0.40188607573509216, 0.3055945634841919, 0.34387922286987305, 0.3727993667125702, 0.3550536036491394, 0.26707085967063904, 0.2825819253921509, 0.3775017559528351, 0.3633135259151459, 0.2645966410636902, 0.342626690864563, 0.25915616750717163, 0.23903785645961761]}