{"PSNR": [23.427517414093018, 21.986114978790283, 17.260770797729492, 17.384196519851685, 20.755810737609863, 18.574286699295044, 18.12311291694641, 21.380672454833984, 16.940618753433228, 15.200824737548828, 15.543625354766846, 16.958194971084595, 18.993138074874878, 17.652920484542847, 16.495481729507446, 17.252156734466553, 18.259047269821167, 15.036598443984985, 14.673000574111938, 15.56177020072937, 18.256791830062866, 16.250286102294922, 15.635284185409546, 18.17728281021118, 16.59660577774048, 14.698245525360107, 14.801342487335205, 17.655587196350098, 18.913874626159668, 16.44559144973755, 15.394855737686157, 15.616858005523682, 18.033874034881592, 15.938775539398193, 14.983185529708862, 15.587366819381714, 17.32958436012268, 15.83386778831482, 15.531615018844604, 16.414611339569092, 18.7008798122406, 16.328614950180054, 15.909173488616943, 19.53738570213318, 16.645456552505493, 16.778279542922974, 19.15748953819275, 18.026541471481323], "SSIM": [0.9087762832641602, 0.8535487651824951, 0.724561870098114, 0.7381572127342224, 0.8628243207931519, 0.7598451375961304, 0.7487871050834656, 0.8206170797348022, 0.7212153673171997, 0.6446569561958313, 0.6581734418869019, 0.7496277689933777, 0.8285781741142273, 0.7233888506889343, 0.6775554418563843, 0.7109707593917847, 0.768753707408905, 0.662699818611145, 0.619502604007721, 0.689039945602417, 0.7623247504234314, 0.6576110124588013, 0.6502770781517029, 0.7831681966781616, 0.7391399145126343, 0.6510999202728271, 0.6507230997085571, 0.7841504812240601, 0.8283076286315918, 0.6777485609054565, 0.635441780090332, 0.6823383569717407, 0.808233916759491, 0.734735369682312, 0.6791704893112183, 0.7098996043205261, 0.7495412230491638, 0.6718654632568359, 0.6826767325401306, 0.7634342908859253, 0.8480266332626343, 0.765044093132019, 0.7406264543533325, 0.8526062965393066, 0.7513553500175476, 0.7668166160583496, 0.8610187768936157, 0.834281325340271], "MSE": [0.0045420145615935326, 0.006329778116196394, 0.018789831548929214, 0.01826334558427334, 0.008402702398598194, 0.013885817490518093, 0.01540596317499876, 0.007276671938598156, 0.02022731304168701, 0.030193787068128586, 0.027902137488126755, 0.020145613700151443, 0.01260916143655777, 0.01716753840446472, 0.022410515695810318, 0.01882714033126831, 0.014931222423911095, 0.03135741129517555, 0.034095726907253265, 0.027785807847976685, 0.014938975684344769, 0.023712173104286194, 0.02731942944228649, 0.015214992687106133, 0.021894723176956177, 0.03389810770750046, 0.03310288488864899, 0.017157001420855522, 0.012841405346989632, 0.022669445723295212, 0.028874501585960388, 0.027435585856437683, 0.015725791454315186, 0.025475483387708664, 0.03174545615911484, 0.0276225246489048, 0.018494457006454468, 0.026098359376192093, 0.02797941491007805, 0.022831730544567108, 0.013486902229487896, 0.023288335651159286, 0.025649722665548325, 0.011124012991786003, 0.02164982259273529, 0.02099771797657013, 0.012140907347202301, 0.015752367675304413], "LPIPS": [0.14841574430465698, 0.19368255138397217, 0.27473586797714233, 0.3027166724205017, 0.19041070342063904, 0.26155659556388855, 0.26705339550971985, 0.2171533703804016, 0.29223141074180603, 0.3506353795528412, 0.3651915192604065, 0.28461578488349915, 0.23991569876670837, 0.29666057229042053, 0.35782602429389954, 0.31890031695365906, 0.2776465117931366, 0.35202962160110474, 0.39311572909355164, 0.34894728660583496, 0.266058087348938, 0.366538405418396, 0.3754688501358032, 0.28049206733703613, 0.300848126411438, 0.36018383502960205, 0.3604828119277954, 0.28288984298706055, 0.24449467658996582, 0.3471798300743103, 0.3849935233592987, 0.33377885818481445, 0.2713749408721924, 0.2968173921108246, 0.33483660221099854, 0.3480193018913269, 0.2869987189769745, 0.34152767062187195, 0.33399727940559387, 0.24419359862804413, 0.17977574467658997, 0.24513410031795502, 0.2796574831008911, 0.20394405722618103, 0.27185362577438354, 0.2611618638038635, 0.16543780267238617, 0.22240564227104187]}