{"PSNR": [22.215962409973145, 18.547375202178955, 15.135079622268677, 14.43158745765686, 18.073660135269165, 15.53415298461914, 15.438905954360962, 17.830841541290283, 15.98401665687561, 12.960594892501831, 12.713755369186401, 14.511549472808838, 16.81596040725708, 14.770077466964722, 13.842387199401855, 15.184681415557861, 18.81333351135254, 13.641438484191895, 11.995538473129272, 13.050379753112793, 16.63940191268921, 13.29555630683899, 13.938857316970825, 16.35634183883667, 15.95305323600769, 12.478432655334473, 12.165114879608154, 14.988207817077637, 18.88888120651245, 13.853555917739868, 13.603265285491943, 14.726585149765015, 18.355835676193237, 14.516161680221558, 12.770026922225952, 13.573169708251953, 15.496397018432617, 13.920185565948486, 14.238216876983643, 16.294976472854614, 17.3281466960907, 14.86951231956482, 14.354287385940552, 16.718355417251587, 15.086098909378052, 15.48884630203247, 16.604245901107788, 18.974982500076294], "SSIM": [0.9141740798950195, 0.8497135043144226, 0.7083888053894043, 0.6777557134628296, 0.8180642127990723, 0.6832308769226074, 0.6716307401657104, 0.8134503364562988, 0.7447360754013062, 0.592034637928009, 0.563992977142334, 0.6573079228401184, 0.7474325895309448, 0.6298530101776123, 0.5676618814468384, 0.6457570791244507, 0.8333291411399841, 0.6177952289581299, 0.5243546962738037, 0.551327645778656, 0.7302607297897339, 0.5334598422050476, 0.5497568845748901, 0.7010693550109863, 0.7388473749160767, 0.5586179494857788, 0.5179478526115417, 0.6336979866027832, 0.7893454432487488, 0.5870966911315918, 0.5304335355758667, 0.5945148468017578, 0.8191819190979004, 0.6608928442001343, 0.5731777548789978, 0.5956127047538757, 0.705089807510376, 0.5800803899765015, 0.5809246897697449, 0.6970829367637634, 0.7968229055404663, 0.6896817088127136, 0.6585094332695007, 0.779063880443573, 0.6859822273254395, 0.692935585975647, 0.7934125661849976, 0.8588364124298096], "MSE": [0.00600349111482501, 0.013972125947475433, 0.03065434657037258, 0.03604469448328018, 0.01558238547295332, 0.027963057160377502, 0.0285831056535244, 0.01647843047976494, 0.025211483240127563, 0.050575535744428635, 0.05353335663676262, 0.035387106239795685, 0.020816322416067123, 0.03334204852581024, 0.041282057762145996, 0.030306225642561913, 0.013142156414687634, 0.04323706030845642, 0.06316059827804565, 0.0495406910777092, 0.02168002724647522, 0.04682139679789543, 0.04037516564130783, 0.023140132427215576, 0.025391867384314537, 0.05651409551501274, 0.06074192374944687, 0.03170875832438469, 0.01291552186012268, 0.04117603600025177, 0.04361877962946892, 0.03367763012647629, 0.014602137729525566, 0.03534954786300659, 0.052844204008579254, 0.04392208904027939, 0.02820722386240959, 0.04054912179708481, 0.03768584877252579, 0.02346942573785782, 0.018500585108995438, 0.032587334513664246, 0.03669198974967003, 0.02128945291042328, 0.031002026051282883, 0.028256308287382126, 0.021856240928173065, 0.01266198419034481], "LPIPS": [0.15351881086826324, 0.19909293949604034, 0.32040858268737793, 0.32937729358673096, 0.22473323345184326, 0.289473295211792, 0.2982906699180603, 0.21154366433620453, 0.3081356883049011, 0.3846861720085144, 0.3863523006439209, 0.3310081362724304, 0.27997756004333496, 0.320740282535553, 0.38193267583847046, 0.3312806487083435, 0.22251872718334198, 0.3638255000114441, 0.4190449118614197, 0.39765143394470215, 0.30053454637527466, 0.4050188958644867, 0.3944889307022095, 0.30880817770957947, 0.33040401339530945, 0.3881590664386749, 0.4306703507900238, 0.3480490446090698, 0.23379138112068176, 0.3799900412559509, 0.4099767804145813, 0.3754591941833496, 0.2683620750904083, 0.3331626057624817, 0.3903473913669586, 0.3563694953918457, 0.2866835594177246, 0.3773221969604492, 0.38193613290786743, 0.3109356760978699, 0.2165696620941162, 0.3140026032924652, 0.3111151456832886, 0.24152961373329163, 0.296669602394104, 0.30163460969924927, 0.24780157208442688, 0.22002533078193665]}