{
    "PSNR": [
        20.815701484680176,
        15.50967812538147,
        14.688769578933716,
        15.71422815322876,
        17.7233624458313,
        17.16928720474243,
        15.945031642913818,
        14.441382884979248,
        14.177298545837402,
        14.752932786941528,
        15.35471796989441,
        15.920965671539307,
        16.373409032821655,
        16.790943145751953,
        15.715149641036987,
        14.527133703231812,
        14.146437644958496,
        14.409865140914917,
        15.184000730514526,
        16.11282229423523,
        16.379746198654175,
        15.470986366271973,
        15.330106019973755,
        14.211434125900269,
        14.195749759674072,
        15.05384087562561,
        16.378450393676758,
        15.797431468963623,
        15.97292184829712,
        16.033281087875366,
        14.798502922058105,
        15.764868259429932,
        14.957561492919922,
        14.727749824523926,
        15.737296342849731,
        16.247315406799316,
        15.560660362243652,
        15.09043574333191,
        14.687806367874146,
        15.982692241668701,
        15.984340906143188,
        15.678203105926514,
        16.22537136077881,
        15.901947021484375,
        15.145571231842041,
        15.690661668777466,
        16.304214000701904,
        16.04385018348694
    ],
    "SSIM": [
        0.8674540519714355,
        0.6618578433990479,
        0.5977568626403809,
        0.6596107482910156,
        0.7109291553497314,
        0.6502880454063416,
        0.6603748798370361,
        0.6379367113113403,
        0.5804778337478638,
        0.5816535353660583,
        0.628865122795105,
        0.6474079489707947,
        0.6457569599151611,
        0.6370663046836853,
        0.6158830523490906,
        0.6177837252616882,
        0.6114732027053833,
        0.563629150390625,
        0.6047725677490234,
        0.6606826782226562,
        0.6200207471847534,
        0.5821597576141357,
        0.6128017902374268,
        0.6181332468986511,
        0.5806864500045776,
        0.6006553173065186,
        0.6712392568588257,
        0.6713330149650574,
        0.6377288103103638,
        0.6042432188987732,
        0.5655526518821716,
        0.6651036739349365,
        0.6377700567245483,
        0.6101044416427612,
        0.6666799783706665,
        0.7070479393005371,
        0.5895517468452454,
        0.5618129968643188,
        0.5771670341491699,
        0.6723265647888184,
        0.7043923139572144,
        0.6601005792617798,
        0.7024849653244019,
        0.6366659998893738,
        0.5818402767181396,
        0.6419888734817505,
        0.7384559512138367,
        0.6605453491210938
    ],
    "MSE": [
        0.008287623524665833,
        0.028121095150709152,
        0.033972155302762985,
        0.026827311143279076,
        0.016891326755285263,
        0.01918983645737171,
        0.025438813492655754,
        0.03596348315477371,
        0.038218189030885696,
        0.03347393870353699,
        0.02914259396493435,
        0.02558017335832119,
        0.023049375042319298,
        0.020936578512191772,
        0.026821624487638474,
        0.03526035696268082,
        0.038490742444992065,
        0.03622542694211006,
        0.030310973525047302,
        0.024474725127220154,
        0.023015763610601425,
        0.028372747823596,
        0.029308218508958817,
        0.037918977439403534,
        0.03805617243051529,
        0.031233161687850952,
        0.023022636771202087,
        0.026318244636058807,
        0.025275975465774536,
        0.024927107617259026,
        0.03312452882528305,
        0.02651631459593773,
        0.03193330019712448,
        0.033668603748083115,
        0.02668519876897335,
        0.023728400468826294,
        0.027792908251285553,
        0.030971091240644455,
        0.033979687839746475,
        0.02521917223930359,
        0.02520960196852684,
        0.02705078199505806,
        0.023848600685596466,
        0.025692438706755638,
        0.030580386519432068,
        0.026973282918334007,
        0.02341955155134201,
        0.02486652135848999
    ],
    "LPIPS": [
        0.12425684183835983,
        0.3242519199848175,
        0.3624899685382843,
        0.2978402078151703,
        0.2273896336555481,
        0.2568061053752899,
        0.3053464889526367,
        0.3373865783214569,
        0.3458477556705475,
        0.3820548951625824,
        0.3449084162712097,
        0.3192633390426636,
        0.3238494396209717,
        0.31774479150772095,
        0.3759036064147949,
        0.36020615696907043,
        0.3651665449142456,
        0.40032047033309937,
        0.38064128160476685,
        0.32466089725494385,
        0.36328038573265076,
        0.37073588371276855,
        0.35562995076179504,
        0.3414187431335449,
        0.4070405662059784,
        0.3666083812713623,
        0.33426347374916077,
        0.35213160514831543,
        0.37208789587020874,
        0.3781670033931732,
        0.40382617712020874,
        0.3393947184085846,
        0.3339719772338867,
        0.3983711302280426,
        0.3551146686077118,
        0.29305213689804077,
        0.3937538266181946,
        0.40928465127944946,
        0.3938148617744446,
        0.29802829027175903,
        0.25720950961112976,
        0.3645409941673279,
        0.29166609048843384,
        0.3467139005661011,
        0.38910311460494995,
        0.30969738960266113,
        0.27717530727386475,
        0.3385940492153168
    ],
    "complexity": {
        "normal_roughness": [
            0.06410876661539078,
            0.053397804498672485,
            0.06395933032035828,
            0.06497576832771301,
            0.047121454030275345,
            0.038062889128923416,
            0.048051852732896805,
            0.04499365761876106,
            0.058595627546310425,
            0.06651663780212402,
            0.06394203007221222,
            0.05810993164777756,
            0.044879086315631866,
            0.039286576211452484,
            0.04210660234093666,
            0.035803381353616714,
            0.04299889877438545,
            0.05703718960285187,
            0.06013023108243942,
            0.05734991282224655,
            0.04252130165696144,
            0.053359176963567734,
            0.05312444269657135,
            0.04481443762779236,
            0.04325644299387932,
            0.05437088757753372,
            0.049904823303222656,
            0.046039730310440063,
            0.04345869645476341,
            0.05512499809265137,
            0.060779161751270294,
            0.05725979059934616,
            0.044547323137521744,
            0.042003240436315536,
            0.04105064272880554,
            0.032971132546663284,
            0.05878263711929321,
            0.0670146495103836,
            0.06518080830574036,
            0.058608464896678925,
            0.04837989807128906,
            0.03761466592550278,
            0.041441842913627625,
            0.04593678563833237,
            0.06311355531215668,
            0.0642261654138565,
            0.053115759044885635,
            0.05344916135072708
        ],