{"PSNR": [21.595873832702637, 18.90016198158264, 19.9873948097229, 18.54204297065735, 19.41459059715271, 18.557400703430176, 17.109817266464233, 16.741821765899658, 19.044675827026367, 17.18824028968811, 16.952069997787476, 16.961476802825928, 17.655301094055176, 18.152544498443604, 16.90762162208557, 15.863282680511475, 17.173380851745605, 16.47695541381836, 16.168055534362793, 15.670757293701172, 18.201192617416382, 16.93532705307007, 15.858505964279175, 15.566812753677368, 18.000227212905884, 15.704014301300049, 15.377715826034546, 15.472385883331299, 16.659644842147827, 17.098642587661743, 16.02579951286316, 15.461628437042236, 16.819621324539185, 15.974265336990356, 15.501708984375, 15.108226537704468, 18.483915328979492, 16.413464546203613, 16.257789134979248, 15.97599744796753, 16.882236003875732, 16.195656061172485, 15.8185875415802, 15.668482780456543, 17.619887590408325, 16.97092294692993, 17.32385516166687, 16.963642835617065], "SSIM": [0.8751725554466248, 0.7846710085868835, 0.7913448810577393, 0.76231849193573, 0.8130559921264648, 0.7402836084365845, 0.6931792497634888, 0.6896623969078064, 0.7751522064208984, 0.6958276629447937, 0.6777942180633545, 0.7128996849060059, 0.7529352903366089, 0.7461385726928711, 0.6687564849853516, 0.6403159499168396, 0.7096995711326599, 0.687972903251648, 0.6469688415527344, 0.6390809416770935, 0.785393476486206, 0.6878566741943359, 0.6381974220275879, 0.6389503479003906, 0.770616888999939, 0.646010160446167, 0.6281276941299438, 0.661946713924408, 0.7233898043632507, 0.7281690835952759, 0.6546038389205933, 0.6464905738830566, 0.7174531817436218, 0.692560613155365, 0.6531845331192017, 0.638759970664978, 0.7961449027061462, 0.7077239751815796, 0.6817986369132996, 0.7057681083679199, 0.7606257200241089, 0.7172123193740845, 0.6903666257858276, 0.695020318031311, 0.7799111604690552, 0.7599207758903503, 0.795915961265564, 0.7619093656539917], "MSE": [0.006924889981746674, 0.012882016599178314, 0.010029064491391182, 0.013989293947815895, 0.011443029157817364, 0.013939912430942059, 0.01945442520081997, 0.021174728870391846, 0.01246041338890791, 0.019106274470686913, 0.020174046978354454, 0.020130397751927376, 0.017158128321170807, 0.015301908366382122, 0.020381582900881767, 0.02592219039797783, 0.019171763211488724, 0.022506317123770714, 0.024165427312254906, 0.027097187936306, 0.015131453983485699, 0.02025197632610798, 0.02595072239637375, 0.0277535580098629, 0.015848105773329735, 0.026890486478805542, 0.028988679870963097, 0.028363605961203575, 0.021579211577773094, 0.019504543393850327, 0.02497008815407753, 0.02843395434319973, 0.020798780024051666, 0.025268152356147766, 0.028172746300697327, 0.030844470486044884, 0.014177787117660046, 0.022837763652205467, 0.023671245202422142, 0.025258077308535576, 0.020501069724559784, 0.024012340232729912, 0.026190347969532013, 0.027111386880278587, 0.017298612743616104, 0.020086660981178284, 0.01851886883378029, 0.02012035995721817], "LPIPS": [0.15620912611484528, 0.22651512920856476, 0.2308119237422943, 0.2737775444984436, 0.21046072244644165, 0.2622389495372772, 0.30642685294151306, 0.29941120743751526, 0.258637011051178, 0.2870384156703949, 0.3574851155281067, 0.3164002299308777, 0.24294573068618774, 0.2987753748893738, 0.3283175230026245, 0.34619301557540894, 0.28810665011405945, 0.34662213921546936, 0.3673970699310303, 0.37901169061660767, 0.2589772939682007, 0.32738184928894043, 0.372522234916687, 0.3557876646518707, 0.26693660020828247, 0.3486350178718567, 0.3655252456665039, 0.34749552607536316, 0.32716435194015503, 0.28794026374816895, 0.3233013153076172, 0.36243775486946106, 0.27427205443382263, 0.3008243441581726, 0.32614386081695557, 0.34408706426620483, 0.26016461849212646, 0.30622464418411255, 0.33687543869018555, 0.28055432438850403, 0.2594539225101471, 0.2637638747692108, 0.2989726662635803, 0.29826468229293823, 0.2570785880088806, 0.26421523094177246, 0.246803879737854, 0.27425599098205566]}