{
    "PSNR": [
        22.1738600730896,
        17.56569504737854,
        17.370526790618896,
        17.564280033111572,
        18.270219564437866,
        17.52056360244751,
        15.876737833023071,
        15.627750158309937,
        16.828272342681885,
        15.597001314163208,
        15.988749265670776,
        16.336252689361572,
        16.023414134979248,
        17.061764001846313,
        14.862204790115356,
        14.918416738510132,
        15.120096206665039,
        15.56243896484375,
        14.401531219482422,
        15.087412595748901,
        16.27202033996582,
        14.91584062576294,
        14.581762552261353,
        14.794061183929443,
        15.440500974655151,
        14.009286165237427,
        14.481745958328247,
        14.954054355621338,
        15.3403902053833,
        16.767231225967407,
        14.338587522506714,
        14.566973447799683,
        15.129168033599854,
        15.516538619995117,
        14.569487571716309,
        14.662460088729858,
        15.905382633209229,
        15.93542218208313,
        14.389914274215698,
        14.736491441726685,
        16.70080304145813,
        17.107295989990234,
        15.02756118774414,
        14.690444469451904,
        15.551068782806396,
        14.841111898422241,
        16.54247760772705,
        15.550768375396729
    ],
    "SSIM": [
        0.8839089870452881,
        0.7079875469207764,
        0.6972777843475342,
        0.6961036920547485,
        0.7396215200424194,
        0.7059187889099121,
        0.626318097114563,
        0.6182690858840942,
        0.7016769647598267,
        0.6324605941772461,
        0.6334353685379028,
        0.6477107405662537,
        0.6531883478164673,
        0.7079500555992126,
        0.5709285736083984,
        0.5844564437866211,
        0.6164816617965698,
        0.6535611748695374,
        0.5489515662193298,
        0.5635392665863037,
        0.7089767456054688,
        0.604827344417572,
        0.5614551305770874,
        0.5983850359916687,
        0.6620809435844421,
        0.5526825189590454,
        0.5313013792037964,
        0.5583307147026062,
        0.6400221586227417,
        0.7226958274841309,
        0.5808812975883484,
        0.5869516134262085,
        0.6401859521865845,
        0.6891120672225952,
        0.553989052772522,
        0.5456151366233826,
        0.6996070742607117,
        0.7131568193435669,
        0.6114836931228638,
        0.6249235272407532,
        0.7178791761398315,
        0.7164129018783569,
        0.6049151420593262,
        0.5915727615356445,
        0.6786805391311646,
        0.6546052694320679,
        0.7577955722808838,
        0.682790219783783
    ],
    "MSE": [
        0.006061971187591553,
        0.01751582697033882,
        0.018320923671126366,
        0.017521532252430916,
        0.014892860315740108,
        0.01769879087805748,
        0.025842010974884033,
        0.027366867288947105,
        0.020757392048835754,
        0.027561312541365623,
        0.0251840241253376,
        0.02324742078781128,
        0.024983808398246765,
        0.019670873880386353,
        0.032642215490341187,
        0.0322224423289299,
        0.03076028823852539,
        0.02778153494000435,
        0.036295004189014435,
        0.03099265694618225,
        0.023593803867697716,
        0.03224155306816101,
        0.034819602966308594,
        0.033158428966999054,
        0.028572609648108482,
        0.03972568362951279,
        0.03563079237937927,
        0.031959109008312225,
        0.029238905757665634,
        0.021051203832030296,
        0.036824874579906464,
        0.03493836894631386,
        0.030696099624037743,
        0.02807670645415783,
        0.034918151795864105,
        0.034178584814071655,
        0.025672122836112976,
        0.025495167821645737,
        0.03639223054051399,
        0.03360089287161827,
        0.02137567102909088,
        0.019465714693069458,
        0.03142273426055908,
        0.033959049731492996,
        0.02785435877740383,
        0.032801128923892975,
        0.022169314324855804,
        0.027856286615133286
    ],
    "LPIPS": [
        0.1537497192621231,
        0.28709495067596436,
        0.2565147876739502,
        0.2816831171512604,
        0.2233797162771225,
        0.2548648416996002,
        0.3618844151496887,
        0.3760960102081299,
        0.29267120361328125,
        0.36606135964393616,
        0.3687030076980591,
        0.3457191586494446,
        0.3713112771511078,
        0.25911611318588257,
        0.4093058705329895,
        0.39384427666664124,
        0.3674429953098297,
        0.3467540144920349,
        0.4496622085571289,
        0.43107378482818604,
        0.3318948745727539,
        0.38406503200531006,
        0.4201272428035736,
        0.40867263078689575,
        0.33479946851730347,
        0.38275328278541565,
        0.43112871050834656,
        0.4257155954837799,
        0.39225679636001587,
        0.299205482006073,
        0.3966750204563141,
        0.4086490273475647,
        0.3749089539051056,
        0.2758059501647949,
        0.3909332752227783,
        0.435788094997406,
        0.31887194514274597,
        0.34323176741600037,
        0.40014320611953735,
        0.37072375416755676,
        0.2796033024787903,
        0.2932240962982178,
        0.3594941198825836,
        0.3879762291908264,
        0.2767997980117798,
        0.3148826062679291,
        0.26774969696998596,
        0.3181445002555847
    ],
    "complexity": {
        "normal_roughness": [
            0.05632137507200241,
            0.060924969613552094,
            0.04763007164001465,
            0.04564090445637703,
            0.05136849731206894,
            0.06418410688638687,
            0.06797513365745544,
            0.05892565846443176,
            0.03993600606918335,
            0.03779936581850052,
            0.04215788468718529,
            0.03915335610508919,
            0.041292157024145126,
            0.053883641958236694,
            0.06531797349452972,
            0.06334979087114334,
            0.04716674983501434,
            0.04519433528184891,
            0.05363049730658531,
            0.05146206170320511,
            0.0373733714222908,
            0.05484122410416603,
            0.06129263713955879,
            0.05037157982587814,
            0.037474751472473145,
            0.055215686559677124,
            0.06345495581626892,
            0.05185817927122116,
            0.046608105301856995,
            0.04219143092632294,
            0.05318249762058258,
            0.05002174898982048,
            0.038460541516542435,
            0.05585145205259323,
            0.06414276361465454,
            0.0650738850235939,
            0.03889735788106918,
            0.03854067623615265,
            0.04015408828854561,
            0.03983869031071663,
            0.05095015466213226,
            0.06707705557346344,
            0.0646740049123764,
            0.05623245984315872,
            0.045629628002643585,
            0.045528899878263474,
            0.058131635189056396,
            0.06249111518263817
        ],