{"PSNR": [20.89853286743164, 18.612992763519287, 17.55627989768982, 15.798733234405518, 17.032874822616577, 16.836682558059692, 16.561487913131714, 17.604312896728516, 18.174774646759033, 16.046570539474487, 15.226526260375977, 14.94074821472168, 15.433924198150635, 16.6778302192688, 15.99213719367981, 16.260024309158325, 17.85199999809265, 16.898586750030518, 15.282130241394043, 14.784959554672241, 16.44241690635681, 16.129120588302612, 15.784215927124023, 16.629480123519897, 18.41133713722229, 16.2808895111084, 14.911806583404541, 14.967749118804932, 16.097426414489746, 16.18659019470215, 15.641992092132568, 16.090757846832275, 17.962957620620728, 17.89278507232666, 15.708584785461426, 15.030014514923096, 16.38068437576294, 16.030709743499756, 15.892753601074219, 16.926944255828857, 19.67991352081299, 17.40757942199707, 15.868668556213379, 16.142486333847046, 16.82395100593567, 16.839958429336548, 19.737415313720703, 17.93992280960083], "SSIM": [0.8891705274581909, 0.7995132207870483, 0.7935786247253418, 0.733466625213623, 0.8112589716911316, 0.7421185970306396, 0.6966713666915894, 0.7422314882278442, 0.8164570331573486, 0.6943990588188171, 0.655763566493988, 0.6879533529281616, 0.7306078672409058, 0.7603337168693542, 0.6634941697120667, 0.6570625901222229, 0.7779749631881714, 0.7236822843551636, 0.6438378691673279, 0.6380423307418823, 0.7917522192001343, 0.6901960372924805, 0.6344106197357178, 0.6845288276672363, 0.7971768379211426, 0.6820844411849976, 0.6307518482208252, 0.6782861948013306, 0.7778253555297852, 0.7327339053153992, 0.6558128595352173, 0.6532286405563354, 0.763390302658081, 0.7593268156051636, 0.6723566055297852, 0.6585718393325806, 0.7889308929443359, 0.6940574049949646, 0.6572010517120361, 0.7099875211715698, 0.8166369199752808, 0.7487993240356445, 0.6894068121910095, 0.7407645583152771, 0.7639574408531189, 0.7114278674125671, 0.8075582981109619, 0.771636426448822], "MSE": [0.008131053298711777, 0.013762607239186764, 0.017553837969899178, 0.026310360059142113, 0.01980215683579445, 0.020717233419418335, 0.022072484716773033, 0.017360759899020195, 0.015223778784275055, 0.02485094964504242, 0.030015623196959496, 0.03205717355012894, 0.02861591801047325, 0.021489044651389122, 0.02516438625752926, 0.02365906909108162, 0.016398346051573753, 0.020424023270606995, 0.029633771628141403, 0.03322799131274223, 0.022686025127768517, 0.024383049458265305, 0.02639845386147499, 0.021729614585638046, 0.014416715130209923, 0.023545674979686737, 0.03227151185274124, 0.03185848891735077, 0.02456163987517357, 0.024062514305114746, 0.0272772666066885, 0.024599388241767883, 0.01598469540476799, 0.01624506339430809, 0.02686220407485962, 0.03140497952699661, 0.02301079034805298, 0.024941876530647278, 0.02574688196182251, 0.020291099324822426, 0.010764867067337036, 0.018165279179811478, 0.025890067219734192, 0.02430812083184719, 0.02077805995941162, 0.020701613277196884, 0.010623276233673096, 0.016069702804088593], "LPIPS": [0.13933390378952026, 0.22833152115345, 0.24482733011245728, 0.31281110644340515, 0.22104765474796295, 0.26583346724510193, 0.3456016182899475, 0.2761571407318115, 0.25656309723854065, 0.33481600880622864, 0.3504813611507416, 0.3326818346977234, 0.30662116408348083, 0.30104050040245056, 0.3615158200263977, 0.39314156770706177, 0.27578336000442505, 0.30167630314826965, 0.3818914592266083, 0.37303242087364197, 0.26411867141723633, 0.34038111567497253, 0.39280712604522705, 0.3625006675720215, 0.2914377748966217, 0.3375099301338196, 0.3892557621002197, 0.3356846570968628, 0.2860061824321747, 0.32863685488700867, 0.36822181940078735, 0.3774997293949127, 0.2804009020328522, 0.30429187417030334, 0.3501935303211212, 0.3765025734901428, 0.2623269557952881, 0.34941384196281433, 0.35666120052337646, 0.3115079998970032, 0.24221356213092804, 0.27974429726600647, 0.3429681956768036, 0.29782232642173767, 0.2539646625518799, 0.31385672092437744, 0.19970358908176422, 0.24847057461738586]}