{"train_loss": [12.598527460026018, 3.3084259815288313, 2.7349780174818905, 2.252725639758688, 1.8678280796065474, 1.5764100087411477, 1.348318257115104, 1.2106295777992768, 1.0825414443557912, 0.9564086956959782, 0.8508204493107218, 0.7737103273019647, 0.727555535959475, 0.6470328213590564, 0.595719914002852, 0.5536892341619188, 0.5192465696596738, 0.5038251146674156, 0.4807576662437482, 0.4308875349209164, 0.3941117072195718, 0.38959754244847733, 0.37618427193074516, 0.3557941278047634, 0.3292651026086374, 0.31812265767066766, 0.3082866128985629, 0.30948059549837403, 0.26918131348987423, 0.26374373631269643, 0.2619003245211912, 0.24791509801465453, 0.23528925804703524, 0.2292908661519036, 0.2205624463431763, 0.21272362831867103, 0.20680512031822493, 0.20235286937518554, 0.18888692609740027, 0.1842132705404903, 0.1800819968296723, 0.17578667579500964, 0.16822352433633625, 0.16242876906286585, 0.15953470968613118, 0.1566984468111486, 0.15173363943556042, 0.14628805152958993, 0.1421252469221751, 0.13908087449204742, 0.13702200109308416, 0.13276278517688767, 0.1283281777449178, 0.12629032480445776, 0.12410522136047031, 0.12121450133960356, 0.19523490225388246, 0.22503551576625216, 0.1207016444567478, 0.07204426674623833, 0.07524351690698303, 0.12480569479027481, 0.19585235576625123, 0.22650035288410655, 0.1295457573607564, 0.06947099455829822, 0.06435929142559568, 0.10466735501293883, 0.13766969610570054, 0.12260141843421893, 0.09731909018009902, 0.08937955173579129, 0.09906120680159691, 0.10334003160171437, 0.09534710475779844, 0.09117542564530265, 0.09007679492686733, 0.09134070660467401, 0.09053877929620671, 0.08454222491180355, 0.08073624985744104, 0.08261830973805803, 0.08316098173064264, 0.08050153318961913, 0.0772840614261275, 0.07760564868874623, 0.07673976637253707, 0.07562046517251116, 0.07420420623807744, 0.07307863023809412, 0.07235972559587522, 0.07207960244268179, 0.06947082957309304, 0.06843070566202655, 0.06896029928360473, 0.0688713671837115, 0.06701076958384929, 0.06486616010184992, 0.06471925073049285, 0.06372849896945285], "val_loss": [3.874446240338412, 3.268811051050822, 2.942738496895992, 2.682389758572434, 2.5633120385083283, 2.4667349656422934, 2.415095652955951, 2.3831736615209866, 2.2402398109436037, 2.251133515618064, 2.2438069372466116, 2.3047178290107033, 2.2380149978579897, 2.178307645248644, 2.182462125835997, 2.1487679062467633, 2.122655237082279, 2.151406759926767, 2.1582580255739616, 2.095678007963932, 2.0939865350723266, 2.0826291597250735, 2.0743062149394644, 2.049580558863553, 2.0650757240526603, 2.0633731170134113, 2.078833311254328, 2.0254778854774704, 2.029478022546479, 2.0180807930050473, 2.0251103018269396, 2.039628256451, 2.0281401381348116, 2.004195276896159, 1.9987370534376665, 1.99931277217287, 2.016545872977286, 1.9823965274926387, 2.003180911324241, 1.9938561959700152, 2.0011536583755953, 1.977388519229311, 1.9607745148918845, 1.9662967298970078, 1.9642387773051406, 1.9913845163403134, 1.96485614343123, 1.9516897136514837, 1.9589205886378434, 1.9699182214158955, 1.95040267236305, 1.94204124176141, 1.9531430620135684, 1.9425369768431693, 1.948939432519855, 1.9516737526113337, 2.06825723286831, 2.004017468654748, 1.948111809383739, 1.9186248931017789, 1.945888922431252, 1.9592698256174723, 1.9840109890157527, 1.9544846751473166, 1.9248043334845342, 1.9113591136354389, 1.924402278842348, 1.9475434361082136, 1.9448241811810119, 1.9469730485569348, 1.9200107979051995, 1.9258112221053152, 1.9258263826370239, 1.931996145392909, 1.9293939944469567, 1.9224495201399832, 1.9273895465966426, 1.9201223106095284, 1.9181007862091064, 1.9051978169065533, 1.9201433116739446, 1.9216891859516954, 1.9241810242335002, 1.9044073899586995, 1.9245356415257309, 1.9204274119752827, 1.9327736182646318, 1.9161132884748053, 1.9147933931061716, 1.917341271313754, 1.9146349054394347, 1.902640014706236, 1.9033859671968403, 1.8982731486811781, 1.9144912524656816, 1.909757020256736, 1.9055425838990645, 1.9051760232809818, 1.908255607431585, 1.8998453169158012], "test_loss": [3.8358288680353474, 3.2132469046500423, 3.198708083809063, 3.0727057213424356, 3.102069180242477, 3.056849737705723, 3.0682556935535965, 2.9789413681594272, 2.9276107486858165, 2.9801886849505927, 3.0379941586525208, 3.0391151510259156, 2.9371931522123274, 2.889590821471266, 2.9201475324169284, 2.889901735705714, 2.9128519613255737, 3.0422407428423566, 2.9004261183482343, 2.870442373393684, 2.9080746865400706, 2.8623305029766533, 2.876020287249678, 2.8746444342597837, 2.829070214110036, 2.8364927657829817, 2.8599267514162166, 2.8378931553133073, 2.8338184345153072, 2.830705549063221, 2.8795228910702533, 2.803329709204294, 2.8487771614905326, 2.851571601885621, 2.8223871970048515, 2.855175962114847, 2.823798832842099, 2.814860040333963, 2.791104096558786, 2.8584287216586453, 2.7895166141371575, 2.780911762355476, 2.7739364324077482, 2.8225801729386855, 2.833570893413277, 2.7741860972937715, 2.7625827323364955, 2.799212349230243, 2.7829327093657628, 2.8187527811655433, 2.7582824528858225, 2.786102289506184, 2.7587135466196204, 2.7661535596334805, 2.7906046243444567, 2.764200423417553, 2.885004718201135, 2.8388879013638344, 2.79234781056963, 2.7723611929724292, 2.7723105192184447, 2.793417651871199, 2.8059412723587407, 2.807925985128649, 2.7457558543451372, 2.7450399227360243, 2.758954909668174, 2.792528921750284, 2.751674541158061, 2.7895944212393093, 2.7799859537873215, 2.7561409886165333, 2.757791220917497, 2.745023332103606, 2.746800586933731, 2.731853027465523, 2.7503275393798785, 2.7383539784980075, 2.762212228935252, 2.749523274584483, 2.733730913073786, 2.749419959129826, 2.7900036903478767, 2.744727170403286, 2.7343180564782954, 2.7559600077649598, 2.7242285273408378, 2.759598630634687, 2.7536340374459503, 2.7204472358508776, 2.7252541688821648, 2.7515087161653784, 2.713432170530801, 2.720319696331537, 2.731709217544525, 2.7587937844696864, 2.7222161386923123, 2.7147963361394023, 2.744307877908471, 2.732011836927424], "test_inclass_loss": [3.9091407616933185, 3.3394146449638136, 3.117770124926712, 2.897037896965489, 2.900069416653026, 2.8266435839913107, 2.7681736823284266, 2.7039103786150616, 2.6155940037785155, 2.6250138889659533, 2.60639072042523, 2.668875648758628, 2.6245423472288882, 2.575381144249078, 2.5596912456281258, 2.505223927353368, 2.4942821246204954, 2.568290443131418, 2.53830871256915, 2.480525537331899, 2.5053651881940437, 2.4654435912768045, 2.4580348469994284, 2.455431629310955, 2.4452311555544535, 2.4555213660904855, 2.46650212244554, 2.451567403114203, 2.430827057361603, 2.4294695445985504, 2.4174355543021, 2.4259902506163624, 2.4448521729671593, 2.423873787937742, 2.4022852590589814, 2.407416133447127, 2.4210836453871294, 2.3827910112612174, 2.4006462429509017, 2.40761749347051, 2.396131086349487, 2.3928452932473383, 2.3583989826115697, 2.401272442665967, 2.4170885638757187, 2.3975600930777463, 2.3671397772702303, 2.353003050702991, 2.374921422474312, 2.3907329880830015, 2.3523722536636122, 2.363578230865074, 2.345619004422968, 2.3653235245834696, 2.333225166978258, 2.3408479685133154, 2.481952118512356, 2.3791889172611813, 2.3635391571305013, 2.3359975298245748, 2.35835702401219, 2.377581872000839, 2.366716476823344, 2.3665835479895274, 2.3277979104807884, 2.324918022480878, 2.3382873836791878, 2.346666759071928, 2.3354487655740797, 2.367117819822196, 2.3276994315060704, 2.3285795121481923, 2.340075645302281, 2.3335872278069005, 2.327964983745055, 2.328009803006143, 2.313676302360766, 2.3285284049583206, 2.3238408397544514, 2.319286611405286, 2.310642551833933, 2.3155383827108325, 2.3256048047181332, 2.3241593207373765, 2.3198157478462567, 2.3202298933809455, 2.3178984374711007, 2.3224484830191643, 2.3078792031967277, 2.305768746137619, 2.310047676707759, 2.313296123345693, 2.3007605895851597, 2.3064106675711544, 2.2999731121641216, 2.308957619558681, 2.295814472075665, 2.2917609193108297, 2.304400374311389, 2.296977906335484],